year_country,year,country,gdp,gdp_percent_global,inflation_percent,gdp_deflator,real_gdp
1960AUS,1960,Australia,"$18,577,668,271",1.60%,3.73%,103.73%,"$17,909,843,595"
1960AUT,1960,Austria,"$6,592,693,841",0.57%,1.95%,101.95%,"$6,466,864,860"
1960BEL,1960,Belgium,"$11,658,722,590",1.01%,0.30%,100.30%,"$11,623,912,777"
1960BFA,1960,Burkina Faso,"$330,442,817",0.03%,7.79%,107.79%,"$306,566,891"
1960BOL,1960,Bolivia,"$563,110,051",0.05%,11.53%,111.53%,"$504,881,318"
1960CAN,1960,Canada,"$40,461,721,692",3.49%,1.36%,101.36%,"$39,919,339,364"
1960CHE,1960,Switzerland,"$9,522,746,719",0.82%,1.44%,101.44%,"$9,387,677,315"
1960COL,1960,Columbia,"$4,031,152,976",0.35%,5.81%,105.81%,"$3,809,656,633"
1960CRI,1960,Costa Rica,"$507,513,829",0.04%,0.79%,100.79%,"$503,534,867"
1960DNK,1960,Denmark,"$6,248,946,880",0.54%,1.26%,101.26%,"$6,171,480,596"
1960ECU,1960,Ecuador,"$1,010,325,138",0.09%,1.68%,101.68%,"$993,665,353"
1960ESP,1960,Spain,"$12,072,126,075",1.04%,1.18%,101.18%,"$11,931,599,150"
1960FIN,1960,Finland,"$5,224,102,195",0.45%,3.42%,103.42%,"$5,051,437,629"
1960FRA,1960,France,"$62,225,478,000",5.37%,4.14%,104.14%,"$59,751,792,191"
1960GBR,1960,United Kingdom,"$73,233,967,692",6.31%,1.00%,101.00%,"$72,506,311,961"
1960GRC,1960,Greece,"$4,335,186,016",0.37%,1.48%,101.48%,"$4,272,051,605"
1960GTM,1960,Guatemala,"$1,043,599,900",0.09%,-1.19%,98.81%,"$1,056,175,712"
1960HND,1960,Honduras,"$335,650,000",0.03%,-1.75%,98.25%,"$341,615,419"
1960HTI,1960,Haiti,"$273,187,200",0.02%,-5.03%,94.97%,"$287,656,439"
1960IND,1960,India,"$37,029,883,875",3.19%,1.78%,101.78%,"$36,382,322,968"
1960IRL,1960,Ireland,"$1,939,329,775",0.17%,0.45%,100.45%,"$1,930,625,794"
1960IRN,1960,Iran,"$4,199,134,389",0.36%,9.82%,109.82%,"$3,823,567,847"
1960IRQ,1960,Iraq,"$1,684,121,534",0.15%,3.48%,103.48%,"$1,627,512,768"
1960ISL,1960,Iceland,"$248,434,096",0.02%,1.99%,101.99%,"$243,590,548"
1960ISR,1960,Israel,"$2,598,500,000",0.22%,2.23%,102.23%,"$2,541,864,404"
1960ITA,1960,Italy,"$40,385,288,344",3.48%,2.35%,102.35%,"$39,457,962,534"
1960JAM,1960,Jamaica,"$699,050,678",0.06%,3.27%,103.27%,"$676,887,689"
1960JPN,1960,Japan,"$44,307,342,950",3.82%,3.57%,103.57%,"$42,778,230,182"
1960KEN,1960,Kenya,"$791,265,458",0.07%,1.24%,101.24%,"$781,544,752"
1960KOR,1960,South Korea,"$3,958,190,758",0.34%,7.97%,107.97%,"$3,666,160,345"
1960LKA,1960,Sri Lanka,"$1,409,873,949",0.12%,-1.54%,98.46%,"$1,431,993,622"
1960LUX,1960,Luxembourg,"$703,925,705",0.06%,0.45%,100.45%,"$700,774,879"
1960MAR,1960,Morocco,"$2,037,150,716",0.18%,3.42%,103.42%,"$1,969,702,221"
1960MEX,1960,Mexico,"$13,040,000,000",1.12%,4.93%,104.93%,"$12,427,626,366"
1960MYS,1960,Malaysia,"$1,916,241,996",0.17%,0.06%,100.06%,"$1,915,032,029"
1960NGA,1960,Nigeria,"$4,196,092,258",0.36%,5.44%,105.44%,"$3,979,438,594"
1960NLD,1960,Netherlands,"$12,276,734,172",1.06%,2.32%,102.32%,"$11,997,909,514"
1960NOR,1960,Norway,"$5,163,271,598",0.45%,0.36%,100.36%,"$5,144,725,257"
1960NZL,1960,New Zealand,"$5,485,854,791",0.47%,0.70%,100.70%,"$5,447,832,773"
1960PAK,1960,Pakistan,"$3,749,265,014",0.32%,6.95%,106.95%,"$3,505,710,397"
1960PAN,1960,Panama,"$537,147,100",0.05%,0.05%,100.05%,"$536,872,344"
1960PER,1960,Peru,"$2,571,908,062",0.22%,8.66%,108.66%,"$2,366,834,641"
1960PHL,1960,Philippines,"$6,684,568,805",0.58%,4.15%,104.15%,"$6,417,915,840"
1960PRT,1960,Portugal,"$3,193,200,404",0.28%,3.05%,103.05%,"$3,098,792,806"
1960SDN,1960,Sudan,"$1,307,333,333",0.11%,0.09%,100.09%,"$1,306,128,556"
1960SUR,1960,Suriname,"$99,650,000",0.01%,2.86%,102.86%,"$96,881,944"
1960SWE,1960,Sweden,"$15,822,585,033",1.36%,4.14%,104.14%,"$15,193,311,620"
1960SYR,1960,Syria,"$857,704,431",0.07%,5.12%,105.12%,"$815,937,337"
1960THA,1960,Thailand,"$2,760,747,471",0.24%,-0.77%,99.23%,"$2,782,054,232"
1960TTO,1960,Trinidad and Tobago,"$535,670,127",0.05%,2.08%,102.08%,"$524,755,218"
1960TUR,1960,Turkey,"$13,995,067,817",1.21%,5.66%,105.66%,"$13,244,785,188"
1960URY,1960,Uruguay,"$1,242,289,239",0.11%,38.50%,138.50%,"$896,933,593"
1960USA,1960,the United States,"$543,300,000,000",46.85%,1.46%,101.46%,"$535,492,645,817"
1960ZAF,1960,South Africa,"$7,575,396,973",0.65%,1.29%,101.29%,"$7,479,003,165"
1961AUS,1961,Australia,"$19,652,816,664",1.63%,2.29%,102.29%,"$19,213,296,803"
1961AUT,1961,Austria,"$7,311,749,633",0.61%,3.54%,103.54%,"$7,061,610,452"
1961BEL,1961,Belgium,"$12,400,145,221",1.03%,0.99%,100.99%,"$12,278,261,831"
1961BFA,1961,Burkina Faso,"$350,247,237",0.03%,18.56%,118.56%,"$295,412,381"
1961BOL,1961,Bolivia,"$612,518,906",0.05%,7.56%,107.56%,"$569,459,282"
1961CAN,1961,Canada,"$40,934,952,063",3.39%,1.02%,101.02%,"$40,522,126,113"
1961CHE,1961,Switzerland,"$10,712,712,465",0.89%,1.85%,101.85%,"$10,518,602,400"
1961CIV,1961,C ô te d'Ivoire,"$618,245,639",0.05%,11.62%,111.62%,"$553,901,692"
1961COL,1961,Columbia,"$4,540,447,761",0.38%,8.28%,108.28%,"$4,193,123,366"
1961CRI,1961,Costa Rica,"$490,325,181",0.04%,2.43%,102.43%,"$478,689,232"
1961DNK,1961,Denmark,"$6,933,842,098",0.57%,3.45%,103.45%,"$6,702,496,802"
1961ECU,1961,Ecuador,"$979,108,806",0.08%,3.99%,103.99%,"$941,580,962"
1961ESP,1961,Spain,"$13,834,300,571",1.15%,0.81%,100.81%,"$13,723,244,818"
1961FIN,1961,Finland,"$5,921,659,485",0.49%,1.69%,101.69%,"$5,823,189,243"
1961FRA,1961,France,"$67,461,644,222",5.59%,2.40%,102.40%,"$65,880,215,317"
1961GBR,1961,United Kingdom,"$77,741,965,703",6.44%,3.45%,103.45%,"$75,151,133,218"
1961GRC,1961,Greece,"$4,961,400,439",0.41%,2.10%,102.10%,"$4,859,183,655"
1961GTM,1961,Guatemala,"$1,076,699,900",0.09%,-0.55%,99.45%,"$1,082,690,811"
1961HND,1961,Honduras,"$356,200,000",0.03%,1.56%,101.56%,"$350,718,300"
1961HTI,1961,Haiti,"$271,066,000",0.02%,3.78%,103.78%,"$261,193,647"
1961IND,1961,India,"$39,232,435,784",3.25%,1.70%,101.70%,"$38,578,448,926"
1961IRL,1961,Ireland,"$2,088,012,282",0.17%,2.76%,102.76%,"$2,031,990,322"
1961IRN,1961,Iran,"$4,426,949,094",0.37%,3.16%,103.16%,"$4,291,235,992"
1961IRQ,1961,Iraq,"$1,831,700,364",0.15%,0.92%,100.92%,"$1,815,069,599"
1961ISL,1961,Iceland,"$253,885,656",0.02%,4.71%,104.71%,"$242,461,790"
1961ISR,1961,Israel,"$3,138,500,000",0.26%,6.79%,106.79%,"$2,938,950,454"
1961ITA,1961,Italy,"$44,842,760,293",3.71%,2.05%,102.05%,"$43,941,650,056"
1961JAM,1961,Jamaica,"$748,028,839",0.06%,6.70%,106.70%,"$701,068,137"
1961JPN,1961,Japan,"$53,508,617,739",4.43%,5.37%,105.37%,"$50,782,384,817"
1961KEN,1961,Kenya,"$792,959,472",0.07%,2.46%,102.46%,"$773,943,657"
1961KOR,1961,South Korea,"$2,417,558,289",0.20%,8.20%,108.20%,"$2,234,431,998"
1961LKA,1961,Sri Lanka,"$1,444,327,731",0.12%,1.13%,101.13%,"$1,428,126,441"
1961LUX,1961,Luxembourg,"$704,145,671",0.06%,0.48%,100.48%,"$700,764,946"
1961MEX,1961,Mexico,"$14,160,000,000",1.17%,1.61%,101.61%,"$13,935,806,365"
1961MYS,1961,Malaysia,"$1,901,868,548",0.16%,-0.18%,99.82%,"$1,905,305,867"
1961NGA,1961,Nigeria,"$4,467,200,335",0.37%,6.28%,106.28%,"$4,203,270,774"
1961NLD,1961,Netherlands,"$13,493,833,739",1.12%,1.31%,101.31%,"$13,319,660,613"
1961NOR,1961,Norway,"$5,632,460,936",0.47%,2.16%,102.16%,"$5,513,632,627"
1961NZL,1961,New Zealand,"$5,670,064,168",0.47%,1.80%,101.80%,"$5,569,933,239"
1961PAK,1961,Pakistan,"$4,118,647,627",0.34%,1.64%,101.64%,"$4,052,174,941"
1961PAN,1961,Panama,"$599,026,300",0.05%,0.61%,100.61%,"$595,371,844"
1961PER,1961,Peru,"$2,899,654,840",0.24%,5.92%,105.92%,"$2,737,674,601"
1961PHL,1961,Philippines,"$7,256,966,966",0.60%,1.60%,101.60%,"$7,142,991,043"
1961PRT,1961,Portugal,"$3,417,516,639",0.28%,1.55%,101.55%,"$3,365,386,898"
1961SDN,1961,Sudan,"$1,419,333,333",0.12%,8.76%,108.76%,"$1,305,007,961"
1961SGP,1961,Singapore,"$764,634,783",0.06%,0.40%,100.40%,"$761,588,429"
1961SUR,1961,Suriname,"$107,700,000",0.01%,1.71%,101.71%,"$105,889,916"
1961SWE,1961,Sweden,"$17,212,686,614",1.43%,2.16%,102.16%,"$16,849,087,829"
1961SYR,1961,Syria,"$945,244,992",0.08%,1.96%,101.96%,"$927,084,420"
1961THA,1961,Thailand,"$3,034,043,574",0.25%,7.39%,107.39%,"$2,825,336,264"
1961TTO,1961,Trinidad and Tobago,"$584,961,208",0.05%,1.52%,101.52%,"$576,187,272"
1961TUR,1961,Turkey,"$7,988,888,888",0.66%,3.17%,103.17%,"$7,743,207,972"
1961URY,1961,Uruguay,"$1,547,388,781",0.13%,22.75%,122.75%,"$1,260,629,957"
1961USA,1961,the United States,"$563,300,000,000",46.67%,1.07%,101.07%,"$557,332,506,271"
1961ZAF,1961,South Africa,"$7,972,996,814",0.66%,2.10%,102.10%,"$7,808,826,088"
1962AUS,1962,Australia,"$19,892,485,160",1.51%,-0.32%,99.68%,"$19,956,243,125"
1962AUT,1962,Austria,"$7,756,110,210",0.59%,4.38%,104.38%,"$7,430,519,795"
1962BEL,1962,Belgium,"$13,264,015,675",1.00%,1.40%,101.40%,"$13,080,289,015"
1962BFA,1962,Burkina Faso,"$379,567,023",0.03%,1.68%,101.68%,"$373,310,674"
1962BOL,1962,Bolivia,"$669,722,541",0.05%,5.88%,105.88%,"$632,533,784"
1962CAN,1962,Canada,"$42,227,447,631",3.20%,1.06%,101.06%,"$41,783,882,005"
1962CHE,1962,Switzerland,"$11,879,982,758",0.90%,4.32%,104.32%,"$11,388,457,733"
1962CIV,1962,C ô te d'Ivoire,"$645,284,344",0.05%,-1.34%,98.66%,"$654,056,875"
1962COL,1962,Columbia,"$4,955,543,963",0.38%,4.70%,104.70%,"$4,733,220,165"
1962CRI,1962,Costa Rica,"$479,180,824",0.04%,2.68%,102.68%,"$466,683,690"
1962DNK,1962,Denmark,"$7,812,968,114",0.59%,7.38%,107.38%,"$7,276,147,110"
1962ECU,1962,Ecuador,"$958,598,195",0.07%,2.87%,102.87%,"$931,845,966"
1962ESP,1962,Spain,"$16,138,545,209",1.22%,5.71%,105.71%,"$15,267,319,125"
1962FIN,1962,Finland,"$6,340,580,854",0.48%,4.38%,104.38%,"$6,074,285,235"
1962FRA,1962,France,"$75,607,529,809",5.73%,5.33%,105.33%,"$71,780,699,673"
1962GBR,1962,United Kingdom,"$81,247,564,156",6.15%,4.20%,104.20%,"$77,975,330,292"
1962GRC,1962,Greece,"$5,213,047,711",0.39%,-0.48%,99.52%,"$5,237,950,409"
1962GTM,1962,Guatemala,"$1,143,600,000",0.09%,2.05%,102.05%,"$1,120,599,140"
1962HND,1962,Honduras,"$387,750,000",0.03%,1.09%,101.09%,"$383,560,939"
1962HTI,1962,Haiti,"$281,896,800",0.02%,-0.55%,99.45%,"$283,469,786"
1962IND,1962,India,"$42,161,481,858",3.19%,3.63%,103.63%,"$40,683,760,228"
1962IRL,1962,Ireland,"$2,260,349,684",0.17%,4.26%,104.26%,"$2,167,915,675"
1962IRN,1962,Iran,"$4,693,566,416",0.36%,0.72%,100.72%,"$4,659,953,215"
1962IRQ,1962,Iraq,"$1,954,634,836",0.15%,1.29%,101.29%,"$1,929,696,173"
1962ISL,1962,Iceland,"$284,916,516",0.02%,11.02%,111.02%,"$256,643,876"
1962ISR,1962,Israel,"$2,510,000,000",0.19%,9.41%,109.41%,"$2,294,160,891"
1962ITA,1962,Italy,"$50,383,891,898",3.82%,4.69%,104.69%,"$48,126,221,724"
1962JAM,1962,Jamaica,"$777,712,445",0.06%,1.41%,101.41%,"$766,918,022"
1962JPN,1962,Japan,"$60,723,018,683",4.60%,6.84%,106.84%,"$56,837,898,066"
1962KEN,1962,Kenya,"$868,111,400",0.07%,3.12%,103.12%,"$841,866,172"
1962KOR,1962,South Korea,"$2,814,318,516",0.21%,6.62%,106.62%,"$2,639,620,240"
1962LKA,1962,Sri Lanka,"$1,434,156,378",0.11%,1.50%,101.50%,"$1,412,912,115"
1962LUX,1962,Luxembourg,"$741,509,480",0.06%,0.90%,100.90%,"$734,924,945"
1962MEX,1962,Mexico,"$15,200,000,000",1.15%,1.20%,101.20%,"$15,019,913,612"
1962MYS,1962,Malaysia,"$2,001,502,678",0.15%,0.11%,100.11%,"$1,999,334,594"
1962NGA,1962,Nigeria,"$4,909,302,953",0.37%,5.27%,105.27%,"$4,663,728,174"
1962NLD,1962,Netherlands,"$14,647,057,370",1.11%,2.43%,102.43%,"$14,299,420,910"
1962NOR,1962,Norway,"$6,066,976,682",0.46%,5.27%,105.27%,"$5,763,020,048"
1962NZL,1962,New Zealand,"$6,077,496,267",0.46%,2.68%,102.68%,"$5,918,821,311"
1962PAK,1962,Pakistan,"$4,310,163,796",0.33%,-0.52%,99.48%,"$4,332,539,727"
1962PAN,1962,Panama,"$652,120,900",0.05%,0.79%,100.79%,"$647,022,351"
1962PER,1962,Peru,"$3,286,773,187",0.25%,6.64%,106.64%,"$3,082,088,796"
1962PHL,1962,Philippines,"$4,399,827,767",0.33%,5.80%,105.80%,"$4,158,758,973"
1962PRT,1962,Portugal,"$3,668,222,357",0.28%,2.66%,102.66%,"$3,573,104,034"
1962SDN,1962,Sudan,"$1,541,666,666",0.12%,1.66%,101.66%,"$1,516,450,052"
1962SGP,1962,Singapore,"$826,244,609",0.06%,0.42%,100.42%,"$822,792,333"
1962SUR,1962,Suriname,"$116,150,000",0.01%,2.10%,102.10%,"$113,760,082"
1962SWE,1962,Sweden,"$18,667,251,380",1.41%,4.77%,104.77%,"$17,818,009,888"
1962SYR,1962,Syria,"$1,110,565,863",0.08%,-3.85%,96.15%,"$1,154,988,498"
1962THA,1962,Thailand,"$3,308,912,796",0.25%,3.70%,103.70%,"$3,190,971,350"
1962TTO,1962,Trinidad and Tobago,"$619,319,197",0.05%,2.98%,102.98%,"$601,377,972"
1962TUR,1962,Turkey,"$8,922,222,222",0.68%,3.89%,103.89%,"$8,588,282,302"
1962URY,1962,Uruguay,"$1,710,004,407",0.13%,10.91%,110.91%,"$1,541,830,420"
1962USA,1962,the United States,"$605,100,000,000",45.83%,1.20%,101.20%,"$597,932,148,762"
1962ZAF,1962,South Africa,"$8,497,996,604",0.64%,1.25%,101.25%,"$8,393,390,999"
1963AUS,1963,Australia,"$21,507,447,642",1.51%,0.64%,100.64%,"$21,370,457,530"
1963AUT,1963,Austria,"$8,374,175,257",0.59%,2.71%,102.71%,"$8,153,320,794"
1963BEL,1963,Belgium,"$14,260,017,387",1.00%,2.15%,102.15%,"$13,960,152,828"
1963BFA,1963,Burkina Faso,"$394,040,588",0.03%,5.57%,105.57%,"$373,235,674"
1963BOL,1963,Bolivia,"$721,142,957",0.05%,-0.71%,99.29%,"$726,273,039"
1963CAN,1963,Canada,"$45,029,988,561",3.17%,1.63%,101.63%,"$44,308,577,891"
1963CHE,1963,Switzerland,"$13,063,643,795",0.92%,3.44%,103.44%,"$12,629,173,347"
1963CIV,1963,C ô te d'Ivoire,"$761,047,045",0.05%,0.94%,100.94%,"$753,933,932"
1963COL,1963,Columbia,"$4,836,166,666",0.34%,26.36%,126.36%,"$3,827,430,649"
1963CRI,1963,Costa Rica,"$511,902,136",0.04%,2.93%,102.93%,"$497,322,537"
1963DNK,1963,Denmark,"$8,316,692,385",0.58%,6.11%,106.11%,"$7,838,169,561"
1963ECU,1963,Ecuador,"$1,038,389,642",0.07%,5.94%,105.94%,"$980,172,224"
1963ESP,1963,Spain,"$19,074,913,947",1.34%,8.74%,108.74%,"$17,541,167,307"
1963FIN,1963,Finland,"$6,885,920,328",0.48%,5.00%,105.00%,"$6,558,245,346"
1963FRA,1963,France,"$84,759,195,105",5.96%,5.00%,105.00%,"$80,723,694,207"
1963GAB,1963,Gabon,"$154,480,244",0.01%,7.16%,107.16%,"$144,160,738"
1963GBR,1963,United Kingdom,"$86,561,961,812",6.09%,2.02%,102.02%,"$84,849,242,884"
1963GRC,1963,Greece,"$5,895,278,024",0.41%,3.18%,103.18%,"$5,713,327,803"
1963GTM,1963,Guatemala,"$1,262,800,000",0.09%,0.15%,100.15%,"$1,260,890,370"
1963HND,1963,Honduras,"$410,200,000",0.03%,3.08%,103.08%,"$397,937,724"
1963HTI,1963,Haiti,"$294,883,400",0.02%,4.31%,104.31%,"$282,707,684"
1963IND,1963,India,"$48,421,923,458",3.41%,2.95%,102.95%,"$47,036,162,223"
1963IRL,1963,Ireland,"$2,430,843,768",0.17%,2.45%,102.45%,"$2,372,628,467"
1963IRN,1963,Iran,"$4,928,628,018",0.35%,0.37%,100.37%,"$4,910,368,831"
1963IRQ,1963,Iraq,"$1,978,437,692",0.14%,3.95%,103.95%,"$1,903,168,200"
1963ISL,1963,Iceland,"$340,061,650",0.02%,12.93%,112.93%,"$301,131,323"
1963ISR,1963,Israel,"$2,992,333,333",0.21%,6.58%,106.58%,"$2,807,563,709"
1963ITA,1963,Italy,"$57,710,743,059",4.06%,7.45%,107.45%,"$53,707,034,937"
1963JAM,1963,Jamaica,"$826,690,466",0.06%,1.76%,101.76%,"$812,372,380"
1963JPN,1963,Japan,"$69,498,131,797",4.89%,6.71%,106.71%,"$65,129,928,967"
1963KEN,1963,Kenya,"$926,589,348",0.07%,0.70%,100.70%,"$920,169,560"
1963KOR,1963,South Korea,"$3,988,784,572",0.28%,20.69%,120.69%,"$3,304,938,379"
1963LKA,1963,Sri Lanka,"$1,240,672,268",0.09%,2.27%,102.27%,"$1,213,099,660"
1963LUX,1963,Luxembourg,"$791,140,595",0.06%,2.88%,102.88%,"$769,021,069"
1963MEX,1963,Mexico,"$16,960,000,000",1.19%,0.59%,100.59%,"$16,859,843,257"
1963MYS,1963,Malaysia,"$2,510,126,747",0.18%,3.11%,103.11%,"$2,434,528,463"
1963NGA,1963,Nigeria,"$5,165,489,010",0.36%,-2.69%,97.31%,"$5,308,535,753"
1963NLD,1963,Netherlands,"$15,891,241,386",1.12%,3.24%,103.24%,"$15,391,979,836"
1963NOR,1963,Norway,"$6,510,239,502",0.46%,2.47%,102.47%,"$6,353,212,825"
1963NZL,1963,New Zealand,"$6,638,937,283",0.47%,1.97%,101.97%,"$6,510,772,817"
1963PAK,1963,Pakistan,"$4,630,827,383",0.33%,1.46%,101.46%,"$4,564,348,179"
1963PAN,1963,Panama,"$722,784,500",0.05%,0.45%,100.45%,"$719,547,346"
1963PER,1963,Peru,"$3,600,957,771",0.25%,6.07%,106.07%,"$3,394,883,460"
1963PHL,1963,Philippines,"$4,875,309,866",0.34%,5.63%,105.63%,"$4,615,653,973"
1963PRT,1963,Portugal,"$3,905,734,459",0.27%,2.02%,102.02%,"$3,828,341,371"
1963SDN,1963,Sudan,"$1,568,333,333",0.11%,4.69%,104.69%,"$1,498,098,970"
1963SGP,1963,Singapore,"$917,614,007",0.06%,2.21%,102.21%,"$897,815,385"
1963SUR,1963,Suriname,"$125,950,000",0.01%,2.06%,102.06%,"$123,410,685"
1963SWE,1963,Sweden,"$20,204,870,629",1.42%,2.87%,102.87%,"$19,640,836,795"
1963SYR,1963,Syria,"$1,200,447,429",0.08%,1.92%,101.92%,"$1,177,871,557"
1963THA,1963,Thailand,"$3,540,403,456",0.25%,0.00%,100.00%,"$3,540,403,456"
1963TTO,1963,Trinidad and Tobago,"$678,235,373",0.05%,3.76%,103.76%,"$653,650,256"
1963TUR,1963,Turkey,"$10,355,555,555",0.73%,6.36%,106.36%,"$9,736,077,479"
1963URY,1963,Uruguay,"$1,539,681,490",0.11%,21.25%,121.25%,"$1,269,791,228"
1963USA,1963,the United States,"$638,600,000,000",44.91%,1.24%,101.24%,"$630,780,408,166"
1963ZAF,1963,South Africa,"$9,423,396,234",0.66%,1.34%,101.34%,"$9,298,978,715"
1964AUS,1964,Australia,"$23,764,139,321",1.53%,2.87%,102.87%,"$23,101,980,640"
1964AUT,1964,Austria,"$9,169,983,885",0.59%,3.87%,103.87%,"$8,828,449,698"
1964BEL,1964,Belgium,"$15,960,106,680",1.02%,4.17%,104.17%,"$15,321,394,428"
1964BFA,1964,Burkina Faso,"$410,321,618",0.03%,1.85%,101.85%,"$402,887,841"
1964BOL,1964,Bolivia,"$812,543,072",0.05%,10.18%,110.18%,"$737,456,584"
1964CAN,1964,Canada,"$49,377,522,896",3.17%,1.91%,101.91%,"$48,451,068,359"
1964CHE,1964,Switzerland,"$14,480,556,571",0.93%,3.08%,103.08%,"$14,047,805,920"
1964CIV,1964,C ô te d'Ivoire,"$921,063,266",0.06%,0.62%,100.62%,"$915,404,305"
1964COD,1964,Congo (gold),"$2,881,545,272",0.18%,35.42%,135.42%,"$2,127,841,243"
1964COL,1964,Columbia,"$5,973,366,666",0.38%,17.07%,117.07%,"$5,102,282,749"
1964CRI,1964,Costa Rica,"$542,578,367",0.03%,3.32%,103.32%,"$525,123,101"
1964DNK,1964,Denmark,"$9,506,678,762",0.61%,3.09%,103.09%,"$9,221,478,399"
1964ECU,1964,Ecuador,"$1,156,150,890",0.07%,4.03%,104.03%,"$1,111,318,047"
1964ESP,1964,Spain,"$21,343,844,643",1.37%,6.98%,106.98%,"$19,951,388,043"
1964FIN,1964,Finland,"$7,766,655,085",0.50%,10.28%,110.28%,"$7,042,933,089"
1964FRA,1964,France,"$94,007,851,047",6.03%,3.21%,103.21%,"$91,083,001,267"
1964GAB,1964,Gabon,"$215,679,855",0.01%,3.33%,103.33%,"$208,732,389"
1964GBR,1964,United Kingdom,"$94,407,558,351",6.06%,3.28%,103.28%,"$91,407,927,726"
1964GRC,1964,Greece,"$6,669,673,257",0.43%,0.62%,100.62%,"$6,628,753,763"
1964GTM,1964,Guatemala,"$1,299,099,900",0.08%,-0.19%,99.81%,"$1,301,619,366"
1964HND,1964,Honduras,"$457,000,000",0.03%,4.47%,104.47%,"$437,437,358"
1964HTI,1964,Haiti,"$325,281,200",0.02%,9.16%,109.16%,"$297,979,851"
1964IND,1964,India,"$56,480,289,940",3.63%,13.36%,113.36%,"$49,825,909,593"
1964IRL,1964,Ireland,"$2,766,608,945",0.18%,6.72%,106.72%,"$2,592,465,525"
1964IRN,1964,Iran,"$5,379,845,647",0.35%,3.81%,103.81%,"$5,182,172,228"
1964IRQ,1964,Iraq,"$2,340,521,142",0.15%,-0.09%,99.91%,"$2,342,632,710"
1964ISL,1964,Iceland,"$434,267,936",0.03%,19.25%,119.25%,"$364,181,088"
1964ISR,1964,Israel,"$3,405,333,333",0.22%,5.17%,105.17%,"$3,237,847,560"
1964ITA,1964,Italy,"$63,175,417,019",4.06%,5.91%,105.91%,"$59,648,788,270"
1964JAM,1964,Jamaica,"$897,931,401",0.06%,2.01%,102.01%,"$880,209,071"
1964JPN,1964,Japan,"$81,749,006,381",5.25%,3.80%,103.80%,"$78,755,972,701"
1964KEN,1964,Kenya,"$998,759,333",0.06%,-0.10%,99.90%,"$999,752,136"
1964KOR,1964,South Korea,"$3,458,939,357",0.22%,29.46%,129.46%,"$2,671,762,481"
1964LKA,1964,Sri Lanka,"$1,309,747,899",0.08%,3.20%,103.20%,"$1,269,189,094"
1964LUX,1964,Luxembourg,"$903,158,753",0.06%,3.10%,103.10%,"$876,033,416"
1964MEX,1964,Mexico,"$20,080,000,000",1.29%,2.34%,102.34%,"$19,621,273,622"
1964MYS,1964,Malaysia,"$2,674,441,395",0.17%,-0.40%,99.60%,"$2,685,255,768"
1964NER,1964,Niger,"$582,816,358",0.04%,1.00%,101.00%,"$577,022,955"
1964NGA,1964,Nigeria,"$5,552,822,483",0.36%,0.86%,100.86%,"$5,505,650,447"
1964NLD,1964,Netherlands,"$18,699,380,731",1.20%,5.82%,105.82%,"$17,670,303,221"
1964NOR,1964,Norway,"$7,159,202,706",0.46%,5.87%,105.87%,"$6,762,448,795"
1964NZL,1964,New Zealand,"$7,274,144,350",0.47%,3.47%,103.47%,"$7,029,863,247"
1964PAK,1964,Pakistan,"$5,204,955,900",0.33%,4.18%,104.18%,"$4,996,137,973"
1964PAN,1964,Panama,"$776,137,500",0.05%,2.41%,102.41%,"$757,846,602"
1964PER,1964,Peru,"$4,356,913,870",0.28%,9.79%,109.79%,"$3,968,324,255"
1964PHL,1964,Philippines,"$5,271,404,668",0.34%,8.18%,108.18%,"$4,872,670,212"
1964PRT,1964,Portugal,"$4,235,608,177",0.27%,3.44%,103.44%,"$4,094,554,917"
1964SDN,1964,Sudan,"$1,611,333,333",0.10%,3.95%,103.95%,"$1,550,091,714"
1964SGP,1964,Singapore,"$894,159,153",0.06%,1.73%,101.73%,"$878,986,995"
1964SUR,1964,Suriname,"$134,400,000",0.01%,4.23%,104.23%,"$128,940,812"
1964SWE,1964,Sweden,"$22,532,416,750",1.45%,3.39%,103.39%,"$21,794,106,034"
1964SYR,1964,Syria,"$1,339,494,290",0.09%,5.40%,105.40%,"$1,270,908,857"
1964THA,1964,Thailand,"$3,889,129,942",0.25%,-0.79%,99.21%,"$3,920,180,880"
1964TTO,1964,Trinidad and Tobago,"$711,893,367",0.05%,0.86%,100.86%,"$705,796,712"
1964TUR,1964,Turkey,"$11,177,777,777",0.72%,1.12%,101.12%,"$11,054,012,869"
1964URY,1964,Uruguay,"$1,975,701,816",0.13%,42.37%,142.37%,"$1,387,729,103"
1964USA,1964,the United States,"$685,800,000,000",44.02%,1.28%,101.28%,"$677,139,978,504"
1964ZAF,1964,South Africa,"$10,373,995,854",0.67%,2.53%,102.53%,"$10,117,519,483"
1965AUS,1965,Australia,"$25,936,835,031",1.52%,3.41%,103.41%,"$25,082,627,889"
1965AUT,1965,Austria,"$9,994,070,615",0.59%,4.93%,104.93%,"$9,524,428,986"
1965BEL,1965,Belgium,"$17,371,457,607",1.02%,4.07%,104.07%,"$16,692,859,263"
1965BFA,1965,Burkina Faso,"$422,916,848",0.02%,-0.73%,99.27%,"$426,027,928"
1965BOL,1965,Bolivia,"$908,874,537",0.05%,2.86%,102.86%,"$883,601,020"
1965CAN,1965,Canada,"$54,515,179,580",3.20%,2.33%,102.33%,"$53,272,514,436"
1965CHE,1965,Switzerland,"$15,346,741,669",0.90%,3.41%,103.41%,"$14,840,031,953"
1965CIV,1965,C ô te d'Ivoire,"$919,771,356",0.05%,2.61%,102.61%,"$896,365,670"
1965COD,1965,Congo (gold),"$4,043,901,818",0.24%,-2.73%,97.27%,"$4,157,269,744"
1965COL,1965,Columbia,"$5,760,761,904",0.34%,7.59%,107.59%,"$5,354,331,535"
1965CRI,1965,Costa Rica,"$592,981,162",0.03%,-0.67%,99.33%,"$596,950,885"
1965DNK,1965,Denmark,"$10,678,897,387",0.63%,5.45%,105.45%,"$10,126,977,133"
1965ECU,1965,Ecuador,"$2,387,048,255",0.14%,3.07%,103.07%,"$2,315,969,514"
1965EGY,1965,Egypt,"$4,948,667,540",0.29%,14.84%,114.84%,"$4,309,221,909"
1965ESP,1965,Spain,"$24,756,958,694",1.45%,13.21%,113.21%,"$21,867,373,781"
1965FIN,1965,Finland,"$8,589,340,019",0.50%,4.94%,104.94%,"$8,184,955,104"
1965FRA,1965,France,"$101,537,248,148",5.95%,2.70%,102.70%,"$98,864,828,463"
1965GAB,1965,Gabon,"$226,474,285",0.01%,2.44%,102.44%,"$221,083,229"
1965GBR,1965,United Kingdom,"$101,824,755,078",5.97%,4.77%,104.77%,"$97,185,345,771"
1965GHA,1965,Garner,"$2,053,462,872",0.12%,26.44%,126.44%,"$1,623,999,657"
1965GRC,1965,Greece,"$7,689,154,053",0.45%,3.22%,103.22%,"$7,449,224,046"
1965GTM,1965,Guatemala,"$1,331,399,900",0.08%,-0.80%,99.20%,"$1,342,136,996"
1965HND,1965,Honduras,"$508,650,000",0.03%,3.19%,103.19%,"$492,943,468"
1965HTI,1965,Haiti,"$353,251,800",0.02%,2.26%,102.26%,"$345,431,431"
1965IND,1965,India,"$59,554,854,574",3.49%,9.47%,109.47%,"$54,400,535,192"
1965IRL,1965,Ireland,"$2,945,704,142",0.17%,4.99%,104.99%,"$2,805,749,873"
1965IRN,1965,Iran,"$6,197,319,929",0.36%,2.15%,102.15%,"$6,066,622,148"
1965ISL,1965,Iceland,"$523,694,949",0.03%,7.32%,107.32%,"$487,988,492"
1965ISR,1965,Israel,"$3,663,333,333",0.21%,7.71%,107.71%,"$3,401,160,543"
1965ITA,1965,Italy,"$67,978,153,850",3.99%,4.52%,104.52%,"$65,038,872,689"
1965JAM,1965,Jamaica,"$972,140,557",0.06%,2.63%,102.63%,"$947,213,876"
1965JPN,1965,Japan,"$90,950,278,257",5.33%,6.66%,106.66%,"$85,274,420,549"
1965KEN,1965,Kenya,"$997,919,319",0.06%,3.58%,103.58%,"$963,442,260"
1965KOR,1965,South Korea,"$3,120,833,333",0.18%,13.55%,113.55%,"$2,748,465,831"
1965LKA,1965,Sri Lanka,"$1,698,319,327",0.10%,0.22%,100.22%,"$1,694,544,165"
1965LUX,1965,Luxembourg,"$921,600,736",0.05%,3.33%,103.33%,"$891,868,694"
1965MDG,1965,Madagascar,"$833,563,472",0.05%,4.20%,104.20%,"$799,950,662"
1965MEX,1965,Mexico,"$21,840,000,000",1.28%,3.57%,103.57%,"$21,087,586,753"
1965MYS,1965,Malaysia,"$2,956,356,984",0.17%,-0.11%,99.89%,"$2,959,478,797"
1965NER,1965,Niger,"$673,383,604",0.04%,4.37%,104.37%,"$645,165,624"
1965NGA,1965,Nigeria,"$5,874,422,511",0.34%,4.10%,104.10%,"$5,642,869,682"
1965NLD,1965,Netherlands,"$21,000,586,933",1.23%,3.91%,103.91%,"$20,210,743,434"
1965NOR,1965,Norway,"$8,058,681,060",0.47%,4.19%,104.19%,"$7,734,807,318"
1965NPL,1965,Nepal,"$735,267,082",0.04%,8.47%,108.47%,"$677,841,256"
1965NZL,1965,New Zealand,"$5,654,463,586",0.33%,3.40%,103.40%,"$5,468,666,212"
1965PAK,1965,Pakistan,"$5,929,231,415",0.35%,5.57%,105.57%,"$5,616,470,638"
1965PAN,1965,Panama,"$852,485,300",0.05%,0.46%,100.46%,"$848,568,197"
1965PER,1965,Peru,"$5,166,861,068",0.30%,16.39%,116.39%,"$4,439,266,932"
1965PHL,1965,Philippines,"$5,784,398,976",0.34%,2.56%,102.56%,"$5,639,789,002"
1965PRT,1965,Portugal,"$4,687,464,054",0.27%,3.42%,103.42%,"$4,532,238,170"
1965PRY,1965,Paraguay,"$443,587,301",0.03%,3.86%,103.86%,"$427,104,081"
1965SDN,1965,Sudan,"$1,679,333,333",0.10%,-2.45%,97.55%,"$1,721,440,268"
1965SGP,1965,Singapore,"$974,650,463",0.06%,0.18%,100.18%,"$972,912,731"
1965SLV,1965,El Salvador,"$877,720,000",0.05%,0.46%,100.46%,"$873,727,288"
1965SUR,1965,Suriname,"$154,150,000",0.01%,1.93%,101.93%,"$151,224,953"
1965SWE,1965,Sweden,"$24,795,499,685",1.45%,5.01%,105.01%,"$23,611,889,658"
1965SYR,1965,Syria,"$1,472,036,550",0.09%,-3.88%,96.12%,"$1,531,440,769"
1965THA,1965,Thailand,"$4,388,937,649",0.26%,0.17%,100.17%,"$4,381,649,476"
1965TTO,1965,Trinidad and Tobago,"$736,568,861",0.04%,1.78%,101.78%,"$723,675,724"
1965TUR,1965,Turkey,"$11,966,666,666",0.70%,4.56%,104.56%,"$11,445,273,382"
1965URY,1965,Uruguay,"$1,890,769,326",0.11%,56.56%,156.56%,"$1,207,722,862"
1965USA,1965,the United States,"$743,700,000,000",43.60%,1.59%,101.59%,"$732,095,054,217"
1965ZAF,1965,South Africa,"$11,334,395,471",0.66%,4.07%,104.07%,"$10,891,228,263"
1966AUS,1966,Australia,"$27,268,451,114",1.47%,3.29%,103.29%,"$26,399,022,238"
1966AUT,1966,Austria,"$10,887,682,273",0.59%,2.05%,102.05%,"$10,668,464,468"
1966BDI,1966,Burundi,"$165,444,571",0.01%,4.44%,104.44%,"$158,415,880"
1966BEL,1966,Belgium,"$18,651,883,472",1.01%,4.17%,104.17%,"$17,904,487,907"
1966BFA,1966,Burkina Faso,"$433,889,831",0.02%,2.36%,102.36%,"$423,869,116"
1966BOL,1966,Bolivia,"$994,044,553",0.05%,6.95%,106.95%,"$929,431,657"
1966CAN,1966,Canada,"$61,088,384,036",3.30%,3.82%,103.82%,"$58,843,130,780"
1966CHE,1966,Switzerland,"$16,480,058,704",0.89%,4.78%,104.78%,"$15,728,851,944"
1966CIV,1966,C ô te d'Ivoire,"$1,024,103,034",0.06%,4.19%,104.19%,"$982,906,305"
1966COD,1966,Congo (gold),"$4,532,660,181",0.24%,15.78%,115.78%,"$3,914,887,042"
1966COL,1966,Columbia,"$5,428,518,518",0.29%,16.73%,116.73%,"$4,650,564,297"
1966CRI,1966,Costa Rica,"$647,305,630",0.03%,0.18%,100.18%,"$646,123,980"
1966DNK,1966,Denmark,"$11,931,739,858",0.64%,7.06%,107.06%,"$11,144,392,985"
1966ECU,1966,Ecuador,"$2,429,309,513",0.13%,5.45%,105.45%,"$2,303,673,454"
1966EGY,1966,Egypt,"$5,278,005,611",0.29%,9.04%,109.04%,"$4,840,588,687"
1966ESP,1966,Spain,"$28,721,062,242",1.55%,6.24%,106.24%,"$27,034,038,973"
1966FIN,1966,Finland,"$9,208,524,504",0.50%,3.87%,103.87%,"$8,865,120,411"
1966FRA,1966,France,"$110,045,852,177",5.95%,2.60%,102.60%,"$107,255,074,322"
1966GAB,1966,Gabon,"$245,849,781",0.01%,3.64%,103.64%,"$237,205,740"
1966GBR,1966,United Kingdom,"$108,572,752,102",5.87%,3.91%,103.91%,"$104,487,683,055"
1966GHA,1966,Garner,"$2,126,300,573",0.11%,13.24%,113.24%,"$1,877,728,964"
1966GMB,1966,Gambia,"$44,212,353",0.00%,0.24%,100.24%,"$44,106,901"
1966GRC,1966,Greece,"$8,591,517,943",0.46%,4.90%,104.90%,"$8,189,931,533"
1966GTM,1966,Guatemala,"$1,390,700,000",0.08%,0.68%,100.68%,"$1,381,248,641"
1966HND,1966,Honduras,"$549,950,000",0.03%,1.78%,101.78%,"$540,309,609"
1966HTI,1966,Haiti,"$368,948,600",0.02%,8.30%,108.30%,"$340,666,986"
1966IND,1966,India,"$45,865,462,033",2.48%,10.80%,110.80%,"$41,394,130,798"
1966IRL,1966,Ireland,"$3,104,034,393",0.17%,3.05%,103.05%,"$3,012,037,764"
1966IRN,1966,Iran,"$6,789,938,671",0.37%,-0.39%,99.61%,"$6,816,396,414"
1966ISL,1966,Iceland,"$628,893,310",0.03%,10.69%,110.69%,"$568,174,527"
1966ISR,1966,Israel,"$3,980,000,000",0.22%,7.93%,107.93%,"$3,687,562,723"
1966ITA,1966,Italy,"$73,654,870,011",3.98%,2.35%,102.35%,"$71,966,120,980"
1966JAM,1966,Jamaica,"$1,096,738,065",0.06%,1.90%,101.90%,"$1,076,263,247"
1966JPN,1966,Japan,"$105,628,070,343",5.71%,5.04%,105.04%,"$100,559,057,152"
1966KEN,1966,Kenya,"$1,164,519,673",0.06%,5.01%,105.01%,"$1,108,914,324"
1966KOR,1966,South Korea,"$3,928,908,380",0.21%,11.26%,111.26%,"$3,531,241,665"
1966LKA,1966,Sri Lanka,"$1,751,470,588",0.09%,-0.16%,99.84%,"$1,754,200,153"
1966LUX,1966,Luxembourg,"$968,440,149",0.05%,3.33%,103.33%,"$937,215,142"
1966MDG,1966,Madagascar,"$900,264,583",0.05%,3.21%,103.21%,"$872,251,578"
1966MEX,1966,Mexico,"$24,320,000,000",1.31%,4.22%,104.22%,"$23,336,195,387"
1966MYS,1966,Malaysia,"$3,143,538,481",0.17%,0.97%,100.97%,"$3,113,401,717"
1966NER,1966,Niger,"$702,296,184",0.04%,10.57%,110.57%,"$635,151,588"
1966NGA,1966,Nigeria,"$6,366,792,664",0.34%,9.69%,109.69%,"$5,804,332,734"
1966NLD,1966,Netherlands,"$22,867,203,317",1.24%,5.76%,105.76%,"$21,621,350,765"
1966NOR,1966,Norway,"$8,696,460,205",0.47%,3.25%,103.25%,"$8,422,675,793"
1966NPL,1966,Nepal,"$906,811,943",0.05%,14.39%,114.39%,"$792,744,211"
1966NZL,1966,New Zealand,"$5,863,733,230",0.32%,2.76%,102.76%,"$5,706,491,942"
1966PAK,1966,Pakistan,"$6,561,108,777",0.35%,7.23%,107.23%,"$6,118,860,681"
1966PAN,1966,Panama,"$928,833,000",0.05%,0.19%,100.19%,"$927,039,453"
1966PER,1966,Peru,"$6,113,607,728",0.33%,8.84%,108.84%,"$5,617,028,496"
1966PHL,1966,Philippines,"$6,371,459,304",0.34%,5.40%,105.40%,"$6,045,027,803"
1966PRT,1966,Portugal,"$5,135,387,845",0.28%,5.04%,105.04%,"$4,889,017,204"
1966PRY,1966,Paraguay,"$465,888,888",0.03%,2.87%,102.87%,"$452,876,856"
1966SDN,1966,Sudan,"$1,723,000,000",0.09%,1.71%,101.71%,"$1,693,991,027"
1966SGP,1966,Singapore,"$1,096,432,771",0.06%,2.01%,102.01%,"$1,074,873,027"
1966SLV,1966,El Salvador,"$929,520,000",0.05%,-1.19%,98.81%,"$940,689,326"
1966SUR,1966,Suriname,"$190,350,000",0.01%,4.74%,104.74%,"$181,729,076"
1966SWE,1966,Sweden,"$26,971,486,546",1.46%,6.40%,106.40%,"$25,347,996,006"
1966SWZ,1966,Eswatini,"$76,858,462",0.00%,3.18%,103.18%,"$74,491,480"
1966SYR,1966,Syria,"$1,342,287,556",0.07%,3.79%,103.79%,"$1,293,230,390"
1966THA,1966,Thailand,"$5,279,230,817",0.29%,4.04%,104.04%,"$5,074,465,759"
1966TTO,1966,Trinidad and Tobago,"$723,735,635",0.04%,4.09%,104.09%,"$695,268,839"
1966TUR,1966,Turkey,"$14,100,000,000",0.76%,8.47%,108.47%,"$12,998,746,674"
1966URY,1966,Uruguay,"$1,809,183,974",0.10%,73.46%,173.46%,"$1,042,981,601"
1966USA,1966,the United States,"$815,000,000,000",44.03%,3.02%,103.02%,"$791,146,341,463"
1966ZAF,1966,South Africa,"$12,354,995,063",0.67%,3.49%,103.49%,"$11,938,435,161"
1967AUS,1967,Australia,"$30,397,580,916",1.54%,3.48%,103.48%,"$29,375,813,490"
1967AUT,1967,Austria,"$11,579,431,668",0.59%,3.97%,103.97%,"$11,136,781,047"
1967BDI,1967,Burundi,"$178,297,142",0.01%,-1.09%,98.91%,"$180,260,767"
1967BEL,1967,Belgium,"$19,992,040,788",1.01%,2.73%,102.73%,"$19,460,704,646"
1967BFA,1967,Burkina Faso,"$450,753,993",0.02%,-4.33%,95.67%,"$471,173,493"
1967BHS,1967,Bahamas,"$390,196,078",0.02%,5.44%,105.44%,"$370,072,440"
1967BOL,1967,Bolivia,"$1,084,059,814",0.05%,11.20%,111.20%,"$974,873,933"
1967CAN,1967,Canada,"$65,668,655,501",3.32%,3.58%,103.58%,"$63,399,001,509"
1967CHE,1967,Switzerland,"$17,740,013,179",0.90%,4.01%,104.01%,"$17,056,852,758"
1967CIV,1967,C ô te d'Ivoire,"$1,082,922,892",0.05%,2.29%,102.29%,"$1,058,659,973"
1967COD,1967,Congo (gold),"$3,384,063,371",0.17%,36.93%,136.93%,"$2,471,444,721"
1967COL,1967,Columbia,"$5,825,170,438",0.29%,8.33%,108.33%,"$5,377,335,636"
1967CRI,1967,Costa Rica,"$699,456,618",0.04%,1.21%,101.21%,"$691,105,709"
1967DMA,1967,Dominica,"$1,034,800,000",0.05%,0.95%,100.95%,"$1,025,036,968"
1967DNK,1967,Denmark,"$13,059,064,374",0.66%,8.21%,108.21%,"$12,068,499,600"
1967ECU,1967,Ecuador,"$2,553,596,091",0.13%,3.82%,103.82%,"$2,459,682,033"
1967EGY,1967,Egypt,"$5,605,484,298",0.28%,0.70%,100.70%,"$5,566,413,780"
1967ESP,1967,Spain,"$31,647,119,228",1.60%,6.39%,106.39%,"$29,745,872,776"
1967FIN,1967,Finland,"$9,368,954,010",0.47%,5.38%,105.38%,"$8,890,824,847"
1967FRA,1967,France,"$118,972,977,486",6.02%,2.79%,102.79%,"$115,741,726,478"
1967GAB,1967,Gabon,"$271,543,680",0.01%,1.98%,101.98%,"$266,277,401"
1967GBR,1967,United Kingdom,"$113,116,888,210",5.72%,2.48%,102.48%,"$110,377,198,541"
1967GHA,1967,Garner,"$1,747,187,539",0.09%,-8.42%,91.58%,"$1,907,878,322"
1967GMB,1967,Gambia,"$46,695,363",0.00%,1.41%,101.41%,"$46,047,376"
1967GRC,1967,Greece,"$9,275,600,800",0.47%,1.84%,101.84%,"$9,107,891,991"
1967GTM,1967,Guatemala,"$1,453,500,000",0.07%,0.49%,100.49%,"$1,446,478,261"
1967HND,1967,Honduras,"$598,100,000",0.03%,2.09%,102.09%,"$585,845,053"
1967HTI,1967,Haiti,"$369,124,200",0.02%,-2.94%,97.06%,"$380,286,800"
1967IDN,1967,Indonesia,"$5,667,756,644",0.29%,106.00%,206.00%,"$2,751,338,177"
1967IND,1967,India,"$50,134,942,203",2.54%,13.06%,113.06%,"$44,342,796,357"
1967IRL,1967,Ireland,"$3,343,636,773",0.17%,3.18%,103.18%,"$3,240,482,021"
1967IRN,1967,Iran,"$7,555,383,690",0.38%,1.60%,101.60%,"$7,436,576,199"
1967ISL,1967,Iceland,"$621,225,962",0.03%,3.32%,103.32%,"$601,262,725"
1967ISR,1967,Israel,"$4,030,000,000",0.20%,1.71%,101.71%,"$3,962,397,802"
1967ITA,1967,Italy,"$81,133,120,065",4.11%,3.73%,103.73%,"$78,213,158,256"
1967JAM,1967,Jamaica,"$1,148,025,407",0.06%,3.02%,103.02%,"$1,114,333,111"
1967JPN,1967,Japan,"$123,781,880,217",6.26%,3.99%,103.99%,"$119,032,657,987"
1967KEN,1967,Kenya,"$1,232,559,505",0.06%,1.76%,101.76%,"$1,211,251,224"
1967KOR,1967,South Korea,"$4,855,907,141",0.25%,10.88%,110.88%,"$4,379,329,259"
1967LKA,1967,Sri Lanka,"$1,859,465,020",0.09%,2.19%,102.19%,"$1,819,628,987"
1967LUX,1967,Luxembourg,"$974,721,762",0.05%,2.17%,102.17%,"$954,055,424"
1967MDG,1967,Madagascar,"$956,436,931",0.05%,0.82%,100.82%,"$948,703,194"
1967MEX,1967,Mexico,"$26,560,000,000",1.34%,3.02%,103.02%,"$25,782,165,355"
1967MYS,1967,Malaysia,"$3,188,945,511",0.16%,4.58%,104.58%,"$3,049,417,518"
1967NER,1967,Niger,"$665,586,975",0.03%,0.43%,100.43%,"$662,732,828"
1967NGA,1967,Nigeria,"$5,203,135,937",0.26%,-3.73%,96.27%,"$5,404,526,806"
1967NLD,1967,Netherlands,"$25,087,562,181",1.27%,3.46%,103.46%,"$24,249,656,013"
1967NOR,1967,Norway,"$9,514,496,703",0.48%,4.58%,104.58%,"$9,097,880,225"
1967NPL,1967,Nepal,"$841,974,025",0.04%,-2.81%,97.19%,"$866,302,675"
1967NZL,1967,New Zealand,"$5,961,418,093",0.30%,6.06%,106.06%,"$5,620,960,980"
1967PAK,1967,Pakistan,"$7,464,510,709",0.38%,6.81%,106.81%,"$6,988,496,298"
1967PAN,1967,Panama,"$1,034,376,400",0.05%,1.38%,101.38%,"$1,020,338,435"
1967PER,1967,Peru,"$6,204,253,758",0.31%,9.78%,109.78%,"$5,651,348,301"
1967PHL,1967,Philippines,"$6,809,134,235",0.34%,6.25%,106.25%,"$6,408,358,494"
1967PRT,1967,Portugal,"$5,740,241,165",0.29%,5.53%,105.53%,"$5,439,621,773"
1967PRY,1967,Paraguay,"$492,674,603",0.02%,1.37%,101.37%,"$486,038,872"
1967RWA,1967,Rwanda,"$159,560,018",0.01%,1.45%,101.45%,"$157,274,928"
1967SDN,1967,Sudan,"$1,865,666,666",0.09%,11.01%,111.01%,"$1,680,575,540"
1967SGP,1967,Singapore,"$1,238,043,904",0.06%,3.34%,103.34%,"$1,197,997,241"
1967SLV,1967,El Salvador,"$976,200,000",0.05%,1.47%,101.47%,"$962,086,989"
1967SUR,1967,Suriname,"$220,700,000",0.01%,10.69%,110.69%,"$199,388,543"
1967SWE,1967,Sweden,"$29,275,995,674",1.48%,4.29%,104.29%,"$28,071,902,176"
1967SWZ,1967,Eswatini,"$74,758,504",0.00%,1.82%,101.82%,"$73,419,304"
1967SYR,1967,Syria,"$1,580,229,795",0.08%,6.45%,106.45%,"$1,484,423,314"
1967TGO,1967,Togo,"$231,706,475",0.01%,-2.32%,97.68%,"$237,206,925"
1967THA,1967,Thailand,"$5,638,461,442",0.29%,4.31%,104.31%,"$5,405,502,821"
1967TTO,1967,Trinidad and Tobago,"$761,981,474",0.04%,2.14%,102.14%,"$746,044,044"
1967TUR,1967,Turkey,"$15,644,444,444",0.79%,13.97%,113.97%,"$13,726,219,906"
1967URY,1967,Uruguay,"$1,597,721,080",0.08%,89.28%,189.28%,"$844,125,516"
1967USA,1967,the United States,"$861,700,000,000",43.61%,2.77%,102.77%,"$838,451,536,344"
1967ZAF,1967,South Africa,"$13,777,394,494",0.70%,3.54%,103.54%,"$13,306,479,318"
1968AUS,1968,Australia,"$32,665,472,057",1.53%,2.52%,102.52%,"$31,862,222,744"
1968AUT,1968,Austria,"$12,440,625,312",0.58%,2.76%,102.76%,"$12,105,913,218"
1968BDI,1968,Burundi,"$183,200,000",0.01%,6.06%,106.06%,"$172,736,864"
1968BEL,1968,Belgium,"$21,376,353,113",1.00%,2.70%,102.70%,"$20,814,071,416"
1968BFA,1968,Burkina Faso,"$460,442,678",0.02%,-0.29%,99.71%,"$461,766,626"
1968BHS,1968,Bahamas,"$444,901,960",0.02%,4.54%,104.54%,"$425,576,402"
1968BOL,1968,Bolivia,"$857,912,457",0.04%,5.47%,105.47%,"$813,413,658"
1968CAN,1968,Canada,"$71,829,810,519",3.36%,4.06%,104.06%,"$69,030,420,207"
1968CHE,1968,Switzerland,"$18,942,729,779",0.89%,2.40%,102.40%,"$18,499,514,296"
1968CIV,1968,C ô te d'Ivoire,"$1,281,281,245",0.06%,5.35%,105.35%,"$1,216,208,556"
1968COD,1968,Congo (gold),"$3,909,780,538",0.18%,53.32%,153.32%,"$2,550,050,798"
1968COL,1968,Columbia,"$5,960,212,869",0.28%,7.45%,107.45%,"$5,547,091,107"
1968CRI,1968,Costa Rica,"$773,841,494",0.04%,4.09%,104.09%,"$743,407,210"
1968DMA,1968,Dominica,"$1,079,100,000",0.05%,5.37%,105.37%,"$1,024,106,320"
1968DNK,1968,Denmark,"$13,505,573,866",0.63%,8.01%,108.01%,"$12,504,558,093"
1968ECU,1968,Ecuador,"$2,582,180,794",0.12%,4.32%,104.32%,"$2,475,305,610"
1968EGY,1968,Egypt,"$5,932,242,990",0.28%,-1.68%,98.32%,"$6,033,347,377"
1968ESP,1968,Spain,"$31,475,548,481",1.47%,4.95%,104.95%,"$29,989,746,635"
1968FIN,1968,Finland,"$8,823,033,880",0.41%,9.19%,109.19%,"$8,080,317,887"
1968FRA,1968,France,"$129,785,441,507",6.07%,4.54%,104.54%,"$124,145,267,668"
1968GAB,1968,Gabon,"$294,468,564",0.01%,2.34%,102.34%,"$287,747,912"
1968GBR,1968,United Kingdom,"$107,759,910,067",5.04%,4.70%,104.70%,"$102,925,078,617"
1968GHA,1968,Garner,"$1,666,910,166",0.08%,7.89%,107.89%,"$1,544,941,129"
1968GMB,1968,Gambia,"$41,160,658",0.00%,4.18%,104.18%,"$39,509,647"
1968GRC,1968,Greece,"$10,090,675,902",0.47%,0.14%,100.14%,"$10,076,663,235"
1968GTM,1968,Guatemala,"$1,610,500,000",0.08%,1.93%,101.93%,"$1,580,062,800"
1968HND,1968,Honduras,"$646,800,000",0.03%,1.86%,101.86%,"$634,981,568"
1968HTI,1968,Haiti,"$367,968,800",0.02%,1.32%,101.32%,"$363,188,470"
1968IDN,1968,Indonesia,"$7,076,465,295",0.33%,128.84%,228.84%,"$3,092,278,983"
1968IND,1968,India,"$53,085,455,870",2.48%,3.24%,103.24%,"$51,420,753,991"
1968IRL,1968,Ireland,"$3,278,584,478",0.15%,4.68%,104.68%,"$3,131,981,107"
1968IRN,1968,Iran,"$8,623,172,959",0.40%,0.69%,100.69%,"$8,564,050,138"
1968IRQ,1968,Iraq,"$2,896,947,633",0.14%,2.20%,102.20%,"$2,834,684,469"
1968ISL,1968,Iceland,"$474,399,471",0.02%,15.23%,115.23%,"$411,691,458"
1968ISR,1968,Israel,"$4,619,000,000",0.22%,2.08%,102.08%,"$4,524,916,938"
1968ITA,1968,Italy,"$87,942,231,678",4.11%,1.28%,101.28%,"$86,833,100,885"
1968JAM,1968,Jamaica,"$1,083,883,355",0.05%,5.93%,105.93%,"$1,023,219,746"
1968JPN,1968,Japan,"$146,601,072,685",6.85%,5.34%,105.34%,"$139,170,174,520"
1968KEN,1968,Kenya,"$1,353,295,457",0.06%,0.37%,100.37%,"$1,348,350,898"
1968KOR,1968,South Korea,"$6,119,284,294",0.29%,10.77%,110.77%,"$5,524,224,678"
1968LKA,1968,Sri Lanka,"$1,801,344,537",0.08%,5.86%,105.86%,"$1,701,619,968"
1968LUX,1968,Luxembourg,"$1,066,447,130",0.05%,2.63%,102.63%,"$1,039,164,600"
1968MDG,1968,Madagascar,"$1,031,669,636",0.05%,0.96%,100.96%,"$1,021,895,075"
1968MEX,1968,Mexico,"$29,360,000,000",1.37%,2.33%,102.33%,"$28,690,380,594"
1968MYS,1968,Malaysia,"$3,330,393,309",0.16%,-0.16%,99.84%,"$3,335,675,235"
1968NER,1968,Niger,"$641,214,210",0.03%,-2.92%,97.08%,"$660,521,919"
1968NGA,1968,Nigeria,"$5,200,895,982",0.24%,-0.48%,99.52%,"$5,225,773,751"
1968NLD,1968,Netherlands,"$27,817,605,743",1.30%,3.72%,103.72%,"$26,819,700,142"
1968NOR,1968,Norway,"$10,159,934,136",0.47%,3.45%,103.45%,"$9,821,268,015"
1968NPL,1968,Nepal,"$772,228,643",0.04%,1.18%,101.18%,"$763,223,597"
1968NZL,1968,New Zealand,"$5,180,597,620",0.24%,4.31%,104.31%,"$4,966,448,104"
1968PAK,1968,Pakistan,"$8,041,999,160",0.38%,0.17%,100.17%,"$8,028,300,683"
1968PAN,1968,Panama,"$1,112,791,100",0.05%,1.62%,101.62%,"$1,095,061,532"
1968PER,1968,Peru,"$5,736,083,835",0.27%,19.09%,119.09%,"$4,816,732,480"
1968PHL,1968,Philippines,"$7,591,603,053",0.35%,2.36%,102.36%,"$7,416,658,435"
1968PRT,1968,Portugal,"$6,354,262,628",0.30%,6.08%,106.08%,"$5,989,989,689"
1968PRY,1968,Paraguay,"$517,650,793",0.02%,0.71%,100.71%,"$514,011,215"
1968RWA,1968,Rwanda,"$172,200,018",0.01%,3.16%,103.16%,"$166,922,048"
1968SAU,1968,Saudi Arabia,"$4,187,777,711",0.20%,1.59%,101.59%,"$4,122,283,487"
1968SDN,1968,Sudan,"$1,947,333,333",0.09%,-10.03%,89.97%,"$2,164,518,894"
1968SEN,1968,Senegal,"$1,034,293,645",0.05%,0.06%,100.06%,"$1,033,690,659"
1968SGP,1968,Singapore,"$1,425,715,405",0.07%,0.66%,100.66%,"$1,416,432,234"
1968SLV,1968,El Salvador,"$1,009,760,100",0.05%,2.54%,102.54%,"$984,769,787"
1968SUR,1968,Suriname,"$241,350,000",0.01%,0.16%,100.16%,"$240,955,637"
1968SWE,1968,Sweden,"$31,066,819,929",1.45%,1.94%,101.94%,"$30,474,658,961"
1968SWZ,1968,Eswatini,"$79,798,404",0.00%,3.45%,103.45%,"$77,137,600"
1968SYR,1968,Syria,"$1,753,746,369",0.08%,2.85%,102.85%,"$1,705,169,587"
1968TGO,1968,Togo,"$241,956,910",0.01%,0.30%,100.30%,"$241,241,061"
1968THA,1968,Thailand,"$6,081,009,427",0.28%,1.79%,101.79%,"$5,974,052,406"
1968TTO,1968,Trinidad and Tobago,"$758,899,950",0.04%,8.23%,108.23%,"$701,178,566"
1968TUR,1968,Turkey,"$17,500,000,000",0.82%,6.05%,106.05%,"$16,502,235,304"
1968URY,1968,Uruguay,"$1,593,675,330",0.07%,125.34%,225.34%,"$707,240,885"
1968USA,1968,the United States,"$942,500,000,000",44.05%,4.27%,104.27%,"$903,887,757,546"
1968ZAF,1968,South Africa,"$14,894,594,048",0.70%,1.99%,101.99%,"$14,604,528,322"
1969AUS,1969,Australia,"$36,628,961,809",1.55%,3.28%,103.28%,"$35,466,137,624"
1969AUT,1969,Austria,"$13,582,798,556",0.58%,3.08%,103.08%,"$13,176,896,872"
1969BDI,1969,Burundi,"$190,205,714",0.01%,4.02%,104.02%,"$182,848,118"
1969BEL,1969,Belgium,"$23,710,735,894",1.00%,3.75%,103.75%,"$22,852,841,968"
1969BFA,1969,Burkina Faso,"$478,298,597",0.02%,9.66%,109.66%,"$436,182,835"
1969BHS,1969,Bahamas,"$528,137,254",0.02%,8.94%,108.94%,"$484,815,258"
1969BOL,1969,Bolivia,"$929,629,629",0.04%,2.21%,102.21%,"$909,531,276"
1969CAN,1969,Canada,"$79,148,411,661",3.35%,4.56%,104.56%,"$75,695,516,108"
1969CHE,1969,Switzerland,"$20,524,886,616",0.87%,2.49%,102.49%,"$20,026,421,771"
1969CIV,1969,C ô te d'Ivoire,"$1,361,360,157",0.06%,4.45%,104.45%,"$1,303,357,758"
1969CMR,1969,Cameroon,"$1,100,551,378",0.05%,-1.10%,98.90%,"$1,112,809,995"
1969COD,1969,Congo (gold),"$5,032,434,970",0.21%,6.18%,106.18%,"$4,739,701,715"
1969COL,1969,Columbia,"$6,450,175,213",0.27%,6.98%,106.98%,"$6,029,234,382"
1969CRI,1969,Costa Rica,"$853,630,203",0.04%,2.63%,102.63%,"$831,760,387"
1969DMA,1969,Dominica,"$1,230,500,000",0.05%,4.22%,104.22%,"$1,180,723,205"
1969DNK,1969,Denmark,"$15,414,902,266",0.65%,3.49%,103.49%,"$14,895,363,999"
1969ECU,1969,Ecuador,"$3,112,166,848",0.13%,6.33%,106.33%,"$2,926,985,782"
1969EGY,1969,Egypt,"$6,524,455,205",0.28%,3.41%,103.41%,"$6,309,318,774"
1969ESP,1969,Spain,"$36,038,711,599",1.53%,2.16%,102.16%,"$35,276,614,273"
1969FIN,1969,Finland,"$10,070,766,720",0.43%,2.21%,102.21%,"$9,853,438,209"
1969FRA,1969,France,"$141,903,068,680",6.01%,6.05%,106.05%,"$133,812,796,713"
1969GAB,1969,Gabon,"$318,124,701",0.01%,2.98%,102.98%,"$308,933,499"
1969GBR,1969,United Kingdom,"$116,464,702,803",4.93%,5.45%,105.45%,"$110,448,921,563"
1969GHA,1969,Garner,"$1,962,051,319",0.08%,7.32%,107.32%,"$1,828,275,093"
1969GMB,1969,Gambia,"$45,168,722",0.00%,5.01%,105.01%,"$43,012,898"
1969GRC,1969,Greece,"$11,615,657,031",0.49%,2.64%,102.64%,"$11,317,010,330"
1969GTM,1969,Guatemala,"$1,715,399,900",0.07%,2.10%,102.10%,"$1,680,162,184"
1969HND,1969,Honduras,"$668,000,050",0.03%,1.26%,101.26%,"$659,699,614"
1969HTI,1969,Haiti,"$391,820,400",0.02%,1.41%,101.41%,"$386,360,427"
1969IDN,1969,Indonesia,"$8,337,423,312",0.35%,15.48%,115.48%,"$7,219,806,617"
1969IND,1969,India,"$58,447,995,016",2.48%,-0.58%,99.42%,"$58,791,417,207"
1969IRL,1969,Ireland,"$3,787,077,343",0.16%,7.42%,107.42%,"$3,525,528,955"
1969IRN,1969,Iran,"$9,743,089,607",0.41%,3.59%,103.59%,"$9,405,144,472"
1969IRQ,1969,Iraq,"$3,008,120,974",0.13%,5.74%,105.74%,"$2,844,847,935"
1969ISL,1969,Iceland,"$414,709,311",0.02%,21.76%,121.76%,"$340,586,473"
1969ISR,1969,Israel,"$5,329,333,333",0.23%,2.46%,102.46%,"$5,201,478,177"
1969ITA,1969,Italy,"$97,085,082,807",4.11%,2.66%,102.66%,"$94,572,064,049"
1969JAM,1969,Jamaica,"$1,191,287,651",0.05%,6.30%,106.30%,"$1,120,648,065"
1969JPN,1969,Japan,"$172,204,199,480",7.30%,5.25%,105.25%,"$163,614,719,711"
1969KEN,1969,Kenya,"$1,458,379,415",0.06%,-0.17%,99.83%,"$1,460,884,847"
1969KOR,1969,South Korea,"$7,678,581,343",0.33%,12.39%,112.39%,"$6,832,112,361"
1969LKA,1969,Sri Lanka,"$1,965,546,218",0.08%,7.46%,107.46%,"$1,829,147,550"
1969LUX,1969,Luxembourg,"$1,234,878,980",0.05%,2.29%,102.29%,"$1,207,181,004"
1969MDG,1969,Madagascar,"$1,056,391,054",0.04%,3.83%,103.83%,"$1,017,434,771"
1969MEX,1969,Mexico,"$32,480,000,000",1.38%,3.37%,103.37%,"$31,422,019,544"
1969MYS,1969,Malaysia,"$3,664,575,983",0.16%,-0.41%,99.59%,"$3,679,626,207"
1969NER,1969,Niger,"$625,867,922",0.03%,10.65%,110.65%,"$565,650,674"
1969NGA,1969,Nigeria,"$6,634,187,316",0.28%,10.16%,110.16%,"$6,022,539,461"
1969NLD,1969,Netherlands,"$34,035,946,604",1.44%,7.42%,107.42%,"$31,684,397,166"
1969NOR,1969,Norway,"$11,063,065,083",0.47%,2.96%,102.96%,"$10,744,704,902"
1969NPL,1969,Nepal,"$788,641,965",0.03%,4.06%,104.06%,"$757,889,888"
1969NZL,1969,New Zealand,"$5,761,588,761",0.24%,4.93%,104.93%,"$5,491,136,954"
1969PAK,1969,Pakistan,"$8,683,116,337",0.37%,3.19%,103.19%,"$8,414,933,517"
1969PAN,1969,Panama,"$1,221,305,700",0.05%,1.83%,101.83%,"$1,199,386,270"
1969PER,1969,Peru,"$6,420,909,789",0.27%,6.24%,106.24%,"$6,043,996,607"
1969PHL,1969,Philippines,"$8,408,229,699",0.36%,1.96%,101.96%,"$8,246,959,554"
1969PRT,1969,Portugal,"$6,969,025,825",0.30%,8.78%,108.78%,"$6,406,369,094"
1969PRY,1969,Paraguay,"$556,293,650",0.02%,2.25%,102.25%,"$544,069,244"
1969RWA,1969,Rwanda,"$188,700,037",0.01%,0.48%,100.48%,"$187,789,372"
1969SAU,1969,Saudi Arabia,"$4,485,777,644",0.19%,3.50%,103.50%,"$4,334,258,044"
1969SDN,1969,Sudan,"$2,144,333,333",0.09%,12.61%,112.61%,"$1,904,265,131"
1969SEN,1969,Senegal,"$983,621,024",0.04%,4.02%,104.02%,"$945,583,478"
1969SGP,1969,Singapore,"$1,659,904,612",0.07%,-0.27%,99.73%,"$1,664,449,422"
1969SLV,1969,El Salvador,"$1,049,400,000",0.04%,-0.19%,99.81%,"$1,051,450,225"
1969SUR,1969,Suriname,"$259,650,000",0.01%,11.27%,111.27%,"$233,341,850"
1969SWE,1969,Sweden,"$33,738,102,482",1.43%,2.69%,102.69%,"$32,853,683,111"
1969SWZ,1969,Eswatini,"$105,417,891",0.00%,3.21%,103.21%,"$102,143,635"
1969SYR,1969,Syria,"$2,245,011,571",0.10%,-1.99%,98.01%,"$2,290,562,530"
1969TGO,1969,Togo,"$267,732,446",0.01%,6.02%,106.02%,"$252,540,186"
1969THA,1969,Thailand,"$6,695,336,567",0.28%,2.45%,102.45%,"$6,535,198,656"
1969TTO,1969,Trinidad and Tobago,"$779,200,000",0.03%,2.44%,102.44%,"$760,675,997"
1969TUR,1969,Turkey,"$19,466,666,666",0.82%,4.92%,104.92%,"$18,553,077,164"
1969URY,1969,Uruguay,"$2,004,435,483",0.08%,20.97%,120.97%,"$1,657,014,728"
1969USA,1969,the United States,"$1,019,900,000,000",43.21%,5.46%,105.46%,"$967,074,647,890"
1969ZAF,1969,South Africa,"$16,780,393,294",0.71%,3.24%,103.24%,"$16,254,050,641"
1970AUS,1970,Australia,"$41,271,138,985",1.47%,3.44%,103.44%,"$39,898,952,778"
1970AUT,1970,Austria,"$15,373,005,557",0.55%,4.37%,104.37%,"$14,728,935,087"
1970BDI,1970,Burundi,"$242,732,571",0.01%,-0.20%,99.80%,"$243,218,158"
1970BEL,1970,Belgium,"$26,706,196,046",0.95%,3.91%,103.91%,"$25,701,653,997"
1970BFA,1970,Burkina Faso,"$458,404,330",0.02%,1.77%,101.77%,"$450,420,167"
1970BHS,1970,Bahamas,"$538,423,153",0.02%,6.15%,106.15%,"$507,218,591"
1970BOL,1970,Bolivia,"$1,017,003,367",0.04%,3.96%,103.96%,"$978,306,368"
1970CAN,1970,Canada,"$87,896,095,320",3.13%,3.35%,103.35%,"$85,050,279,119"
1970CHE,1970,Switzerland,"$24,274,075,005",0.86%,3.62%,103.62%,"$23,426,959,254"
1970CIV,1970,C ô te d'Ivoire,"$1,455,482,990",0.05%,8.21%,108.21%,"$1,345,113,837"
1970CMR,1970,Cameroon,"$1,151,217,146",0.04%,5.86%,105.86%,"$1,087,509,884"
1970COD,1970,Congo (gold),"$4,877,684,910",0.17%,8.03%,108.03%,"$4,515,317,829"
1970COL,1970,Columbia,"$7,198,360,460",0.26%,6.91%,106.91%,"$6,733,189,779"
1970CRI,1970,Costa Rica,"$984,830,158",0.04%,4.65%,104.65%,"$941,049,725"
1970DEU,1970,Germany,"$215,838,448,137",7.69%,3.45%,103.45%,"$208,639,868,461"
1970DMA,1970,Dominica,"$1,485,500,000",0.05%,12.39%,112.39%,"$1,321,695,662"
1970DNK,1970,Denmark,"$17,075,457,600",0.61%,6.51%,106.51%,"$16,031,059,496"
1970DZA,1970,Algeria,"$4,863,487,492",0.17%,6.60%,106.60%,"$4,562,371,006"
1970ECU,1970,Ecuador,"$2,862,504,169",0.10%,5.13%,105.13%,"$2,722,823,656"
1970EGY,1970,Egypt,"$8,042,200,452",0.29%,3.76%,103.76%,"$7,750,554,929"
1970ESP,1970,Spain,"$40,992,995,008",1.46%,5.73%,105.73%,"$38,770,974,313"
1970FIN,1970,Finland,"$11,357,516,987",0.40%,2.74%,102.74%,"$11,054,575,151"
1970FJI,1970,Fiji Islands,"$219,878,482",0.01%,4.12%,104.12%,"$211,169,476"
1970FRA,1970,France,"$148,456,359,985",5.29%,5.30%,105.30%,"$140,984,677,847"
1970GAB,1970,Gabon,"$323,802,475",0.01%,3.81%,103.81%,"$311,910,377"
1970GBR,1970,United Kingdom,"$130,671,946,244",4.66%,6.37%,106.37%,"$122,850,580,017"
1970GHA,1970,Garner,"$2,215,029,450",0.08%,3.03%,103.03%,"$2,149,881,525"
1970GMB,1970,Gambia,"$52,296,836",0.00%,-1.99%,98.01%,"$53,356,003"
1970GRC,1970,Greece,"$13,139,863,636",0.47%,2.84%,102.84%,"$12,776,789,359"
1970GTM,1970,Guatemala,"$1,904,000,000",0.07%,2.34%,102.34%,"$1,860,386,233"
1970HND,1970,Honduras,"$723,000,000",0.03%,2.88%,102.88%,"$702,754,443"
1970HTI,1970,Haiti,"$331,200,000",0.01%,1.37%,101.37%,"$326,728,739"
1970IDN,1970,Indonesia,"$9,150,684,931",0.33%,12.40%,112.40%,"$8,141,217,540"
1970IND,1970,India,"$62,422,483,054",2.22%,5.09%,105.09%,"$59,397,792,085"
1970IRL,1970,Ireland,"$4,396,684,936",0.16%,8.21%,108.21%,"$4,063,209,598"
1970IRN,1970,Iran,"$10,976,245,153",0.39%,1.67%,101.67%,"$10,796,285,015"
1970IRQ,1970,Iraq,"$3,281,713,805",0.12%,4.36%,104.36%,"$3,144,741,589"
1970ISL,1970,Iceland,"$526,704,545",0.02%,13.37%,113.37%,"$464,578,853"
1970ISR,1970,Israel,"$7,073,333,333",0.25%,6.11%,106.11%,"$6,665,991,772"
1970ITA,1970,Italy,"$113,395,315,985",4.04%,4.97%,104.97%,"$108,028,132,795"
1970JAM,1970,Jamaica,"$1,404,776,071",0.05%,14.73%,114.73%,"$1,224,440,433"
1970JOR,1970,Jordan,"$639,596,751",0.02%,5.90%,105.90%,"$603,962,938"
1970JPN,1970,Japan,"$212,609,187,919",7.58%,6.92%,106.92%,"$198,841,085,503"
1970KEN,1970,Kenya,"$1,603,447,357",0.06%,2.19%,102.19%,"$1,569,107,025"
1970KOR,1970,South Korea,"$9,005,023,183",0.32%,15.95%,115.95%,"$7,766,275,631"
1970LKA,1970,Sri Lanka,"$2,296,470,588",0.08%,5.87%,105.87%,"$2,169,204,323"
1970LUX,1970,Luxembourg,"$1,509,155,304",0.05%,4.64%,104.64%,"$1,442,244,485"
1970MDG,1970,Madagascar,"$1,111,859,569",0.04%,2.88%,102.88%,"$1,080,748,648"
1970MEX,1970,Mexico,"$35,520,000,000",1.27%,5.00%,105.00%,"$33,827,472,179"
1970MLT,1970,Malta,"$250,721,821",0.01%,3.72%,103.72%,"$241,739,602"
1970MYS,1970,Malaysia,"$3,864,170,913",0.14%,1.84%,101.84%,"$3,794,208,144"
1970NER,1970,Niger,"$649,916,708",0.02%,1.12%,101.12%,"$642,732,000"
1970NGA,1970,Nigeria,"$12,545,849,083",0.45%,13.76%,113.76%,"$11,028,631,442"
1970NLD,1970,Netherlands,"$38,164,716,625",1.36%,3.67%,103.67%,"$36,814,035,119"
1970NOR,1970,Norway,"$12,814,123,115",0.46%,10.64%,110.64%,"$11,582,110,139"
1970NPL,1970,Nepal,"$865,975,308",0.03%,15.24%,115.24%,"$751,471,503"
1970NZL,1970,New Zealand,"$6,623,527,830",0.24%,6.52%,106.52%,"$6,218,271,799"
1970PAK,1970,Pakistan,"$10,027,509,449",0.36%,5.35%,105.35%,"$9,518,295,768"
1970PAN,1970,Panama,"$1,351,006,400",0.05%,3.08%,103.08%,"$1,310,596,834"
1970PER,1970,Peru,"$7,432,223,176",0.26%,5.03%,105.03%,"$7,076,606,981"
1970PHL,1970,Philippines,"$6,687,204,834",0.24%,14.38%,114.38%,"$5,846,406,171"
1970PRT,1970,Portugal,"$8,108,235,704",0.29%,6.38%,106.38%,"$7,621,944,624"
1970PRY,1970,Paraguay,"$594,611,111",0.02%,-0.86%,99.14%,"$599,766,440"
1970RWA,1970,Rwanda,"$219,900,006",0.01%,0.51%,100.51%,"$218,773,572"
1970SAU,1970,Saudi Arabia,"$5,377,268,848",0.19%,0.18%,100.18%,"$5,367,726,224"
1970SDN,1970,Sudan,"$2,437,666,666",0.09%,4.03%,104.03%,"$2,343,283,976"
1970SEN,1970,Senegal,"$1,024,832,915",0.04%,2.81%,102.81%,"$996,819,804"
1970SGP,1970,Singapore,"$1,920,586,698",0.07%,0.46%,100.46%,"$1,911,728,646"
1970SLV,1970,El Salvador,"$1,132,920,000",0.04%,2.82%,102.82%,"$1,101,870,888"
1970SUR,1970,Suriname,"$274,900,000",0.01%,2.59%,102.59%,"$267,964,953"
1970SWE,1970,Sweden,"$38,092,452,060",1.36%,7.02%,107.02%,"$35,594,980,495"
1970SWZ,1970,Eswatini,"$112,137,757",0.00%,1.85%,101.85%,"$110,101,388"
1970SYR,1970,Syria,"$2,140,383,695",0.08%,4.64%,104.64%,"$2,045,519,044"
1970TGO,1970,Togo,"$253,976,626",0.01%,4.48%,104.48%,"$243,084,914"
1970THA,1970,Thailand,"$7,086,538,437",0.25%,-0.09%,99.91%,"$7,092,783,000"
1970TTO,1970,Trinidad and Tobago,"$821,850,000",0.03%,2.52%,102.52%,"$801,617,960"
1970TUR,1970,Turkey,"$17,086,956,521",0.61%,7.92%,107.92%,"$15,832,404,384"
1970URY,1970,Uruguay,"$2,137,096,774",0.08%,16.31%,116.31%,"$1,837,475,376"
1970USA,1970,the United States,"$1,073,303,000,000",38.24%,5.84%,105.84%,"$1,014,097,404,169"
1970ZAF,1970,South Africa,"$18,418,392,640",0.66%,4.99%,104.99%,"$17,542,683,440"
1971AUS,1971,Australia,"$45,149,512,823",1.46%,6.14%,106.14%,"$42,538,456,660"
1971AUT,1971,Austria,"$17,858,486,066",0.58%,4.70%,104.70%,"$17,056,122,056"
1971BDI,1971,Burundi,"$252,842,285",0.01%,3.85%,103.85%,"$243,466,482"
1971BEL,1971,Belgium,"$29,821,661,869",0.96%,4.34%,104.34%,"$28,580,242,306"
1971BFA,1971,Burkina Faso,"$482,411,103",0.02%,2.06%,102.06%,"$472,668,376"
1971BHS,1971,Bahamas,"$573,400,000",0.02%,4.61%,104.61%,"$548,105,104"
1971BOL,1971,Bolivia,"$1,095,622,895",0.04%,3.67%,103.67%,"$1,056,789,941"
1971CAN,1971,Canada,"$99,271,961,774",3.20%,2.70%,102.70%,"$96,657,456,795"
1971CHE,1971,Switzerland,"$29,170,150,947",0.94%,6.57%,106.57%,"$27,370,994,928"
1971CHL,1971,Chile,"$10,884,114,754",0.35%,20.05%,120.05%,"$9,066,149,496"
1971CIV,1971,C ô te d'Ivoire,"$1,584,128,262",0.05%,-0.44%,99.56%,"$1,591,189,091"
1971CMR,1971,Cameroon,"$1,236,941,200",0.04%,4.01%,104.01%,"$1,189,206,114"
1971COD,1971,Congo (gold),"$5,594,770,359",0.18%,5.78%,105.78%,"$5,289,195,058"
1971COL,1971,Columbia,"$7,820,380,970",0.25%,12.06%,112.06%,"$6,978,947,574"
1971CRI,1971,Costa Rica,"$1,077,152,902",0.03%,3.08%,103.08%,"$1,044,936,989"
1971DEU,1971,Germany,"$249,985,055,484",8.06%,5.24%,105.24%,"$237,535,862,294"
1971DMA,1971,Dominica,"$1,666,500,000",0.05%,3.64%,103.64%,"$1,608,010,142"
1971DNK,1971,Denmark,"$19,085,731,252",0.62%,5.87%,105.87%,"$18,027,538,265"
1971DZA,1971,Algeria,"$5,077,222,366",0.16%,2.63%,102.63%,"$4,947,275,176"
1971ECU,1971,Ecuador,"$2,754,220,263",0.09%,8.38%,108.38%,"$2,541,168,086"
1971EGY,1971,Egypt,"$8,609,283,346",0.28%,3.14%,103.14%,"$8,347,147,707"
1971ESP,1971,Spain,"$46,619,420,359",1.50%,8.24%,108.24%,"$43,071,656,611"
1971FIN,1971,Finland,"$12,527,405,512",0.40%,6.48%,106.48%,"$11,765,499,371"
1971FJI,1971,Fiji Islands,"$247,749,327",0.01%,9.14%,109.14%,"$227,005,156"
1971FRA,1971,France,"$165,966,615,366",5.35%,5.40%,105.40%,"$157,467,289,062"
1971GAB,1971,Gabon,"$381,687,073",0.01%,3.86%,103.86%,"$367,489,976"
1971GBR,1971,United Kingdom,"$148,113,896,325",4.77%,9.44%,109.44%,"$135,332,008,172"
1971GHA,1971,Garner,"$2,417,107,708",0.08%,9.56%,109.56%,"$2,206,219,116"
1971GMB,1971,Gambia,"$55,728,608",0.00%,3.06%,103.06%,"$54,075,926"
1971GRC,1971,Greece,"$14,591,750,000",0.47%,3.29%,103.29%,"$14,127,044,991"
1971GTM,1971,Guatemala,"$1,984,800,000",0.06%,-0.45%,99.55%,"$1,993,843,914"
1971HND,1971,Honduras,"$731,000,000",0.02%,2.22%,102.22%,"$715,101,520"
1971HTI,1971,Haiti,"$362,800,000",0.01%,9.58%,109.58%,"$331,083,573"
1971IDN,1971,Indonesia,"$9,333,536,359",0.30%,4.23%,104.23%,"$8,954,428,343"
1971IND,1971,India,"$67,350,988,020",2.17%,3.08%,103.08%,"$65,338,599,227"
1971IRL,1971,Ireland,"$5,099,049,444",0.16%,8.96%,108.96%,"$4,679,669,249"
1971IRN,1971,Iran,"$13,731,801,564",0.44%,4.20%,104.20%,"$13,178,907,089"
1971IRQ,1971,Iraq,"$3,865,346,534",0.12%,3.60%,103.60%,"$3,731,177,481"
1971ISL,1971,Iceland,"$670,251,136",0.02%,6.73%,106.73%,"$627,976,543"
1971ISR,1971,Israel,"$6,735,000,000",0.22%,11.97%,111.97%,"$6,014,865,569"
1971ITA,1971,Italy,"$124,672,365,792",4.02%,4.79%,104.79%,"$118,971,643,905"
1971JAM,1971,Jamaica,"$1,539,865,513",0.05%,5.34%,105.34%,"$1,461,858,142"
1971JOR,1971,Jordan,"$678,241,388",0.02%,4.82%,104.82%,"$647,078,946"
1971JPN,1971,Japan,"$240,151,807,460",7.74%,6.40%,106.40%,"$225,716,452,914"
1971KEN,1971,Kenya,"$1,778,391,289",0.06%,3.78%,103.78%,"$1,713,613,179"
1971KOR,1971,South Korea,"$9,903,499,927",0.32%,13.51%,113.51%,"$8,724,651,048"
1971LKA,1971,Sri Lanka,"$2,369,308,600",0.08%,2.67%,102.67%,"$2,307,797,035"
1971LUX,1971,Luxembourg,"$1,572,311,184",0.05%,4.67%,104.67%,"$1,502,128,511"
1971MDG,1971,Madagascar,"$1,199,507,629",0.04%,5.39%,105.39%,"$1,138,205,243"
1971MEX,1971,Mexico,"$39,200,000,000",1.26%,5.47%,105.47%,"$37,167,309,090"
1971MLT,1971,Malta,"$264,579,879",0.01%,2.32%,102.32%,"$258,571,171"
1971MYS,1971,Malaysia,"$4,244,340,333",0.14%,1.61%,101.61%,"$4,176,964,395"
1971NER,1971,Niger,"$693,573,595",0.02%,4.19%,104.19%,"$665,671,209"
1971NGA,1971,Nigeria,"$9,181,769,911",0.30%,16.00%,116.00%,"$7,915,379,288"
1971NLD,1971,Netherlands,"$44,579,122,807",1.44%,7.48%,107.48%,"$41,477,563,859"
1971NOR,1971,Norway,"$14,583,114,840",0.47%,6.22%,106.22%,"$13,728,661,711"
1971NPL,1971,Nepal,"$882,765,471",0.03%,-2.00%,98.00%,"$900,776,532"
1971NZL,1971,New Zealand,"$7,911,136,757",0.26%,10.39%,110.39%,"$7,166,691,755"
1971PAK,1971,Pakistan,"$10,665,896,682",0.34%,4.73%,104.73%,"$10,184,117,503"
1971PAN,1971,Panama,"$1,523,917,200",0.05%,1.92%,101.92%,"$1,495,214,423"
1971PER,1971,Peru,"$8,289,582,883",0.27%,6.79%,106.79%,"$7,762,462,077"
1971PHL,1971,Philippines,"$7,408,305,735",0.24%,21.40%,121.40%,"$6,102,225,457"
1971PRT,1971,Portugal,"$9,201,604,240",0.30%,11.95%,111.95%,"$8,219,615,169"
1971PRY,1971,Paraguay,"$664,571,428",0.02%,4.95%,104.95%,"$633,207,056"
1971RWA,1971,Rwanda,"$222,952,578",0.01%,0.49%,100.49%,"$221,868,572"
1971SAU,1971,Saudi Arabia,"$7,184,863,276",0.23%,4.48%,104.48%,"$6,877,112,492"
1971SDN,1971,Sudan,"$2,656,000,000",0.09%,1.30%,101.30%,"$2,621,820,143"
1971SEN,1971,Senegal,"$1,058,120,427",0.03%,3.88%,103.88%,"$1,018,616,418"
1971SGP,1971,Singapore,"$2,263,785,443",0.07%,1.76%,101.76%,"$2,224,609,922"
1971SLV,1971,El Salvador,"$1,186,120,000",0.04%,0.45%,100.45%,"$1,180,855,643"
1971SUR,1971,Suriname,"$301,000,000",0.01%,0.22%,100.22%,"$300,352,585"
1971SWE,1971,Sweden,"$41,566,412,922",1.34%,7.40%,107.40%,"$38,704,039,741"
1971SWZ,1971,Eswatini,"$136,465,324",0.00%,2.32%,102.32%,"$133,368,949"
1971SYC,1971,Seychelles,"$21,965,951",0.00%,14.60%,114.60%,"$19,167,615"
1971SYR,1971,Syria,"$2,589,851,693",0.08%,5.61%,105.61%,"$2,452,292,357"
1971TGO,1971,Togo,"$286,537,524",0.01%,6.49%,106.49%,"$269,069,376"
1971THA,1971,Thailand,"$7,375,000,024",0.24%,0.48%,100.48%,"$7,339,429,284"
1971TTO,1971,Trinidad and Tobago,"$896,754,316",0.03%,3.53%,103.53%,"$866,169,685"
1971TUR,1971,Turkey,"$16,256,619,963",0.52%,19.01%,119.01%,"$13,659,715,605"
1971URY,1971,Uruguay,"$2,807,258,064",0.09%,23.95%,123.95%,"$2,264,774,592"
1971USA,1971,the United States,"$1,164,850,000,000",37.55%,4.29%,104.29%,"$1,116,903,920,561"
1971ZAF,1971,South Africa,"$20,333,691,315",0.66%,5.96%,105.96%,"$19,190,440,450"
1972AUS,1972,Australia,"$51,967,289,719",1.45%,6.02%,106.02%,"$49,014,602,803"
1972AUT,1972,Austria,"$22,059,612,476",0.62%,6.36%,106.36%,"$20,741,462,242"
1972BDI,1972,Burundi,"$246,804,571",0.01%,3.83%,103.83%,"$237,703,939"
1972BEL,1972,Belgium,"$37,209,418,018",1.04%,5.45%,105.45%,"$35,286,838,851"
1972BFA,1972,Burkina Faso,"$578,595,583",0.02%,-2.92%,97.08%,"$596,019,354"
1972BHS,1972,Bahamas,"$590,900,000",0.02%,6.83%,106.83%,"$553,117,582"
1972BOL,1972,Bolivia,"$1,257,615,644",0.04%,6.51%,106.51%,"$1,180,731,775"
1972CAN,1972,Canada,"$113,082,820,486",3.16%,4.99%,104.99%,"$107,710,204,537"
1972CHE,1972,Switzerland,"$35,777,236,928",1.00%,6.66%,106.66%,"$33,543,253,859"
1972CHL,1972,Chile,"$11,853,817,307",0.33%,77.80%,177.80%,"$6,667,098,590"
1972CIV,1972,C ô te d'Ivoire,"$1,849,400,599",0.05%,0.31%,100.31%,"$1,843,679,409"
1972CMR,1972,Cameroon,"$1,498,252,050",0.04%,8.09%,108.09%,"$1,386,077,893"
1972COD,1972,Congo (gold),"$6,173,712,814",0.17%,15.80%,115.80%,"$5,331,164,149"
1972COL,1972,Columbia,"$8,671,358,732",0.24%,12.03%,112.03%,"$7,740,534,913"
1972CRI,1972,Costa Rica,"$1,238,251,695",0.03%,4.60%,104.60%,"$1,183,784,292"
1972DEU,1972,Germany,"$299,801,542,047",8.39%,5.48%,105.48%,"$284,212,657,629"
1972DMA,1972,Dominica,"$1,987,400,000",0.06%,3.69%,103.69%,"$1,916,711,755"
1972DNK,1972,Denmark,"$23,232,379,951",0.65%,6.56%,106.56%,"$21,801,675,333"
1972DZA,1972,Algeria,"$6,766,766,610",0.19%,3.66%,103.66%,"$6,528,079,957"
1972ECU,1972,Ecuador,"$3,185,987,234",0.09%,7.88%,107.88%,"$2,953,217,753"
1972EGY,1972,Egypt,"$9,299,638,055",0.26%,2.10%,102.10%,"$9,108,151,614"
1972ESP,1972,Spain,"$59,132,415,221",1.65%,8.27%,108.27%,"$54,614,543,167"
1972FIN,1972,Finland,"$14,743,186,119",0.41%,6.66%,106.66%,"$13,822,277,200"
1972FJI,1972,Fiji Islands,"$316,650,508",0.01%,21.98%,121.98%,"$259,595,336"
1972FRA,1972,France,"$203,494,148,244",5.70%,6.06%,106.06%,"$191,861,575,009"
1972GAB,1972,Gabon,"$430,508,357",0.01%,3.49%,103.49%,"$416,001,986"
1972GBR,1972,United Kingdom,"$169,965,034,965",4.76%,7.07%,107.07%,"$158,740,348,715"
1972GHA,1972,Garner,"$2,112,292,944",0.06%,10.07%,110.07%,"$1,919,095,419"
1972GMB,1972,Gambia,"$59,161,544",0.00%,8.70%,108.70%,"$54,427,385"
1972GRC,1972,Greece,"$16,885,511,363",0.47%,4.33%,104.33%,"$16,184,526,933"
1972GTM,1972,Guatemala,"$2,101,300,000",0.06%,0.53%,100.53%,"$2,090,227,994"
1972HND,1972,Honduras,"$802,999,950",0.02%,3.61%,103.61%,"$775,004,600"
1972HTI,1972,Haiti,"$372,000,000",0.01%,3.19%,103.19%,"$360,501,118"
1972IDN,1972,Indonesia,"$10,997,590,361",0.31%,6.52%,106.52%,"$10,324,267,525"
1972IND,1972,India,"$71,463,193,830",2.00%,6.44%,106.44%,"$67,138,092,478"
1972IRL,1972,Ireland,"$6,319,051,927",0.18%,8.61%,108.61%,"$5,818,336,508"
1972IRN,1972,Iran,"$17,153,463,263",0.48%,6.40%,106.40%,"$16,121,942,473"
1972IRQ,1972,Iraq,"$4,113,848,002",0.12%,5.19%,105.19%,"$3,911,024,225"
1972ISL,1972,Iceland,"$839,652,164",0.02%,9.81%,109.81%,"$764,631,674"
1972ISR,1972,Israel,"$8,805,000,000",0.25%,12.88%,112.88%,"$7,800,217,947"
1972ITA,1972,Italy,"$145,260,039,840",4.07%,5.75%,105.75%,"$137,362,384,155"
1972JAM,1972,Jamaica,"$1,875,048,859",0.05%,5.43%,105.43%,"$1,778,516,278"
1972JOR,1972,Jordan,"$788,574,628",0.02%,7.66%,107.66%,"$732,483,546"
1972JPN,1972,Japan,"$318,031,297,492",8.90%,4.84%,104.84%,"$303,339,020,066"
1972KEN,1972,Kenya,"$2,107,279,157",0.06%,5.83%,105.83%,"$1,991,161,681"
1972KOR,1972,South Korea,"$10,862,327,878",0.30%,11.69%,111.69%,"$9,725,513,859"
1972LKA,1972,Sri Lanka,"$2,553,936,348",0.07%,6.35%,106.35%,"$2,401,456,220"
1972LUX,1972,Luxembourg,"$1,968,733,388",0.06%,5.23%,105.23%,"$1,870,962,847"
1972MAR,1972,Morocco,"$5,074,117,544",0.14%,3.76%,103.76%,"$4,890,283,448"
1972MDG,1972,Madagascar,"$1,341,590,681",0.04%,5.62%,105.62%,"$1,270,174,369"
1972MEX,1972,Mexico,"$45,200,000,000",1.27%,4.94%,104.94%,"$43,070,716,288"
1972MLT,1972,Malta,"$295,118,249",0.01%,3.37%,103.37%,"$285,489,375"
1972MYS,1972,Malaysia,"$5,043,268,548",0.14%,3.23%,103.23%,"$4,885,394,380"
1972NER,1972,Niger,"$742,779,740",0.02%,9.75%,109.75%,"$676,785,269"
1972NGA,1972,Nigeria,"$12,274,416,017",0.34%,3.46%,103.46%,"$11,864,193,751"
1972NLD,1972,Netherlands,"$54,706,557,264",1.53%,7.80%,107.80%,"$50,746,883,407"
1972NOR,1972,Norway,"$17,358,610,849",0.49%,7.26%,107.26%,"$16,183,911,983"
1972NPL,1972,Nepal,"$1,024,098,804",0.03%,8.39%,108.39%,"$944,836,264"
1972NZL,1972,New Zealand,"$9,567,331,064",0.27%,6.93%,106.93%,"$8,947,049,599"
1972PAK,1972,Pakistan,"$9,415,016,359",0.26%,5.18%,105.18%,"$8,951,061,566"
1972PAN,1972,Panama,"$1,673,411,700",0.05%,5.41%,105.41%,"$1,587,533,310"
1972PER,1972,Peru,"$9,189,413,409",0.26%,7.22%,107.22%,"$8,570,637,214"
1972PHL,1972,Philippines,"$8,017,468,688",0.22%,8.20%,108.20%,"$7,409,583,896"
1972PNG,1972,Papua New Guinea,"$858,802,035",0.02%,6.08%,106.08%,"$809,617,756"
1972PRT,1972,Portugal,"$11,239,117,865",0.31%,10.66%,110.66%,"$10,156,133,225"
1972PRY,1972,Paraguay,"$769,039,682",0.02%,9.18%,109.18%,"$704,375,381"
1972RWA,1972,Rwanda,"$246,457,838",0.01%,3.09%,103.09%,"$239,065,470"
1972SAU,1972,Saudi Arabia,"$9,664,067,929",0.27%,4.33%,104.33%,"$9,262,876,118"
1972SDN,1972,Sudan,"$2,882,000,000",0.08%,13.55%,113.55%,"$2,537,982,763"
1972SEN,1972,Senegal,"$1,280,328,245",0.04%,6.15%,106.15%,"$1,206,094,524"
1972SGP,1972,Singapore,"$2,721,440,980",0.08%,2.08%,102.08%,"$2,665,968,621"
1972SLB,1972,Solomon Islands,"$40,606,712",0.00%,6.88%,106.88%,"$37,993,679"
1972SLV,1972,El Salvador,"$1,263,720,000",0.04%,1.54%,101.54%,"$1,244,612,517"
1972SUR,1972,Suriname,"$311,950,000",0.01%,3.23%,103.23%,"$302,176,738"
1972SWE,1972,Sweden,"$48,954,145,808",1.37%,6.01%,106.01%,"$46,179,937,028"
1972SWZ,1972,Eswatini,"$146,741,251",0.00%,2.37%,102.37%,"$143,349,134"
1972SYC,1972,Seychelles,"$30,645,121",0.00%,20.94%,120.94%,"$25,338,903"
1972SYR,1972,Syria,"$3,059,682,162",0.09%,2.10%,102.10%,"$2,996,798,521"
1972TGO,1972,Togo,"$335,677,636",0.01%,7.73%,107.73%,"$311,601,417"
1972THA,1972,Thailand,"$8,177,884,552",0.23%,4.84%,104.84%,"$7,800,513,886"
1972TTO,1972,Trinidad and Tobago,"$1,083,381,044",0.03%,9.30%,109.30%,"$991,189,799"
1972TUR,1972,Turkey,"$20,431,095,406",0.57%,15.42%,115.42%,"$17,702,064,475"
1972URY,1972,Uruguay,"$2,189,418,001",0.06%,76.48%,176.48%,"$1,240,569,423"
1972USA,1972,the United States,"$1,279,110,000,000",35.80%,3.27%,103.27%,"$1,238,580,209,241"
1972ZAF,1972,South Africa,"$21,357,435,928",0.60%,6.43%,106.43%,"$20,067,929,300"
1973AUS,1973,Australia,"$63,737,347,853",1.46%,9.09%,109.09%,"$58,425,902,199"
1973AUT,1973,Austria,"$29,515,467,706",0.68%,7.53%,107.53%,"$27,448,313,775"
1973BDI,1973,Burundi,"$304,339,839",0.01%,6.01%,106.01%,"$287,095,468"
1973BEL,1973,Belgium,"$47,743,801,490",1.09%,6.96%,106.96%,"$44,639,031,800"
1973BFA,1973,Burkina Faso,"$674,773,518",0.02%,7.60%,107.60%,"$627,090,262"
1973BHS,1973,Bahamas,"$670,900,000",0.02%,5.48%,105.48%,"$636,034,170"
1973BOL,1973,Bolivia,"$1,262,968,515",0.03%,31.49%,131.49%,"$960,534,383"
1973CAN,1973,Canada,"$131,321,858,814",3.01%,7.49%,107.49%,"$122,173,907,546"
1973CHE,1973,Switzerland,"$48,114,943,440",1.10%,8.75%,108.75%,"$44,241,726,166"
1973CHL,1973,Chile,"$16,836,261,173",0.39%,352.81%,452.81%,"$3,718,165,343"
1973CIV,1973,C ô te d'Ivoire,"$2,508,421,234",0.06%,11.10%,111.10%,"$2,257,744,197"
1973CMR,1973,Cameroon,"$1,901,393,216",0.04%,10.38%,110.38%,"$1,722,514,422"
1973COD,1973,Congo (gold),"$7,870,239,461",0.18%,15.64%,115.64%,"$6,805,648,116"
1973COL,1973,Columbia,"$10,315,760,000",0.24%,22.60%,122.60%,"$8,414,237,419"
1973CRI,1973,Costa Rica,"$1,528,916,185",0.04%,15.21%,115.21%,"$1,327,022,524"
1973DEU,1973,Germany,"$398,374,021,953",9.12%,7.03%,107.03%,"$372,200,768,189"
1973DMA,1973,Dominica,"$2,344,800,000",0.05%,12.10%,112.10%,"$2,091,720,317"
1973DNK,1973,Denmark,"$30,730,626,663",0.70%,9.30%,109.30%,"$28,114,982,195"
1973DZA,1973,Algeria,"$8,707,847,924",0.20%,6.17%,106.17%,"$8,201,577,696"
1973ECU,1973,Ecuador,"$3,891,755,551",0.09%,13.01%,113.01%,"$3,443,673,013"
1973EGY,1973,Egypt,"$10,098,534,613",0.23%,5.11%,105.11%,"$9,607,387,293"
1973ESP,1973,Spain,"$78,639,525,985",1.80%,11.42%,111.42%,"$70,581,448,395"
1973FIN,1973,Finland,"$19,472,363,466",0.45%,10.75%,110.75%,"$17,581,559,584"
1973FJI,1973,Fiji Islands,"$425,963,359",0.01%,11.09%,111.09%,"$383,456,037"
1973FRA,1973,France,"$264,429,876,252",6.06%,7.38%,107.38%,"$246,254,792,422"
1973GAB,1973,Gabon,"$722,780,701",0.02%,6.21%,106.21%,"$680,538,703"
1973GBR,1973,United Kingdom,"$192,537,971,582",4.41%,9.20%,109.20%,"$176,323,228,965"
1973GHA,1973,Garner,"$2,465,492,957",0.06%,17.68%,117.68%,"$2,095,030,285"
1973GMB,1973,Gambia,"$75,187,969",0.00%,6.92%,106.92%,"$70,322,622"
1973GRC,1973,Greece,"$22,347,848,101",0.51%,15.38%,115.38%,"$19,368,133,563"
1973GTM,1973,Guatemala,"$2,569,200,100",0.06%,13.80%,113.80%,"$2,257,723,762"
1973HND,1973,Honduras,"$912,499,950",0.02%,5.19%,105.19%,"$867,451,447"
1973HTI,1973,Haiti,"$466,800,000",0.01%,22.74%,122.74%,"$380,319,463"
1973IDN,1973,Indonesia,"$16,273,253,012",0.37%,31.04%,131.04%,"$12,418,360,340"
1973IND,1973,India,"$85,515,269,585",1.96%,16.94%,116.94%,"$73,126,965,011"
1973IRL,1973,Ireland,"$7,482,346,131",0.17%,11.41%,111.41%,"$6,715,752,976"
1973IRN,1973,Iran,"$27,081,698,249",0.62%,9.82%,109.82%,"$24,660,193,791"
1973IRQ,1973,Iraq,"$5,134,367,778",0.12%,4.89%,104.89%,"$4,894,956,247"
1973ISL,1973,Iceland,"$1,154,440,252",0.03%,21.35%,121.35%,"$951,292,414"
1973ISR,1973,Israel,"$11,365,000,000",0.26%,20.03%,120.03%,"$9,468,278,974"
1973ITA,1973,Italy,"$175,492,055,795",4.02%,10.80%,110.80%,"$158,388,308,297"
1973JAM,1973,Jamaica,"$1,905,917,553",0.04%,17.68%,117.68%,"$1,619,540,767"
1973JOR,1973,Jordan,"$943,700,547",0.02%,11.13%,111.13%,"$849,188,369"
1973JPN,1973,Japan,"$432,082,670,450",9.89%,11.61%,111.61%,"$387,140,936,521"
1973KEN,1973,Kenya,"$2,508,998,457",0.06%,9.28%,109.28%,"$2,295,910,541"
1973KOR,1973,South Korea,"$13,876,531,432",0.32%,3.22%,103.22%,"$13,443,512,005"
1973KWT,1973,Kuwait,"$5,408,293,998",0.12%,8.27%,108.27%,"$4,995,345,442"
1973LKA,1973,Sri Lanka,"$2,875,625,000",0.07%,9.63%,109.63%,"$2,623,107,776"
1973LUX,1973,Luxembourg,"$2,701,874,353",0.06%,6.07%,106.07%,"$2,547,301,587"
1973MDG,1973,Madagascar,"$1,653,062,347",0.04%,6.12%,106.12%,"$1,557,727,818"
1973MEX,1973,Mexico,"$55,280,000,000",1.27%,12.08%,112.08%,"$49,321,059,456"
1973MLT,1973,Malta,"$345,602,025",0.01%,7.69%,107.69%,"$320,925,159"
1973MYS,1973,Malaysia,"$7,662,996,766",0.18%,10.56%,110.56%,"$6,931,064,205"
1973NER,1973,Niger,"$946,385,033",0.02%,11.79%,111.79%,"$846,611,711"
1973NGA,1973,Nigeria,"$15,162,871,287",0.35%,5.40%,105.40%,"$14,385,662,227"
1973NLD,1973,Netherlands,"$71,840,909,664",1.65%,8.02%,108.02%,"$66,505,684,054"
1973NOR,1973,Norway,"$22,534,253,702",0.52%,7.42%,107.42%,"$20,977,810,733"
1973NPL,1973,Nepal,"$972,101,724",0.02%,11.43%,111.43%,"$872,389,579"
1973NZL,1973,New Zealand,"$12,802,281,897",0.29%,8.17%,108.17%,"$11,835,699,466"
1973PAK,1973,Pakistan,"$6,383,429,490",0.15%,23.07%,123.07%,"$5,186,824,678"
1973PAN,1973,Panama,"$1,913,793,400",0.04%,6.86%,106.86%,"$1,790,995,068"
1973PER,1973,Peru,"$10,994,381,894",0.25%,9.49%,109.49%,"$10,041,535,463"
1973PHL,1973,Philippines,"$10,082,885,603",0.23%,16.58%,116.58%,"$8,648,895,877"
1973PNG,1973,Papua New Guinea,"$1,299,105,240",0.03%,8.34%,108.34%,"$1,199,065,376"
1973PRT,1973,Portugal,"$15,090,564,186",0.35%,12.97%,112.97%,"$13,357,483,052"
1973PRY,1973,Paraguay,"$995,531,746",0.02%,12.80%,112.80%,"$882,587,903"
1973RWA,1973,Rwanda,"$290,746,157",0.01%,9.37%,109.37%,"$265,828,280"
1973SAU,1973,Saudi Arabia,"$14,947,491,056",0.34%,16.51%,116.51%,"$12,828,949,016"
1973SDN,1973,Sudan,"$3,571,666,666",0.08%,15.29%,115.29%,"$3,098,009,300"
1973SEN,1973,Senegal,"$1,471,913,473",0.03%,11.29%,111.29%,"$1,322,648,482"
1973SGP,1973,Singapore,"$3,696,213,333",0.08%,19.64%,119.64%,"$3,089,530,544"
1973SLB,1973,Solomon Islands,"$55,272,108",0.00%,3.23%,103.23%,"$53,543,354"
1973SLV,1973,El Salvador,"$1,442,320,000",0.03%,6.39%,106.39%,"$1,355,666,168"
1973SUR,1973,Suriname,"$339,450,000",0.01%,12.94%,112.94%,"$300,555,654"
1973SWE,1973,Sweden,"$59,404,966,684",1.36%,6.72%,106.72%,"$55,665,368,665"
1973SWZ,1973,Eswatini,"$221,902,017",0.01%,11.54%,111.54%,"$198,937,603"
1973SYC,1973,Seychelles,"$36,896,278",0.00%,18.24%,118.24%,"$31,204,619"
1973SYR,1973,Syria,"$3,239,488,104",0.07%,20.36%,120.36%,"$2,691,506,392"
1973TGO,1973,Togo,"$406,479,906",0.01%,3.62%,103.62%,"$392,297,129"
1973THA,1973,Thailand,"$10,838,587,357",0.25%,15.51%,115.51%,"$9,383,282,495"
1973TTO,1973,Trinidad and Tobago,"$1,308,799,458",0.03%,14.81%,114.81%,"$1,139,962,512"
1973TUR,1973,Turkey,"$25,724,381,625",0.59%,13.94%,113.94%,"$22,577,493,302"
1973URY,1973,Uruguay,"$3,964,295,672",0.09%,97.00%,197.00%,"$2,012,360,763"
1973USA,1973,the United States,"$1,425,376,000,000",32.64%,6.18%,106.18%,"$1,342,443,087,084"
1973ZAF,1973,South Africa,"$29,295,674,714",0.67%,9.43%,109.43%,"$26,770,179,378"
1974AUS,1974,Australia,"$88,831,245,394",1.76%,15.42%,115.42%,"$76,965,699,978"
1974AUT,1974,Austria,"$35,189,299,911",0.70%,9.52%,109.52%,"$32,129,953,766"
1974BDI,1974,Burundi,"$345,263,492",0.01%,15.72%,115.72%,"$298,355,175"
1974BEL,1974,Belgium,"$56,033,077,879",1.11%,12.68%,112.68%,"$49,728,548,341"
1974BFA,1974,Burkina Faso,"$751,133,330",0.01%,8.72%,108.72%,"$690,890,387"
1974BHS,1974,Bahamas,"$632,400,000",0.01%,13.07%,113.07%,"$559,290,419"
1974BOL,1974,Bolivia,"$2,100,249,875",0.04%,62.84%,162.84%,"$1,289,793,964"
1974BRB,1974,Barbados,"$441,595,558",0.01%,38.92%,138.92%,"$317,870,897"
1974CAN,1974,Canada,"$160,408,697,341",3.19%,11.00%,111.00%,"$144,516,022,957"
1974CHE,1974,Switzerland,"$55,449,199,140",1.10%,9.77%,109.77%,"$50,515,172,908"
1974CHL,1974,Chile,"$16,210,404,183",0.32%,504.74%,604.74%,"$2,680,564,092"
1974CIV,1974,C ô te d'Ivoire,"$3,070,151,901",0.06%,17.36%,117.36%,"$2,616,025,817"
1974CMR,1974,Cameroon,"$2,157,415,245",0.04%,17.23%,117.23%,"$1,840,280,867"
1974COD,1974,Congo (gold),"$9,596,960,179",0.19%,29.47%,129.47%,"$7,412,538,404"
1974COL,1974,Columbia,"$12,370,029,583",0.25%,22.58%,122.58%,"$10,091,339,923"
1974CRI,1974,Costa Rica,"$1,666,544,754",0.03%,30.07%,130.07%,"$1,281,231,840"
1974DEU,1974,Germany,"$445,303,484,241",8.84%,6.99%,106.99%,"$416,224,257,738"
1974DMA,1974,Dominica,"$2,925,700,000",0.06%,34.38%,134.38%,"$2,177,247,710"
1974DNK,1974,Denmark,"$34,160,444,798",0.68%,15.28%,115.28%,"$29,633,817,989"
1974DZA,1974,Algeria,"$13,210,029,612",0.26%,4.70%,104.70%,"$12,617,075,946"
1974ECU,1974,Ecuador,"$6,599,259,420",0.13%,23.32%,123.32%,"$5,351,270,637"
1974EGY,1974,Egypt,"$9,228,963,224",0.18%,10.02%,110.02%,"$8,388,112,203"
1974ESP,1974,Spain,"$97,274,006,345",1.93%,15.68%,115.68%,"$84,088,599,895"
1974FIN,1974,Finland,"$24,848,821,490",0.49%,16.94%,116.94%,"$21,249,860,172"
1974FJI,1974,Fiji Islands,"$558,589,870",0.01%,14.50%,114.50%,"$487,857,936"
1974FRA,1974,France,"$285,552,373,158",5.67%,13.65%,113.65%,"$251,257,446,604"
1974GAB,1974,Gabon,"$1,544,216,003",0.03%,12.07%,112.07%,"$1,377,868,622"
1974GBR,1974,United Kingdom,"$206,131,369,798",4.09%,16.04%,116.04%,"$177,632,061,908"
1974GHA,1974,Garner,"$2,894,409,937",0.06%,18.13%,118.13%,"$2,450,092,622"
1974GMB,1974,Gambia,"$95,797,533",0.00%,9.24%,109.24%,"$87,697,518"
1974GRC,1974,Greece,"$25,351,306,818",0.50%,26.56%,126.56%,"$20,030,923,861"
1974GTM,1974,Guatemala,"$3,161,499,900",0.06%,16.49%,116.49%,"$2,713,852,701"
1974HND,1974,Honduras,"$1,034,500,000",0.02%,12.85%,112.85%,"$916,707,263"
1974HTI,1974,Haiti,"$565,400,000",0.01%,14.95%,114.95%,"$491,863,045"
1974IDN,1974,Indonesia,"$25,802,409,638",0.51%,40.49%,140.49%,"$18,365,777,500"
1974IND,1974,India,"$99,525,899,115",1.98%,28.60%,128.60%,"$77,392,596,301"
1974IRL,1974,Ireland,"$7,898,097,956",0.16%,16.98%,116.98%,"$6,751,888,729"
1974IRN,1974,Iran,"$46,209,092,072",0.92%,14.25%,114.25%,"$40,445,971,644"
1974IRQ,1974,Iraq,"$11,516,762,614",0.23%,7.70%,107.70%,"$10,693,372,901"
1974ISL,1974,Iceland,"$1,515,190,595",0.03%,42.52%,142.52%,"$1,063,170,914"
1974ISR,1974,Israel,"$16,397,500,000",0.33%,39.68%,139.68%,"$11,739,334,681"
1974ITA,1974,Italy,"$199,564,489,431",3.96%,19.16%,119.16%,"$167,476,397,544"
1974JAM,1974,Jamaica,"$2,375,096,249",0.05%,27.16%,127.16%,"$1,867,827,986"
1974JOR,1974,Jordan,"$1,197,454,206",0.02%,19.43%,119.43%,"$1,002,660,268"
1974JPN,1974,Japan,"$479,625,998,613",9.53%,23.22%,123.22%,"$389,236,533,923"
1974KEN,1974,Kenya,"$2,969,942,180",0.06%,17.81%,117.81%,"$2,520,960,436"
1974KOR,1974,South Korea,"$19,544,094,741",0.39%,24.30%,124.30%,"$15,722,795,218"
1974KWT,1974,Kuwait,"$13,004,774,556",0.26%,12.99%,112.99%,"$11,509,402,659"
1974LKA,1974,Sri Lanka,"$3,574,586,466",0.07%,12.30%,112.30%,"$3,182,987,159"
1974LSO,1974,Lesotho,"$150,846,210",0.00%,13.42%,113.42%,"$132,994,569"
1974LUX,1974,Luxembourg,"$3,295,860,604",0.07%,9.54%,109.54%,"$3,008,801,245"
1974MDG,1974,Madagascar,"$1,917,508,190",0.04%,22.10%,122.10%,"$1,570,428,631"
1974MEX,1974,Mexico,"$72,000,000,000",1.43%,23.78%,123.78%,"$58,165,830,010"
1974MLT,1974,Malta,"$376,094,108",0.01%,7.26%,107.26%,"$350,652,135"
1974MYS,1974,Malaysia,"$9,496,074,114",0.19%,17.33%,117.33%,"$8,093,545,205"
1974NER,1974,Niger,"$1,026,136,974",0.02%,3.40%,103.40%,"$992,419,439"
1974NGA,1974,Nigeria,"$24,846,641,318",0.49%,12.67%,112.67%,"$22,051,719,665"
1974NLD,1974,Netherlands,"$87,243,413,394",1.73%,9.59%,109.59%,"$79,607,884,692"
1974NOR,1974,Norway,"$27,145,693,810",0.54%,9.41%,109.41%,"$24,810,579,587"
1974NPL,1974,Nepal,"$1,217,953,546",0.02%,19.81%,119.81%,"$1,016,601,931"
1974NZL,1974,New Zealand,"$13,940,981,798",0.28%,11.11%,111.11%,"$12,547,076,616"
1974PAK,1974,Pakistan,"$8,899,191,919",0.18%,26.66%,126.66%,"$7,025,879,278"
1974PAN,1974,Panama,"$2,188,307,600",0.04%,16.27%,116.27%,"$1,882,122,636"
1974PER,1974,Peru,"$13,858,441,211",0.28%,16.89%,116.89%,"$11,855,799,139"
1974PHL,1974,Philippines,"$13,781,139,969",0.27%,34.16%,134.16%,"$10,271,892,546"
1974PNG,1974,Papua New Guinea,"$1,467,346,059",0.03%,23.17%,123.17%,"$1,191,344,019"
1974PRT,1974,Portugal,"$17,512,391,475",0.35%,25.08%,125.08%,"$14,000,641,635"
1974PRY,1974,Paraguay,"$1,333,475,396",0.03%,25.23%,125.23%,"$1,064,792,836"
1974RWA,1974,Rwanda,"$308,458,423",0.01%,31.09%,131.09%,"$235,305,839"
1974SAU,1974,Saudi Arabia,"$45,412,971,909",0.90%,21.44%,121.44%,"$37,396,319,874"
1974SDN,1974,Sudan,"$4,595,000,000",0.09%,26.16%,126.16%,"$3,642,255,167"
1974SEN,1974,Senegal,"$1,658,273,721",0.03%,16.60%,116.60%,"$1,422,176,842"
1974SGP,1974,Singapore,"$5,221,534,955",0.10%,22.37%,122.37%,"$4,267,060,824"
1974SLB,1974,Solomon Islands,"$84,539,332",0.00%,18.85%,118.85%,"$71,129,219"
1974SLV,1974,El Salvador,"$1,665,880,000",0.03%,16.90%,116.90%,"$1,425,058,790"
1974SUR,1974,Suriname,"$409,850,000",0.01%,16.88%,116.88%,"$350,670,209"
1974SWE,1974,Sweden,"$66,013,338,964",1.31%,9.91%,109.91%,"$60,060,324,577"
1974SWZ,1974,Eswatini,"$264,311,994",0.01%,19.29%,119.29%,"$221,575,088"
1974SYC,1974,Seychelles,"$43,134,498",0.00%,24.42%,124.42%,"$34,667,160"
1974SYR,1974,Syria,"$5,159,557,176",0.10%,15.53%,115.53%,"$4,466,055,496"
1974TGO,1974,Togo,"$560,437,742",0.01%,12.83%,112.83%,"$496,701,362"
1974THA,1974,Thailand,"$13,703,000,530",0.27%,24.31%,124.31%,"$11,022,933,097"
1974TTO,1974,Trinidad and Tobago,"$2,042,031,901",0.04%,22.02%,122.02%,"$1,673,454,031"
1974TUR,1974,Turkey,"$35,599,913,836",0.71%,23.90%,123.90%,"$28,733,205,870"
1974URY,1974,Uruguay,"$4,090,209,681",0.08%,77.21%,177.21%,"$2,308,070,023"
1974USA,1974,the United States,"$1,545,243,000,000",30.69%,11.05%,111.05%,"$1,391,423,813,479"
1974ZAF,1974,South Africa,"$36,807,721,037",0.73%,11.72%,111.72%,"$32,945,185,951"
1975AUS,1975,Australia,"$97,171,924,074",1.73%,15.16%,115.16%,"$84,378,128,431"
1975AUT,1975,Austria,"$40,059,206,763",0.71%,8.45%,108.45%,"$36,939,564,962"
1975BDI,1975,Burundi,"$420,986,666",0.01%,15.71%,115.71%,"$363,829,507"
1975BEL,1975,Belgium,"$65,678,189,097",1.17%,12.77%,112.77%,"$58,241,764,893"
1975BFA,1975,Burkina Faso,"$939,972,703",0.02%,18.76%,118.76%,"$791,509,659"
1975BHS,1975,Bahamas,"$596,200,000",0.01%,10.36%,110.36%,"$540,233,755"
1975BOL,1975,Bolivia,"$2,404,697,651",0.04%,7.98%,107.98%,"$2,227,051,416"
1975BRB,1975,Barbados,"$402,178,605",0.01%,20.29%,120.29%,"$334,328,427"
1975BWA,1975,Botswana,"$355,172,413",0.01%,11.97%,111.97%,"$317,189,721"
1975CAN,1975,Canada,"$173,834,029,689",3.09%,10.67%,110.67%,"$157,071,105,115"
1975CHE,1975,Switzerland,"$63,570,059,272",1.13%,6.70%,106.70%,"$59,580,213,537"
1975CHL,1975,Chile,"$7,622,217,352",0.14%,374.74%,474.74%,"$1,605,572,151"
1975CIV,1975,C ô te d'Ivoire,"$3,893,839,190",0.07%,11.44%,111.44%,"$3,493,980,263"
1975CMR,1975,Cameroon,"$2,857,037,371",0.05%,13.55%,113.55%,"$2,516,031,354"
1975COD,1975,Congo (gold),"$10,237,343,173",0.18%,28.66%,128.66%,"$7,957,022,139"
1975COL,1975,Columbia,"$13,098,633,901",0.23%,25.19%,125.19%,"$10,463,173,026"
1975CRI,1975,Costa Rica,"$1,960,863,465",0.03%,17.37%,117.37%,"$1,670,679,728"
1975CYP,1975,Cyprus,"$489,914,760",0.01%,4.64%,104.64%,"$468,193,012"
1975DEU,1975,Germany,"$490,636,517,211",8.73%,5.91%,105.91%,"$463,256,532,731"
1975DMA,1975,Dominica,"$3,599,200,000",0.06%,19.90%,119.90%,"$3,001,765,052"
1975DNK,1975,Denmark,"$40,474,406,216",0.72%,9.61%,109.61%,"$36,927,311,886"
1975DZA,1975,Algeria,"$15,557,934,268",0.28%,8.23%,108.23%,"$14,374,839,462"
1975ECU,1975,Ecuador,"$7,731,677,256",0.14%,15.36%,115.36%,"$6,702,043,302"
1975EGY,1975,Egypt,"$11,632,178,868",0.21%,9.67%,109.67%,"$10,606,557,096"
1975ESP,1975,Spain,"$114,777,046,376",2.04%,16.95%,116.95%,"$98,139,223,249"
1975FIN,1975,Finland,"$29,472,623,242",0.52%,17.81%,117.81%,"$25,016,784,399"
1975FJI,1975,Fiji Islands,"$684,268,280",0.01%,13.06%,113.06%,"$605,199,664"
1975FRA,1975,France,"$360,832,186,018",6.42%,11.69%,111.69%,"$323,077,575,575"
1975GAB,1975,Gabon,"$2,157,592,936",0.04%,28.45%,128.45%,"$1,679,675,756"
1975GBR,1975,United Kingdom,"$241,756,637,168",4.30%,24.21%,124.21%,"$194,639,655,775"
1975GHA,1975,Garner,"$2,810,106,382",0.05%,29.82%,129.82%,"$2,164,541,402"
1975GMB,1975,Gambia,"$115,182,522",0.00%,25.93%,125.93%,"$91,469,146"
1975GRC,1975,Greece,"$28,525,876,726",0.51%,13.63%,113.63%,"$25,104,450,915"
1975GTM,1975,Guatemala,"$3,645,900,000",0.06%,13.16%,113.16%,"$3,221,919,711"
1975HND,1975,Honduras,"$1,124,000,000",0.02%,8.38%,108.38%,"$1,037,128,437"
1975HTI,1975,Haiti,"$681,400,000",0.01%,16.77%,116.77%,"$583,522,451"
1975IDN,1975,Indonesia,"$30,463,855,421",0.54%,19.17%,119.17%,"$25,564,282,469"
1975IND,1975,India,"$98,472,796,457",1.75%,5.75%,105.75%,"$93,119,865,874"
1975IRL,1975,Ireland,"$9,485,294,425",0.17%,20.88%,120.88%,"$7,847,137,702"
1975IRN,1975,Iran,"$51,776,222,349",0.92%,12.88%,112.88%,"$45,868,708,038"
1975IRQ,1975,Iraq,"$13,458,516,762",0.24%,9.52%,109.52%,"$12,288,955,110"
1975ISL,1975,Iceland,"$1,406,875,081",0.03%,49.36%,149.36%,"$941,927,207"
1975ISR,1975,Israel,"$15,413,333,333",0.27%,39.31%,139.31%,"$11,064,313,310"
1975ITA,1975,Italy,"$227,695,851,126",4.05%,16.95%,116.95%,"$194,694,204,918"
1975JAM,1975,Jamaica,"$2,860,411,285",0.05%,17.38%,117.38%,"$2,436,961,310"
1975JOR,1975,Jordan,"$1,363,039,399",0.02%,11.98%,111.98%,"$1,217,218,743"
1975JPN,1975,Japan,"$521,541,905,673",9.28%,11.73%,111.73%,"$466,782,417,889"
1975KEN,1975,Kenya,"$3,259,344,935",0.06%,19.12%,119.12%,"$2,736,181,918"
1975KOR,1975,South Korea,"$21,784,297,520",0.39%,25.25%,125.25%,"$17,392,755,969"
1975KWT,1975,Kuwait,"$12,024,138,275",0.21%,8.39%,108.39%,"$11,093,159,243"
1975LKA,1975,Sri Lanka,"$3,791,298,145",0.07%,6.63%,106.63%,"$3,555,697,869"
1975LSO,1975,Lesotho,"$149,560,513",0.00%,14.21%,114.21%,"$130,949,981"
1975LUX,1975,Luxembourg,"$3,233,432,050",0.06%,10.72%,110.72%,"$2,920,429,970"
1975MDG,1975,Madagascar,"$2,283,049,233",0.04%,8.19%,108.19%,"$2,110,198,392"
1975MEX,1975,Mexico,"$88,000,000,000",1.57%,14.94%,114.94%,"$76,558,663,947"
1975MLT,1975,Malta,"$474,620,439",0.01%,8.79%,108.79%,"$436,265,436"
1975MYS,1975,Malaysia,"$9,298,800,799",0.17%,4.49%,104.49%,"$8,899,419,565"
1975NER,1975,Niger,"$1,048,690,933",0.02%,9.12%,109.12%,"$961,080,717"
1975NGA,1975,Nigeria,"$27,778,934,624",0.49%,33.96%,133.96%,"$20,736,089,975"
1975NLD,1975,Netherlands,"$100,249,523,353",1.78%,10.22%,110.22%,"$90,956,105,313"
1975NOR,1975,Norway,"$32,877,805,200",0.58%,11.69%,111.69%,"$29,436,864,342"
1975NPL,1975,Nepal,"$1,575,789,254",0.03%,7.59%,107.59%,"$1,464,678,927"
1975NZL,1975,New Zealand,"$12,861,983,284",0.23%,14.68%,114.68%,"$11,215,054,399"
1975PAK,1975,Pakistan,"$11,230,606,060",0.20%,20.90%,120.90%,"$9,288,823,147"
1975PAN,1975,Panama,"$2,435,304,100",0.04%,5.88%,105.88%,"$2,300,037,920"
1975PER,1975,Peru,"$16,877,163,792",0.30%,23.62%,123.62%,"$13,652,593,801"
1975PHL,1975,Philippines,"$14,893,969,287",0.26%,6.76%,106.76%,"$13,950,705,882"
1975PNG,1975,Papua New Guinea,"$1,356,591,176",0.02%,10.49%,110.49%,"$1,227,784,405"
1975PRT,1975,Portugal,"$19,347,607,843",0.34%,15.27%,115.27%,"$16,784,354,039"
1975PRY,1975,Paraguay,"$1,511,420,634",0.03%,6.69%,106.69%,"$1,416,606,322"
1975RWA,1975,Rwanda,"$571,863,295",0.01%,30.23%,130.23%,"$439,131,272"
1975SAU,1975,Saudi Arabia,"$46,773,303,720",0.83%,34.58%,134.58%,"$34,756,023,927"
1975SDN,1975,Sudan,"$5,598,000,000",0.10%,23.96%,123.96%,"$4,515,861,869"
1975SEN,1975,Senegal,"$2,235,746,644",0.04%,31.65%,131.65%,"$1,698,206,235"
1975SGP,1975,Singapore,"$5,633,673,929",0.10%,2.54%,102.54%,"$5,494,309,046"
1975SLB,1975,Solomon Islands,"$74,617,096",0.00%,10.07%,110.07%,"$67,790,926"
1975SLV,1975,El Salvador,"$1,884,120,100",0.03%,19.09%,119.09%,"$1,582,117,589"
1975SUR,1975,Suriname,"$465,500,000",0.01%,8.45%,108.45%,"$429,240,634"
1975SWE,1975,Sweden,"$82,885,397,620",1.47%,9.78%,109.78%,"$75,501,450,866"
1975SWZ,1975,Eswatini,"$288,302,907",0.01%,12.05%,112.05%,"$257,308,223"
1975SYC,1975,Seychelles,"$47,803,145",0.00%,18.61%,118.61%,"$40,302,329"
1975SYR,1975,Syria,"$6,826,980,766",0.12%,11.46%,111.46%,"$6,124,777,030"
1975TGO,1975,Togo,"$617,321,669",0.01%,18.01%,118.01%,"$523,099,876"
1975THA,1975,Thailand,"$14,882,747,955",0.26%,5.33%,105.33%,"$14,129,625,213"
1975TTO,1975,Trinidad and Tobago,"$2,442,667,573",0.04%,16.98%,116.98%,"$2,088,123,775"
1975TUR,1975,Turkey,"$44,633,707,242",0.79%,21.23%,121.23%,"$36,818,181,139"
1975URY,1975,Uruguay,"$3,538,283,322",0.06%,81.41%,181.41%,"$1,950,484,183"
1975USA,1975,the United States,"$1,684,904,000,000",29.97%,9.14%,109.14%,"$1,543,756,111,489"
1975VCT,1975,Saint Vincent and the Grenadines,"$33,237,164",0.00%,6.80%,106.80%,"$31,121,608"
1975ZAF,1975,South Africa,"$38,114,542,813",0.68%,13.43%,113.43%,"$33,603,020,777"
1976AUS,1976,Australia,"$104,921,215,177",1.72%,13.32%,113.32%,"$92,586,079,232"
1976AUT,1976,Austria,"$42,959,976,221",0.70%,7.32%,107.32%,"$40,030,285,537"
1976BDI,1976,Burundi,"$448,412,753",0.01%,6.86%,106.86%,"$419,639,925"
1976BEL,1976,Belgium,"$71,113,882,967",1.16%,9.07%,109.07%,"$65,201,053,805"
1976BFA,1976,Burkina Faso,"$976,547,163",0.02%,-8.40%,91.60%,"$1,066,107,889"
1976BHS,1976,Bahamas,"$642,100,000",0.01%,4.26%,104.26%,"$615,888,780"
1976BOL,1976,Bolivia,"$2,731,984,007",0.04%,4.49%,104.49%,"$2,614,488,585"
1976BRB,1976,Barbados,"$435,911,268",0.01%,4.99%,104.99%,"$415,205,912"
1976BWA,1976,Botswana,"$372,010,119",0.01%,11.73%,111.73%,"$332,947,328"
1976CAN,1976,Canada,"$206,575,564,908",3.38%,7.54%,107.54%,"$192,088,734,606"
1976CHE,1976,Switzerland,"$66,493,313,730",1.09%,1.72%,101.72%,"$65,371,874,698"
1976CHL,1976,Chile,"$10,341,925,249",0.17%,211.92%,311.92%,"$3,315,524,047"
1976CIV,1976,C ô te d'Ivoire,"$4,662,053,707",0.08%,12.08%,112.08%,"$4,159,701,520"
1976CMR,1976,Cameroon,"$2,898,089,929",0.05%,9.93%,109.93%,"$2,636,289,255"
1976COD,1976,Congo (gold),"$9,648,583,224",0.16%,80.39%,180.39%,"$5,348,854,907"
1976COL,1976,Columbia,"$15,341,403,660",0.25%,18.92%,118.92%,"$12,900,725,805"
1976CRI,1976,Costa Rica,"$2,412,555,425",0.04%,3.49%,103.49%,"$2,331,290,523"
1976CYP,1976,Cyprus,"$576,090,073",0.01%,3.85%,103.85%,"$554,709,410"
1976DEU,1976,Germany,"$519,754,453,161",8.50%,4.25%,104.25%,"$498,581,517,874"
1976DMA,1976,Dominica,"$3,951,500,000",0.06%,10.90%,110.90%,"$3,563,039,727"
1976DNK,1976,Denmark,"$44,575,892,473",0.73%,9.01%,109.01%,"$40,891,453,579"
1976DZA,1976,Algeria,"$17,728,347,374",0.29%,9.43%,109.43%,"$16,200,519,268"
1976ECU,1976,Ecuador,"$9,091,924,304",0.15%,10.67%,110.67%,"$8,215,243,340"
1976EGY,1976,Egypt,"$13,315,988,083",0.22%,10.32%,110.32%,"$12,070,612,764"
1976ESP,1976,Spain,"$118,507,184,779",1.94%,17.62%,117.62%,"$100,750,100,428"
1976FIN,1976,Finland,"$31,849,513,771",0.52%,14.34%,114.34%,"$27,854,437,315"
1976FJI,1976,Fiji Islands,"$694,552,411",0.01%,11.43%,111.43%,"$623,294,647"
1976FRA,1976,France,"$372,319,038,514",6.09%,9.63%,109.63%,"$339,628,145,677"
1976GAB,1976,Gabon,"$3,009,409,970",0.05%,20.17%,120.17%,"$2,504,261,290"
1976GBR,1976,United Kingdom,"$232,614,555,256",3.81%,16.56%,116.56%,"$199,567,182,627"
1976GHA,1976,Garner,"$2,765,254,237",0.05%,56.08%,156.08%,"$1,771,678,039"
1976GMB,1976,Gambia,"$112,189,468",0.00%,17.03%,117.03%,"$95,866,040"
1976GRC,1976,Greece,"$31,152,835,820",0.51%,13.02%,113.02%,"$27,562,959,011"
1976GTM,1976,Guatemala,"$4,365,300,200",0.07%,10.73%,110.73%,"$3,942,470,264"
1976HND,1976,Honduras,"$1,347,999,950",0.02%,4.88%,104.88%,"$1,285,236,469"
1976HTI,1976,Haiti,"$879,000,000",0.01%,7.04%,107.04%,"$821,202,516"
1976IDN,1976,Indonesia,"$37,269,156,626",0.61%,19.83%,119.83%,"$31,102,040,685"
1976IND,1976,India,"$102,717,164,465",1.68%,-7.63%,92.37%,"$111,206,619,568"
1976IRL,1976,Ireland,"$9,455,237,758",0.15%,17.99%,117.99%,"$8,013,884,810"
1976IRN,1976,Iran,"$68,055,295,080",1.11%,11.26%,111.26%,"$61,169,921,538"
1976IRQ,1976,Iraq,"$17,754,825,601",0.29%,12.82%,112.82%,"$15,736,852,750"
1976ISL,1976,Iceland,"$1,669,488,389",0.03%,32.04%,132.04%,"$1,264,427,610"
1976ISR,1976,Israel,"$15,236,250,000",0.25%,31.31%,131.31%,"$11,603,190,411"
1976ITA,1976,Italy,"$224,717,278,436",3.68%,16.61%,116.61%,"$192,701,526,100"
1976JAM,1976,Jamaica,"$2,966,010,229",0.05%,9.79%,109.79%,"$2,701,440,512"
1976JOR,1976,Jordan,"$1,708,734,939",0.03%,11.50%,111.50%,"$1,532,497,703"
1976JPN,1976,Japan,"$586,161,858,999",9.59%,9.37%,109.37%,"$535,924,135,533"
1976KEN,1976,Kenya,"$3,474,542,392",0.06%,11.45%,111.45%,"$3,117,606,655"
1976KOR,1976,South Korea,"$29,902,479,338",0.49%,15.33%,115.33%,"$25,928,356,961"
1976KWT,1976,Kuwait,"$13,131,668,946",0.21%,5.24%,105.24%,"$12,478,418,410"
1976LKA,1976,Sri Lanka,"$3,591,319,857",0.06%,1.33%,101.33%,"$3,544,199,068"
1976LSO,1976,Lesotho,"$147,654,093",0.00%,11.41%,111.41%,"$132,529,136"
1976LUX,1976,Luxembourg,"$3,544,268,547",0.06%,9.80%,109.80%,"$3,228,009,293"
1976MDG,1976,Madagascar,"$2,181,844,193",0.04%,4.99%,104.99%,"$2,078,207,812"
1976MEX,1976,Mexico,"$89,025,974,025",1.46%,15.82%,115.82%,"$76,862,669,827"
1976MLT,1976,Malta,"$527,936,988",0.01%,0.55%,100.55%,"$525,041,318"
1976MUS,1976,Mauritius,"$704,033,525",0.01%,12.96%,112.96%,"$623,282,706"
1976MYS,1976,Malaysia,"$11,050,125,904",0.18%,2.63%,102.63%,"$10,766,565,626"
1976NER,1976,Niger,"$1,064,517,574",0.02%,23.53%,123.53%,"$861,750,449"
1976NGA,1976,Nigeria,"$36,308,883,248",0.59%,24.30%,124.30%,"$29,210,686,442"
1976NLD,1976,Netherlands,"$109,168,720,620",1.79%,8.83%,108.83%,"$100,310,637,701"
1976NOR,1976,Norway,"$35,942,270,686",0.59%,9.16%,109.16%,"$32,925,783,956"
1976NPL,1976,Nepal,"$1,452,792,989",0.02%,-3.11%,96.89%,"$1,499,475,186"
1976NZL,1976,New Zealand,"$13,604,832,424",0.22%,16.91%,116.91%,"$11,637,326,306"
1976PAK,1976,Pakistan,"$13,168,080,808",0.22%,7.16%,107.16%,"$12,288,434,859"
1976PAN,1976,Panama,"$2,588,106,000",0.04%,3.95%,103.95%,"$2,489,760,462"
1976PER,1976,Peru,"$15,947,709,379",0.26%,33.48%,133.48%,"$11,947,346,437"
1976PHL,1976,Philippines,"$17,097,563,270",0.28%,9.20%,109.20%,"$15,657,220,036"
1976PNG,1976,Papua New Guinea,"$1,511,856,584",0.02%,7.66%,107.66%,"$1,404,331,817"
1976PRT,1976,Portugal,"$20,332,831,564",0.33%,21.14%,121.14%,"$16,784,308,945"
1976PRY,1976,Paraguay,"$1,698,960,317",0.03%,4.47%,104.47%,"$1,626,194,383"
1976RWA,1976,Rwanda,"$637,754,162",0.01%,7.17%,107.17%,"$595,109,443"
1976SAU,1976,Saudi Arabia,"$64,005,623,870",1.05%,31.56%,131.56%,"$48,651,775,259"
1976SDN,1976,Sudan,"$6,979,333,333",0.11%,1.67%,101.67%,"$6,864,363,194"
1976SEN,1976,Senegal,"$2,266,860,655",0.04%,1.08%,101.08%,"$2,242,571,538"
1976SGP,1976,Singapore,"$6,327,077,974",0.10%,-1.84%,98.16%,"$6,445,802,763"
1976SLB,1976,Solomon Islands,"$83,099,107",0.00%,4.26%,104.26%,"$79,707,307"
1976SLV,1976,El Salvador,"$2,328,280,100",0.04%,7.03%,107.03%,"$2,175,257,487"
1976SUR,1976,Suriname,"$505,500,000",0.01%,10.07%,110.07%,"$459,255,130"
1976SWE,1976,Sweden,"$89,362,071,672",1.46%,10.25%,110.25%,"$81,054,603,291"
1976SWZ,1976,Eswatini,"$272,539,098",0.00%,6.53%,106.53%,"$255,830,999"
1976SYC,1976,Seychelles,"$49,278,979",0.00%,14.87%,114.87%,"$42,900,254"
1976SYR,1976,Syria,"$7,633,528,920",0.12%,11.43%,111.43%,"$6,850,602,877"
1976TGO,1976,Togo,"$619,375,134",0.01%,11.64%,111.64%,"$554,793,156"
1976THA,1976,Thailand,"$16,985,211,146",0.28%,4.15%,104.15%,"$16,308,520,787"
1976TON,1976,Tonga,"$30,036,416",0.00%,7.11%,107.11%,"$28,042,699"
1976TTO,1976,Trinidad and Tobago,"$2,500,410,583",0.04%,10.69%,110.69%,"$2,258,880,582"
1976TUR,1976,Turkey,"$51,280,134,554",0.84%,17.46%,117.46%,"$43,659,132,070"
1976URY,1976,Uruguay,"$3,667,161,241",0.06%,50.62%,150.62%,"$2,434,661,396"
1976USA,1976,the United States,"$1,873,412,000,000",30.65%,5.74%,105.74%,"$1,771,634,894,722"
1976VCT,1976,Saint Vincent and the Grenadines,"$32,792,480",0.00%,11.29%,111.29%,"$29,466,061"
1976ZAF,1976,South Africa,"$36,603,349,970",0.60%,11.02%,111.02%,"$32,969,934,405"
1977AUS,1977,Australia,"$110,201,881,165",1.59%,12.31%,112.31%,"$98,123,103,553"
1977AUT,1977,Austria,"$51,545,758,887",0.75%,5.49%,105.49%,"$48,861,032,911"
1977BDI,1977,Burundi,"$547,535,555",0.01%,6.83%,106.83%,"$512,508,116"
1977BEL,1977,Belgium,"$82,839,905,458",1.20%,7.10%,107.10%,"$77,351,072,870"
1977BFA,1977,Burkina Faso,"$1,131,224,818",0.02%,29.99%,129.99%,"$870,265,960"
1977BHS,1977,Bahamas,"$713,000,000",0.01%,3.19%,103.19%,"$690,959,254"
1977BOL,1977,Bolivia,"$3,227,436,281",0.05%,8.11%,108.11%,"$2,985,402,104"
1977BRB,1977,Barbados,"$495,097,667",0.01%,8.35%,108.35%,"$456,932,939"
1977BWA,1977,Botswana,"$451,603,325",0.01%,13.17%,113.17%,"$399,053,120"
1977CAN,1977,Canada,"$211,612,157,028",3.06%,7.98%,107.98%,"$195,979,925,299"
1977CHE,1977,Switzerland,"$71,017,619,305",1.03%,1.30%,101.30%,"$70,109,007,159"
1977CHL,1977,Chile,"$13,962,893,421",0.20%,91.95%,191.95%,"$7,274,078,049"
1977CIV,1977,C ô te d'Ivoire,"$6,265,067,857",0.09%,27.42%,127.42%,"$4,916,791,972"
1977CMR,1977,Cameroon,"$3,394,663,844",0.05%,14.70%,114.70%,"$2,959,645,935"
1977COD,1977,Congo (gold),"$12,344,424,763",0.18%,68.95%,168.95%,"$7,306,654,168"
1977COL,1977,Columbia,"$19,470,960,619",0.28%,34.09%,134.09%,"$14,520,716,394"
1977CRI,1977,Costa Rica,"$3,072,427,012",0.04%,4.19%,104.19%,"$2,948,862,579"
1977CYP,1977,Cyprus,"$734,887,973",0.01%,7.33%,107.33%,"$684,722,080"
1977DEU,1977,Germany,"$600,498,238,019",8.69%,3.73%,103.73%,"$578,881,816,032"
1977DMA,1977,Dominica,"$4,587,100,000",0.07%,9.50%,109.50%,"$4,188,992,586"
1977DMA,1977,Dominica,"$36,370,370",0.00%,9.50%,109.50%,"$33,213,841"
1977DNK,1977,Denmark,"$49,784,338,519",0.72%,10.92%,110.92%,"$44,882,198,107"
1977DZA,1977,Algeria,"$20,971,901,273",0.30%,11.99%,111.99%,"$18,726,703,709"
1977ECU,1977,Ecuador,"$11,026,346,589",0.16%,13.01%,113.01%,"$9,756,615,291"
1977EGY,1977,Egypt,"$14,400,806,875",0.21%,12.73%,112.73%,"$12,774,355,178"
1977ESP,1977,Spain,"$132,449,277,108",1.92%,24.54%,124.54%,"$106,352,446,480"
1977FIN,1977,Finland,"$33,499,799,321",0.48%,11.79%,111.79%,"$29,965,825,556"
1977FJI,1977,Fiji Islands,"$719,533,137",0.01%,7.01%,107.01%,"$672,421,257"
1977FRA,1977,France,"$410,279,486,493",5.94%,9.49%,109.49%,"$374,703,096,170"
1977GAB,1977,Gabon,"$2,809,349,074",0.04%,13.85%,113.85%,"$2,467,532,438"
1977GBR,1977,United Kingdom,"$263,066,457,352",3.81%,15.84%,115.84%,"$227,094,139,829"
1977GHA,1977,Garner,"$3,189,428,571",0.05%,116.45%,216.45%,"$1,473,515,999"
1977GMB,1977,Gambia,"$138,094,243",0.00%,12.39%,112.39%,"$122,870,873"
1977GRC,1977,Greece,"$36,176,234,967",0.52%,12.37%,112.37%,"$32,193,913,226"
1977GRD,1977,Grenada,"$71,494,495",0.00%,18.46%,118.46%,"$60,354,867"
1977GTM,1977,Guatemala,"$5,480,500,200",0.08%,12.32%,112.32%,"$4,879,163,773"
1977HND,1977,Honduras,"$1,669,499,950",0.02%,8.43%,108.43%,"$1,539,636,142"
1977HTI,1977,Haiti,"$947,000,000",0.01%,6.49%,106.49%,"$889,269,508"
1977IDN,1977,Indonesia,"$45,808,915,662",0.66%,11.05%,111.05%,"$41,249,935,727"
1977IND,1977,India,"$121,487,322,474",1.76%,8.31%,108.31%,"$112,168,922,763"
1977IRL,1977,Ireland,"$11,250,103,036",0.16%,13.47%,113.47%,"$9,914,411,223"
1977IRN,1977,Iran,"$80,600,122,701",1.17%,27.29%,127.29%,"$63,321,176,422"
1977IRQ,1977,Iraq,"$19,838,130,714",0.29%,9.17%,109.17%,"$18,172,151,057"
1977ISL,1977,Iceland,"$2,208,509,076",0.03%,30.32%,130.32%,"$1,694,723,989"
1977ISR,1977,Israel,"$17,433,000,000",0.25%,34.62%,134.62%,"$12,950,100,619"
1977ITA,1977,Italy,"$257,596,313,364",3.73%,17.13%,117.13%,"$219,923,338,225"
1977JAM,1977,Jamaica,"$3,249,697,393",0.05%,11.19%,111.19%,"$2,922,626,242"
1977JOR,1977,Jordan,"$2,096,568,478",0.03%,14.57%,114.57%,"$1,830,001,059"
1977JPN,1977,Japan,"$721,411,786,536",10.44%,8.16%,108.16%,"$666,974,483,733"
1977KEN,1977,Kenya,"$4,494,378,855",0.07%,14.82%,114.82%,"$3,914,249,349"
1977KOR,1977,South Korea,"$38,446,487,603",0.56%,10.10%,110.10%,"$34,920,664,934"
1977KWT,1977,Kuwait,"$14,135,729,588",0.20%,9.89%,109.89%,"$12,863,583,064"
1977LCA,1977,Saint Lucia,"$92,546,835",0.00%,8.87%,108.87%,"$85,010,070"
1977LKA,1977,Sri Lanka,"$4,104,509,582",0.06%,1.22%,101.22%,"$4,054,842,642"
1977LSO,1977,Lesotho,"$193,307,267",0.00%,16.69%,116.69%,"$165,661,208"
1977LUX,1977,Luxembourg,"$3,922,895,891",0.06%,6.71%,106.71%,"$3,676,376,670"
1977MDG,1977,Madagascar,"$2,358,930,406",0.03%,3.11%,103.11%,"$2,287,803,668"
1977MEX,1977,Mexico,"$81,814,159,292",1.18%,29.06%,129.06%,"$63,390,318,166"
1977MLT,1977,Malta,"$625,573,345",0.01%,10.04%,110.04%,"$568,494,379"
1977MUS,1977,Mauritius,"$823,634,464",0.01%,9.17%,109.17%,"$754,434,012"
1977MYS,1977,Malaysia,"$13,139,397,879",0.19%,4.79%,104.79%,"$12,539,002,357"
1977NER,1977,Niger,"$1,291,457,973",0.02%,23.25%,123.25%,"$1,047,826,820"
1977NGA,1977,Nigeria,"$36,035,407,725",0.52%,15.09%,115.09%,"$31,311,222,441"
1977NLD,1977,Netherlands,"$127,016,990,212",1.84%,6.40%,106.40%,"$119,377,661,631"
1977NOR,1977,Norway,"$41,508,030,431",0.60%,9.10%,109.10%,"$38,044,518,452"
1977NPL,1977,Nepal,"$1,382,400,000",0.02%,9.90%,109.90%,"$1,257,883,922"
1977NZL,1977,New Zealand,"$15,446,825,318",0.22%,14.38%,114.38%,"$13,504,411,601"
1977PAK,1977,Pakistan,"$15,126,060,606",0.22%,10.13%,110.13%,"$13,734,362,129"
1977PAN,1977,Panama,"$2,738,261,900",0.04%,4.59%,104.59%,"$2,618,203,199"
1977PER,1977,Peru,"$14,620,386,673",0.21%,38.05%,138.05%,"$10,590,332,038"
1977PHL,1977,Philippines,"$19,648,106,122",0.28%,9.90%,109.90%,"$17,878,370,624"
1977PNG,1977,Papua New Guinea,"$1,640,763,204",0.02%,4.53%,104.53%,"$1,569,679,003"
1977PRT,1977,Portugal,"$21,439,523,310",0.31%,31.02%,131.02%,"$16,363,956,103"
1977PRY,1977,Paraguay,"$2,092,158,730",0.03%,9.36%,109.36%,"$1,913,095,779"
1977RWA,1977,Rwanda,"$746,650,558",0.01%,13.66%,113.66%,"$656,943,905"
1977SAU,1977,Saudi Arabia,"$74,188,363,505",1.07%,11.40%,111.40%,"$66,596,967,716"
1977SDN,1977,Sudan,"$8,704,000,000",0.13%,17.08%,117.08%,"$7,434,465,994"
1977SEN,1977,Senegal,"$2,320,786,490",0.03%,11.34%,111.34%,"$2,084,402,984"
1977SGP,1977,Singapore,"$6,618,585,073",0.10%,3.16%,103.16%,"$6,415,598,728"
1977SLB,1977,Solomon Islands,"$93,147,039",0.00%,8.62%,108.62%,"$85,757,504"
1977SLV,1977,El Salvador,"$2,941,640,100",0.04%,11.82%,111.82%,"$2,630,685,744"
1977SUR,1977,Suriname,"$641,500,000",0.01%,9.73%,109.73%,"$584,610,752"
1977SWE,1977,Sweden,"$94,468,740,851",1.37%,11.44%,111.44%,"$84,769,571,668"
1977SWZ,1977,Eswatini,"$304,047,838",0.00%,20.81%,120.81%,"$251,684,559"
1977SYC,1977,Seychelles,"$64,526,398",0.00%,14.96%,114.96%,"$56,129,841"
1977SYR,1977,Syria,"$7,696,011,359",0.11%,11.97%,111.97%,"$6,873,536,862"
1977TGO,1977,Togo,"$777,435,020",0.01%,22.46%,122.46%,"$634,863,613"
1977THA,1977,Thailand,"$19,779,315,170",0.29%,7.60%,107.60%,"$18,382,046,740"
1977TON,1977,Tonga,"$34,139,387",0.00%,17.54%,117.54%,"$29,045,419"
1977TTO,1977,Trinidad and Tobago,"$3,138,666,666",0.05%,11.74%,111.74%,"$2,808,779,363"
1977TUR,1977,Turkey,"$58,676,813,687",0.85%,25.99%,125.99%,"$46,574,319,424"
1977URY,1977,Uruguay,"$4,114,667,062",0.06%,58.20%,158.20%,"$2,600,990,233"
1977USA,1977,the United States,"$2,081,826,000,000",30.13%,6.50%,106.50%,"$1,954,735,288,597"
1977VCT,1977,Saint Vincent and the Grenadines,"$49,353,161",0.00%,10.19%,110.19%,"$44,790,402"
1977ZAF,1977,South Africa,"$40,651,349,966",0.59%,11.15%,111.15%,"$36,572,768,011"
1978AUS,1978,Australia,"$118,338,596,886",1.45%,8.00%,108.00%,"$109,567,777,277"
1978AUT,1978,Austria,"$62,052,259,073",0.76%,3.57%,103.57%,"$59,910,854,279"
1978BDI,1978,Burundi,"$610,225,555",0.01%,23.90%,123.90%,"$492,531,981"
1978BEL,1978,Belgium,"$101,246,526,194",1.24%,4.47%,104.47%,"$96,913,899,864"
1978BFA,1978,Burkina Faso,"$1,475,583,383",0.02%,8.27%,108.27%,"$1,362,884,550"
1978BHS,1978,Bahamas,"$832,400,000",0.01%,6.11%,106.11%,"$784,475,820"
1978BOL,1978,Bolivia,"$3,758,220,889",0.05%,10.36%,110.36%,"$3,405,552,983"
1978BRB,1978,Barbados,"$552,883,707",0.01%,9.48%,109.48%,"$504,997,876"
1978BWA,1978,Botswana,"$590,376,720",0.01%,9.04%,109.04%,"$541,411,525"
1978CAN,1978,Canada,"$218,632,867,537",2.68%,8.97%,108.97%,"$200,628,978,080"
1978CHE,1978,Switzerland,"$99,318,234,340",1.22%,1.03%,101.03%,"$98,306,860,345"
1978CHL,1978,Chile,"$15,989,933,708",0.20%,40.09%,140.09%,"$11,414,269,752"
1978CIV,1978,C ô te d'Ivoire,"$7,900,524,897",0.10%,13.24%,113.24%,"$6,976,612,960"
1978CMR,1978,Cameroon,"$4,662,851,756",0.06%,12.46%,112.46%,"$4,146,118,800"
1978COD,1978,Congo (gold),"$15,372,608,002",0.19%,48.77%,148.77%,"$10,333,203,904"
1978COL,1978,Columbia,"$23,263,511,958",0.29%,17.51%,117.51%,"$19,796,353,926"
1978CRI,1978,Costa Rica,"$3,523,208,809",0.04%,6.01%,106.01%,"$3,323,558,430"
1978CYP,1978,Cyprus,"$964,026,512",0.01%,7.44%,107.44%,"$897,300,691"
1978DEU,1978,Germany,"$740,469,983,446",9.09%,2.72%,102.72%,"$720,871,712,424"
1978DMA,1978,Dominica,"$4,734,400,000",0.06%,7.71%,107.71%,"$4,395,401,207"
1978DMA,1978,Dominica,"$45,170,370",0.00%,7.71%,107.71%,"$41,936,021"
1978DNK,1978,Denmark,"$60,362,931,853",0.74%,10.21%,110.21%,"$54,769,013,956"
1978DZA,1978,Algeria,"$26,364,491,313",0.32%,17.52%,117.52%,"$22,433,297,442"
1978ECU,1978,Ecuador,"$11,922,502,170",0.15%,11.65%,111.65%,"$10,678,454,468"
1978EGY,1978,Egypt,"$14,811,704,063",0.18%,11.08%,111.08%,"$13,334,495,290"
1978ESP,1978,Spain,"$160,599,687,500",1.97%,19.77%,119.77%,"$134,085,969,671"
1978FIN,1978,Finland,"$36,256,160,288",0.44%,7.80%,107.80%,"$33,633,004,315"
1978FJI,1978,Fiji Islands,"$829,239,489",0.01%,6.11%,106.11%,"$781,504,631"
1978FRA,1978,France,"$506,707,848,837",6.22%,9.25%,109.25%,"$463,803,440,410"
1978GAB,1978,Gabon,"$2,389,479,269",0.03%,10.76%,110.76%,"$2,157,267,362"
1978GBR,1978,United Kingdom,"$335,883,029,721",4.12%,8.26%,108.26%,"$310,246,891,507"
1978GHA,1978,Garner,"$3,662,478,184",0.04%,73.09%,173.09%,"$2,115,918,261"
1978GMB,1978,Gambia,"$171,836,793",0.00%,8.86%,108.86%,"$157,857,927"
1978GRC,1978,Greece,"$44,270,204,081",0.54%,12.57%,112.57%,"$39,325,975,093"
1978GRD,1978,Grenada,"$88,322,386",0.00%,18.14%,118.14%,"$74,763,706"
1978GTM,1978,Guatemala,"$6,070,600,200",0.07%,8.29%,108.29%,"$5,605,978,069"
1978HND,1978,Honduras,"$1,929,499,950",0.02%,5.75%,105.75%,"$1,824,615,148"
1978HTI,1978,Haiti,"$974,200,000",0.01%,-2.67%,97.33%,"$1,000,961,661"
1978IDN,1978,Indonesia,"$51,455,719,099",0.63%,8.11%,108.11%,"$47,594,570,275"
1978IND,1978,India,"$137,300,295,308",1.69%,2.52%,102.52%,"$133,921,393,260"
1978IRL,1978,Ireland,"$14,650,291,452",0.18%,7.71%,107.71%,"$13,601,463,406"
1978IRN,1978,Iran,"$77,994,316,621",0.96%,11.72%,111.72%,"$69,811,082,976"
1978IRQ,1978,Iraq,"$23,762,275,651",0.29%,4.61%,104.61%,"$22,714,687,252"
1978ISL,1978,Iceland,"$2,511,826,196",0.03%,43.75%,143.75%,"$1,747,357,375"
1978ISR,1978,Israel,"$16,901,764,705",0.21%,50.55%,150.55%,"$11,226,607,621"
1978ITA,1978,Italy,"$315,058,323,066",3.87%,12.09%,112.09%,"$281,066,144,634"
1978JAM,1978,Jamaica,"$2,644,449,232",0.03%,34.90%,134.90%,"$1,960,306,244"
1978JOR,1978,Jordan,"$2,602,748,691",0.03%,6.92%,106.92%,"$2,434,260,811"
1978JPN,1978,Japan,"$1,013,612,173,518",12.44%,4.21%,104.21%,"$972,667,109,477"
1978KEN,1978,Kenya,"$5,303,734,882",0.07%,16.93%,116.93%,"$4,535,751,333"
1978KOR,1978,South Korea,"$51,972,107,438",0.64%,14.46%,114.46%,"$45,406,236,258"
1978KWT,1978,Kuwait,"$15,500,908,760",0.19%,8.69%,108.69%,"$14,261,611,105"
1978LCA,1978,Saint Lucia,"$107,827,737",0.00%,10.88%,110.88%,"$97,249,414"
1978LKA,1978,Sri Lanka,"$2,733,183,856",0.03%,12.14%,112.14%,"$2,437,261,393"
1978LSO,1978,Lesotho,"$266,559,337",0.00%,13.48%,113.48%,"$234,888,025"
1978LUX,1978,Luxembourg,"$4,884,868,707",0.06%,3.09%,103.09%,"$4,738,236,365"
1978MDG,1978,Madagascar,"$2,669,755,115",0.03%,6.53%,106.53%,"$2,506,142,906"
1978MEX,1978,Mexico,"$102,500,000,000",1.26%,17.46%,117.46%,"$87,265,760,820"
1978MLT,1978,Malta,"$793,675,169",0.01%,4.71%,104.71%,"$757,992,583"
1978MUS,1978,Mauritius,"$1,015,365,145",0.01%,8.55%,108.55%,"$935,431,244"
1978MYS,1978,Malaysia,"$16,358,376,511",0.20%,4.86%,104.86%,"$15,600,196,868"
1978NER,1978,Niger,"$1,774,365,275",0.02%,10.09%,110.09%,"$1,611,693,793"
1978NGA,1978,Nigeria,"$36,527,862,208",0.45%,21.71%,121.71%,"$30,012,397,157"
1978NLD,1978,Netherlands,"$155,859,695,457",1.91%,4.11%,104.11%,"$149,703,855,029"
1978NOR,1978,Norway,"$46,523,091,009",0.57%,8.16%,108.16%,"$43,012,548,110"
1978NPL,1978,Nepal,"$1,604,162,497",0.02%,7.35%,107.35%,"$1,494,383,706"
1978NZL,1978,New Zealand,"$18,530,518,394",0.23%,11.96%,111.96%,"$16,551,516,766"
1978PAK,1978,Pakistan,"$17,811,515,151",0.22%,6.14%,106.14%,"$16,781,359,091"
1978PAN,1978,Panama,"$3,244,558,600",0.04%,4.20%,104.20%,"$3,113,764,271"
1978PER,1978,Peru,"$12,495,779,622",0.15%,57.85%,157.85%,"$7,916,297,746"
1978PHL,1978,Philippines,"$22,706,155,475",0.28%,7.33%,107.33%,"$21,154,568,184"
1978PNG,1978,Papua New Guinea,"$1,947,947,524",0.02%,5.80%,105.80%,"$1,841,160,231"
1978PRT,1978,Portugal,"$23,487,614,051",0.29%,21.04%,121.04%,"$19,405,033,274"
1978PRY,1978,Paraguay,"$2,559,857,142",0.03%,10.66%,110.66%,"$2,313,258,101"
1978RWA,1978,Rwanda,"$905,709,147",0.01%,13.27%,113.27%,"$799,598,198"
1978SAU,1978,Saudi Arabia,"$80,265,732,292",0.99%,-1.58%,98.42%,"$81,557,274,805"
1978SDN,1978,Sudan,"$7,670,500,000",0.09%,19.23%,119.23%,"$6,433,342,266"
1978SEN,1978,Senegal,"$2,591,178,368",0.03%,3.42%,103.42%,"$2,505,499,044"
1978SGP,1978,Singapore,"$7,517,176,354",0.09%,4.87%,104.87%,"$7,167,916,483"
1978SLB,1978,Solomon Islands,"$111,022,089",0.00%,6.26%,106.26%,"$104,478,547"
1978SLV,1978,El Salvador,"$3,127,960,000",0.04%,13.28%,113.28%,"$2,761,383,002"
1978SUR,1978,Suriname,"$735,500,000",0.01%,8.82%,108.82%,"$675,864,865"
1978SWE,1978,Sweden,"$104,442,351,222",1.28%,10.00%,110.00%,"$94,951,678,898"
1978SWZ,1978,Eswatini,"$340,616,375",0.00%,8.52%,108.52%,"$313,881,185"
1978SYC,1978,Seychelles,"$85,552,369",0.00%,11.78%,111.78%,"$76,534,157"
1978SYR,1978,Syria,"$9,275,203,105",0.11%,4.81%,104.81%,"$8,849,611,120"
1978TGO,1978,Togo,"$824,263,841",0.01%,0.44%,100.44%,"$820,630,311"
1978THA,1978,Thailand,"$24,006,570,178",0.29%,7.92%,107.92%,"$22,243,940,357"
1978TON,1978,Tonga,"$41,567,471",0.00%,9.58%,109.58%,"$37,931,931"
1978TTO,1978,Trinidad and Tobago,"$3,562,333,458",0.04%,10.26%,110.26%,"$3,230,948,446"
1978TUR,1978,Turkey,"$65,147,022,485",0.80%,61.90%,161.90%,"$40,239,784,926"
1978URY,1978,Uruguay,"$4,910,257,282",0.06%,44.55%,144.55%,"$3,396,965,442"
1978USA,1978,the United States,"$2,351,599,000,000",28.86%,7.63%,107.63%,"$2,184,872,193,022"
1978VCT,1978,Saint Vincent and the Grenadines,"$60,844,771",0.00%,8.43%,108.43%,"$56,114,577"
1978ZAF,1978,South Africa,"$46,739,449,961",0.57%,11.14%,111.14%,"$42,056,232,876"
1979AUS,1979,Australia,"$134,712,029,989",1.42%,9.12%,109.12%,"$123,450,836,259"
1979AUT,1979,Austria,"$73,937,296,963",0.78%,3.71%,103.71%,"$71,294,137,425"
1979BDI,1979,Burundi,"$782,496,666",0.01%,36.54%,136.54%,"$573,086,515"
1979BEL,1979,Belgium,"$116,315,456,796",1.23%,4.47%,104.47%,"$111,339,596,749"
1979BFA,1979,Burkina Faso,"$1,748,480,982",0.02%,14.99%,114.99%,"$1,520,504,637"
1979BHS,1979,Bahamas,"$1,139,800,100",0.01%,9.09%,109.09%,"$1,044,812,121"
1979BOL,1979,Bolivia,"$4,421,343,606",0.05%,19.72%,119.72%,"$3,693,078,905"
1979BRB,1979,Barbados,"$670,362,452",0.01%,13.17%,113.17%,"$592,350,823"
1979BWA,1979,Botswana,"$819,877,300",0.01%,11.74%,111.74%,"$733,761,373"
1979CAN,1979,Canada,"$243,072,102,612",2.57%,9.14%,109.14%,"$222,706,328,279"
1979CHE,1979,Switzerland,"$111,640,341,011",1.18%,3.65%,103.65%,"$107,711,416,195"
1979CHL,1979,Chile,"$21,803,696,985",0.23%,33.39%,133.39%,"$16,345,921,467"
1979CIV,1979,C ô te d'Ivoire,"$9,142,935,857",0.10%,16.34%,116.34%,"$7,858,647,638"
1979CMR,1979,Cameroon,"$5,919,004,206",0.06%,6.58%,106.58%,"$5,553,546,898"
1979COD,1979,Congo (gold),"$15,068,422,236",0.16%,101.05%,201.05%,"$7,494,816,101"
1979COL,1979,Columbia,"$27,940,411,250",0.30%,24.20%,124.20%,"$22,496,537,574"
1979CRI,1979,Costa Rica,"$4,035,519,323",0.04%,9.19%,109.19%,"$3,695,922,770"
1979CYP,1979,Cyprus,"$1,288,715,209",0.01%,9.46%,109.46%,"$1,177,299,060"
1979DEU,1979,Germany,"$881,345,176,608",9.31%,4.04%,104.04%,"$847,091,978,937"
1979DNK,1979,Denmark,"$70,366,241,969",0.74%,9.61%,109.61%,"$64,196,302,951"
1979DZA,1979,Algeria,"$33,243,422,157",0.35%,11.35%,111.35%,"$29,855,267,156"
1979ECU,1979,Ecuador,"$14,175,166,007",0.15%,10.27%,110.27%,"$12,855,397,917"
1979EGY,1979,Egypt,"$18,020,571,428",0.19%,9.90%,109.90%,"$16,396,593,678"
1979ESP,1979,Spain,"$214,601,955,875",2.27%,15.66%,115.66%,"$185,545,148,479"
1979FIN,1979,Finland,"$44,465,255,686",0.47%,7.47%,107.47%,"$41,375,744,750"
1979FJI,1979,Fiji Islands,"$1,019,743,927",0.01%,7.81%,107.81%,"$945,899,815"
1979FRA,1979,France,"$613,953,129,818",6.49%,10.65%,110.65%,"$554,876,865,028"
1979GAB,1979,Gabon,"$3,030,251,116",0.03%,7.95%,107.95%,"$2,807,017,478"
1979GBR,1979,United Kingdom,"$438,994,070,309",4.64%,13.42%,113.42%,"$387,047,360,413"
1979GHA,1979,Garner,"$4,020,227,920",0.04%,54.44%,154.44%,"$2,603,078,467"
1979GMB,1979,Gambia,"$207,114,382",0.00%,6.13%,106.13%,"$195,153,506"
1979GRC,1979,Greece,"$54,481,876,724",0.58%,19.09%,119.09%,"$45,746,886,336"
1979GRD,1979,Grenada,"$102,244,362",0.00%,20.88%,120.88%,"$84,581,340"
1979GTM,1979,Guatemala,"$6,902,600,200",0.07%,11.34%,111.34%,"$6,199,380,543"
1979HND,1979,Honduras,"$2,251,499,950",0.02%,12.14%,112.14%,"$2,007,841,267"
1979HTI,1979,Haiti,"$1,080,600,000",0.01%,13.09%,113.09%,"$955,488,994"
1979IDN,1979,Indonesia,"$51,400,186,379",0.54%,16.23%,116.23%,"$44,221,770,034"
1979IND,1979,India,"$152,991,653,792",1.62%,6.28%,106.28%,"$143,957,346,538"
1979IRL,1979,Ireland,"$18,322,206,640",0.19%,13.30%,113.30%,"$16,172,058,097"
1979IRN,1979,Iran,"$90,391,877,325",0.96%,10.49%,110.49%,"$81,812,053,591"
1979ISL,1979,Iceland,"$2,853,435,053",0.03%,44.44%,144.44%,"$1,975,454,881"
1979ISR,1979,Israel,"$21,589,200,000",0.23%,78.31%,178.31%,"$12,107,676,865"
1979ITA,1979,Italy,"$393,677,161,500",4.16%,14.80%,114.80%,"$342,928,617,715"
1979JAM,1979,Jamaica,"$2,425,033,998",0.03%,29.08%,129.08%,"$1,878,717,003"
1979JOR,1979,Jordan,"$3,271,728,271",0.03%,14.25%,114.25%,"$2,863,745,066"
1979JPN,1979,Japan,"$1,055,012,119,526",11.15%,3.70%,103.70%,"$1,017,351,291,337"
1979KEN,1979,Kenya,"$6,234,390,975",0.07%,7.98%,107.98%,"$5,773,688,047"
1979KOR,1979,South Korea,"$66,946,900,826",0.71%,18.32%,118.32%,"$56,579,549,199"
1979KWT,1979,Kuwait,"$24,746,019,536",0.26%,7.05%,107.05%,"$23,116,319,044"
1979LCA,1979,Saint Lucia,"$130,475,734",0.00%,9.39%,109.39%,"$119,275,695"
1979LKA,1979,Sri Lanka,"$3,364,611,432",0.04%,10.73%,110.73%,"$3,038,519,867"
1979LSO,1979,Lesotho,"$290,142,517",0.00%,16.00%,116.00%,"$250,115,200"
1979LUX,1979,Luxembourg,"$5,711,458,447",0.06%,4.55%,104.55%,"$5,463,078,084"
1979MDG,1979,Madagascar,"$3,463,565,881",0.04%,14.06%,114.06%,"$3,036,734,817"
1979MEX,1979,Mexico,"$134,561,403,508",1.42%,18.19%,118.19%,"$113,850,566,536"
1979MLT,1979,Malta,"$1,001,300,838",0.01%,7.15%,107.15%,"$934,510,377"
1979MUS,1979,Mauritius,"$1,211,141,231",0.01%,14.47%,114.47%,"$1,058,076,035"
1979MYS,1979,Malaysia,"$21,213,672,089",0.22%,3.65%,103.65%,"$20,465,757,530"
1979NER,1979,Niger,"$2,109,278,101",0.02%,7.27%,107.27%,"$1,966,365,103"
1979NGA,1979,Nigeria,"$47,259,911,894",0.50%,11.71%,111.71%,"$42,305,993,965"
1979NLD,1979,Netherlands,"$179,669,405,690",1.90%,4.20%,104.20%,"$172,428,611,189"
1979NOR,1979,Norway,"$53,132,244,623",0.56%,4.51%,104.51%,"$50,839,520,719"
1979NPL,1979,Nepal,"$1,851,250,008",0.02%,3.57%,103.57%,"$1,787,516,918"
1979NZL,1979,New Zealand,"$20,731,243,113",0.22%,13.70%,113.70%,"$18,233,348,245"
1979PAK,1979,Pakistan,"$19,688,383,838",0.21%,8.27%,108.27%,"$18,185,019,716"
1979PAN,1979,Panama,"$3,704,551,600",0.04%,7.99%,107.99%,"$3,430,495,535"
1979PER,1979,Peru,"$15,962,459,447",0.17%,66.69%,166.69%,"$9,575,880,922"
1979PHL,1979,Philippines,"$27,502,168,726",0.29%,17.53%,117.53%,"$23,399,462,899"
1979PNG,1979,Papua New Guinea,"$2,293,621,944",0.02%,5.77%,105.77%,"$2,168,589,827"
1979PRT,1979,Portugal,"$26,622,819,672",0.28%,21.90%,121.90%,"$21,840,023,768"
1979PRY,1979,Paraguay,"$3,416,777,777",0.04%,28.16%,128.16%,"$2,666,003,502"
1979RWA,1979,Rwanda,"$1,109,346,220",0.01%,15.67%,115.67%,"$959,033,708"
1979SAU,1979,Saudi Arabia,"$111,859,726,428",1.18%,1.08%,101.08%,"$110,662,833,843"
1979SDN,1979,Sudan,"$9,032,250,000",0.10%,31.14%,131.14%,"$6,887,567,799"
1979SEN,1979,Senegal,"$3,226,678,628",0.03%,9.65%,109.65%,"$2,942,617,201"
1979SGP,1979,Singapore,"$9,296,921,723",0.10%,4.08%,104.08%,"$8,932,780,038"
1979SLB,1979,Solomon Islands,"$151,270,207",0.00%,8.06%,108.06%,"$139,993,701"
1979SLV,1979,El Salvador,"$3,463,639,900",0.04%,14.06%,114.06%,"$3,036,788,199"
1979SUR,1979,Suriname,"$782,500,000",0.01%,14.84%,114.84%,"$681,369,099"
1979SWE,1979,Sweden,"$123,386,410,160",1.30%,7.21%,107.21%,"$115,088,756,883"
1979SWZ,1979,Eswatini,"$412,093,133",0.00%,16.45%,116.45%,"$353,869,204"
1979SYC,1979,Seychelles,"$127,261,099",0.00%,12.48%,112.48%,"$113,140,921"
1979SYR,1979,Syria,"$9,929,682,184",0.10%,4.55%,104.55%,"$9,497,355,373"
1979TGO,1979,Togo,"$891,775,906",0.01%,7.54%,107.54%,"$829,256,198"
1979THA,1979,Thailand,"$27,371,699,082",0.29%,9.90%,109.90%,"$24,906,601,574"
1979TON,1979,Tonga,"$44,667,002",0.00%,5.46%,105.46%,"$42,354,443"
1979TTO,1979,Trinidad and Tobago,"$4,602,416,625",0.05%,14.72%,114.72%,"$4,011,793,544"
1979TUR,1979,Turkey,"$89,394,085,658",0.94%,63.54%,163.54%,"$54,660,869,917"
1979URY,1979,Uruguay,"$7,181,185,277",0.08%,66.84%,166.84%,"$4,304,124,187"
1979USA,1979,the United States,"$2,627,334,000,000",27.77%,11.25%,111.25%,"$2,361,553,628,645"
1979VCT,1979,Saint Vincent and the Grenadines,"$71,096,359",0.00%,15.61%,115.61%,"$61,497,530"
1979VUT,1979,Vanuatu,"$119,258,835",0.00%,4.17%,104.17%,"$114,485,514"
1979ZAF,1979,South Africa,"$57,645,721,018",0.61%,13.29%,113.29%,"$50,881,683,675"
1980AUS,1980,Australia,"$149,776,044,568",1.40%,10.14%,110.14%,"$135,992,101,188"
1980AUT,1980,Austria,"$82,058,912,997",0.77%,6.33%,106.33%,"$77,175,026,238"
1980BDI,1980,Burundi,"$919,726,666",0.01%,2.50%,102.50%,"$897,307,269"
1980BEL,1980,Belgium,"$126,829,314,388",1.19%,6.65%,106.65%,"$118,922,526,299"
1980BFA,1980,Burkina Faso,"$1,928,719,477",0.02%,12.20%,112.20%,"$1,718,960,924"
1980BHR,1980,Bahrain,"$3,072,698,328",0.03%,3.87%,103.87%,"$2,958,228,919"
1980BHS,1980,Bahamas,"$1,335,300,000",0.01%,12.10%,112.10%,"$1,191,191,581"
1980BOL,1980,Bolivia,"$4,526,916,802",0.04%,47.24%,147.24%,"$3,074,481,167"
1980BRB,1980,Barbados,"$1,012,280,614",0.01%,14.43%,114.43%,"$884,624,676"
1980BWA,1980,Botswana,"$1,060,923,829",0.01%,13.63%,113.63%,"$933,645,328"
1980CAN,1980,Canada,"$273,853,826,548",2.56%,10.13%,110.13%,"$248,665,908,357"
1980CHE,1980,Switzerland,"$122,660,905,890",1.15%,4.02%,104.02%,"$117,917,666,745"
1980CHL,1980,Chile,"$29,036,709,871",0.27%,35.14%,135.14%,"$21,486,655,643"
1980CIV,1980,C ô te d'Ivoire,"$10,175,615,441",0.10%,14.70%,114.70%,"$8,871,428,409"
1980CMR,1980,Cameroon,"$6,674,567,625",0.06%,9.55%,109.55%,"$6,092,615,923"
1980COD,1980,Congo (gold),"$14,394,927,494",0.13%,46.63%,146.63%,"$9,817,451,639"
1980COL,1980,Columbia,"$33,400,735,644",0.31%,26.58%,126.58%,"$26,386,921,635"
1980CRI,1980,Costa Rica,"$4,831,447,001",0.05%,18.14%,118.14%,"$4,089,761,727"
1980CYP,1980,Cyprus,"$2,154,311,276",0.02%,13.52%,113.52%,"$1,897,777,987"
1980DEU,1980,Germany,"$950,290,856,466",8.89%,5.44%,105.44%,"$901,253,165,318"
1980DNK,1980,Denmark,"$71,127,528,699",0.67%,12.31%,112.31%,"$63,334,066,556"
1980DZA,1980,Algeria,"$42,346,380,830",0.40%,9.52%,109.52%,"$38,666,199,794"
1980ECU,1980,Ecuador,"$17,881,514,682",0.17%,13.05%,113.05%,"$15,817,492,595"
1980EGY,1980,Egypt,"$21,669,908,177",0.20%,20.82%,120.82%,"$17,935,811,283"
1980ESP,1980,Spain,"$232,766,822,928",2.18%,15.56%,115.56%,"$201,421,765,044"
1980FIN,1980,Finland,"$53,645,202,422",0.50%,11.59%,111.59%,"$48,071,495,546"
1980FJI,1980,Fiji Islands,"$1,202,567,359",0.01%,14.49%,114.49%,"$1,050,342,535"
1980FRA,1980,France,"$701,288,419,745",6.56%,13.56%,113.56%,"$617,534,778,487"
1980GAB,1980,Gabon,"$4,279,637,933",0.04%,12.34%,112.34%,"$3,809,528,438"
1980GBR,1980,United Kingdom,"$564,947,710,899",5.29%,17.97%,117.97%,"$478,907,544,187"
1980GHA,1980,Garner,"$4,445,228,215",0.04%,50.07%,150.07%,"$2,962,100,412"
1980GMB,1980,Gambia,"$241,080,708",0.00%,6.82%,106.82%,"$225,678,985"
1980GRC,1980,Greece,"$56,829,664,268",0.53%,24.68%,124.68%,"$45,581,918,411"
1980GRD,1980,Grenada,"$110,900,457",0.00%,21.82%,121.82%,"$91,035,258"
1980GTM,1980,Guatemala,"$7,878,700,000",0.07%,10.82%,110.82%,"$7,109,210,230"
1980HND,1980,Honduras,"$2,566,000,050",0.02%,18.06%,118.06%,"$2,173,442,752"
1980HTI,1980,Haiti,"$1,383,800,000",0.01%,17.78%,117.78%,"$1,174,919,266"
1980IDN,1980,Indonesia,"$72,482,337,370",0.68%,18.04%,118.04%,"$61,407,271,759"
1980IND,1980,India,"$186,325,345,089",1.74%,11.35%,111.35%,"$167,338,945,385"
1980IRL,1980,Ireland,"$21,751,265,576",0.20%,18.15%,118.15%,"$18,409,181,211"
1980IRN,1980,Iran,"$94,362,275,580",0.88%,20.64%,120.64%,"$78,215,528,747"
1980ISL,1980,Iceland,"$3,381,419,042",0.03%,58.53%,158.53%,"$2,133,004,866"
1980ISR,1980,Israel,"$24,248,823,529",0.23%,131.03%,231.03%,"$10,496,190,238"
1980ITA,1980,Italy,"$477,256,775,943",4.47%,21.06%,121.06%,"$394,218,027,285"
1980JAM,1980,Jamaica,"$2,679,409,453",0.03%,27.31%,127.31%,"$2,104,664,363"
1980JOR,1980,Jordan,"$3,910,036,925",0.04%,11.11%,111.11%,"$3,519,033,233"
1980JPN,1980,Japan,"$1,105,385,973,763",10.34%,7.78%,107.78%,"$1,025,608,201,231"
1980KEN,1980,Kenya,"$7,265,315,331",0.07%,13.86%,113.86%,"$6,381,021,757"
1980KNA,1980,Saint Kitts and Nevis,"$68,459,259",0.00%,17.74%,117.74%,"$58,146,088"
1980KOR,1980,South Korea,"$65,398,646,757",0.61%,28.70%,128.70%,"$50,815,743,547"
1980KWT,1980,Kuwait,"$28,638,550,499",0.27%,6.93%,106.93%,"$26,782,965,908"
1980LCA,1980,Saint Lucia,"$170,370,370",0.00%,19.48%,119.48%,"$142,595,922"
1980LKA,1980,Sri Lanka,"$4,024,621,899",0.04%,26.15%,126.15%,"$3,190,462,416"
1980LSO,1980,Lesotho,"$431,561,376",0.00%,16.27%,116.27%,"$371,156,279"
1980LUX,1980,Luxembourg,"$6,232,005,793",0.06%,6.30%,106.30%,"$5,862,663,831"
1980MDG,1980,Madagascar,"$4,042,139,901",0.04%,18.22%,118.22%,"$3,419,229,294"
1980MEX,1980,Mexico,"$205,139,086,956",1.92%,26.35%,126.35%,"$162,355,683,323"
1980MLT,1980,Malta,"$1,250,242,107",0.01%,15.75%,115.75%,"$1,080,148,395"
1980MUS,1980,Mauritius,"$1,131,788,191",0.01%,42.00%,142.00%,"$797,036,663"
1980MYS,1980,Malaysia,"$24,488,033,442",0.23%,6.67%,106.67%,"$22,955,755,250"
1980NER,1980,Niger,"$2,508,524,186",0.02%,10.31%,110.31%,"$2,274,165,193"
1980NGA,1980,Nigeria,"$64,201,788,122",0.60%,9.97%,109.97%,"$58,379,983,243"
1980NLD,1980,Netherlands,"$195,152,092,662",1.83%,6.51%,106.51%,"$183,218,253,345"
1980NOR,1980,Norway,"$64,439,382,896",0.60%,10.88%,110.88%,"$58,117,028,347"
1980NPL,1980,Nepal,"$1,945,916,583",0.02%,14.68%,114.68%,"$1,696,756,350"
1980NZL,1980,New Zealand,"$23,244,547,384",0.22%,17.15%,117.15%,"$19,841,604,067"
1980PAK,1980,Pakistan,"$23,654,444,444",0.22%,11.94%,111.94%,"$21,131,694,017"
1980PAN,1980,Panama,"$4,614,086,400",0.04%,13.81%,113.81%,"$4,054,275,953"
1980PER,1980,Peru,"$18,134,029,179",0.17%,59.15%,159.15%,"$11,394,653,342"
1980PHL,1980,Philippines,"$32,450,541,843",0.30%,18.20%,118.20%,"$27,453,808,540"
1980PNG,1980,Papua New Guinea,"$2,545,983,007",0.02%,12.06%,112.06%,"$2,271,893,927"
1980PRT,1980,Portugal,"$32,896,519,823",0.31%,15.87%,115.87%,"$28,391,503,565"
1980PRY,1980,Paraguay,"$4,448,087,301",0.04%,22.45%,122.45%,"$3,632,653,563"
1980QAT,1980,Qatar,"$7,829,094,613",0.07%,6.80%,106.80%,"$7,330,612,934"
1980RWA,1980,Rwanda,"$1,254,765,349",0.01%,7.25%,107.25%,"$1,169,951,003"
1980SAU,1980,Saudi Arabia,"$164,541,658,298",1.54%,4.17%,104.17%,"$157,956,049,554"
1980SDN,1980,Sudan,"$7,459,833,333",0.07%,25.35%,125.35%,"$5,951,090,827"
1980SEN,1980,Senegal,"$3,503,282,102",0.03%,8.73%,108.73%,"$3,222,030,195"
1980SGP,1980,Singapore,"$11,896,256,782",0.11%,8.53%,108.53%,"$10,961,569,940"
1980SLB,1980,Solomon Islands,"$183,176,669",0.00%,13.09%,113.09%,"$161,972,939"
1980SLV,1980,El Salvador,"$3,573,959,900",0.03%,17.37%,117.37%,"$3,045,115,634"
1980SUR,1980,Suriname,"$795,000,000",0.01%,14.11%,114.11%,"$696,697,963"
1980SWE,1980,Sweden,"$142,092,068,280",1.33%,13.71%,113.71%,"$124,964,087,599"
1980SWZ,1980,Eswatini,"$542,000,513",0.01%,18.68%,118.68%,"$456,675,395"
1980SYC,1980,Seychelles,"$147,357,222",0.00%,13.57%,113.57%,"$129,748,369"
1980SYR,1980,Syria,"$13,062,421,024",0.12%,19.30%,119.30%,"$10,949,550,587"
1980TGO,1980,Togo,"$1,136,408,814",0.01%,12.31%,112.31%,"$1,011,878,386"
1980THA,1980,Thailand,"$32,353,440,726",0.30%,19.70%,119.70%,"$27,027,982,127"
1980TON,1980,Tonga,"$53,260,077",0.00%,22.39%,122.39%,"$43,515,485"
1980TTO,1980,Trinidad and Tobago,"$6,235,833,333",0.06%,17.47%,117.47%,"$5,308,433,796"
1980TUR,1980,Turkey,"$68,789,289,565",0.64%,94.26%,194.26%,"$35,410,781,980"
1980URY,1980,Uruguay,"$10,163,020,115",0.10%,63.48%,163.48%,"$6,216,833,454"
1980USA,1980,the United States,"$2,857,307,000,000",26.74%,13.55%,113.55%,"$2,516,360,265,354"
1980VCT,1980,Saint Vincent and the Grenadines,"$82,340,339",0.00%,17.21%,117.21%,"$70,251,781"
1980VUT,1980,Vanuatu,"$121,185,497",0.00%,11.24%,111.24%,"$108,940,430"
1980ZAF,1980,South Africa,"$82,980,483,387",0.78%,13.66%,113.66%,"$73,007,485,189"
1981AUS,1981,Australia,"$176,642,284,918",1.61%,9.49%,109.49%,"$161,335,327,820"
1981AUT,1981,Austria,"$71,034,228,443",0.65%,6.80%,106.80%,"$66,509,555,591"
1981BDI,1981,Burundi,"$969,046,666",0.01%,12.17%,112.17%,"$863,929,016"
1981BEL,1981,Belgium,"$104,730,018,470",0.96%,7.63%,107.63%,"$97,307,873,490"
1981BFA,1981,Burkina Faso,"$1,775,842,026",0.02%,7.56%,107.56%,"$1,651,090,489"
1981BHR,1981,Bahrain,"$3,467,819,148",0.03%,11.34%,111.34%,"$3,114,492,528"
1981BHS,1981,Bahamas,"$1,426,500,000",0.01%,11.11%,111.11%,"$1,283,810,861"
1981BOL,1981,Bolivia,"$5,872,756,933",0.05%,32.13%,132.13%,"$4,444,559,812"
1981BRA,1981,Brazil,"$263,561,088,977",2.40%,101.73%,201.73%,"$130,653,609,419"
1981BRB,1981,Barbados,"$1,114,204,743",0.01%,14.57%,114.57%,"$972,530,716"
1981BRN,1981,Brunei,"$4,366,213,849",0.04%,9.14%,109.14%,"$4,000,670,364"
1981BTN,1981,Bhutan,"$139,150,441",0.00%,9.93%,109.93%,"$126,577,334"
1981BWA,1981,Botswana,"$1,073,861,599",0.01%,16.43%,116.43%,"$922,339,430"
1981CAF,1981,Central Africa,"$694,803,502",0.01%,-0.03%,99.97%,"$695,035,180"
1981CAN,1981,Canada,"$306,214,863,624",2.79%,12.47%,112.47%,"$272,259,690,301"
1981CHE,1981,Switzerland,"$112,339,195,092",1.02%,6.49%,106.49%,"$105,492,410,973"
1981CHL,1981,Chile,"$34,509,878,043",0.31%,19.69%,119.69%,"$28,833,479,224"
1981CIV,1981,C ô te d'Ivoire,"$8,432,588,483",0.08%,8.80%,108.80%,"$7,750,597,103"
1981CMR,1981,Cameroon,"$6,610,937,473",0.06%,10.73%,110.73%,"$5,970,456,728"
1981COD,1981,Congo (gold),"$12,537,821,038",0.11%,35.41%,135.41%,"$9,259,273,095"
1981COL,1981,Columbia,"$36,388,366,869",0.33%,27.52%,127.52%,"$28,534,762,509"
1981CRI,1981,Costa Rica,"$2,623,807,074",0.02%,37.06%,137.06%,"$1,914,400,344"
1981CYP,1981,Cyprus,"$2,087,496,373",0.02%,10.74%,110.74%,"$1,884,962,886"
1981DEU,1981,Germany,"$800,472,055,387",7.30%,6.34%,106.34%,"$752,717,823,233"
1981DMA,1981,Dominica,"$7,561,300,000",0.07%,13.27%,113.27%,"$6,675,660,927"
1981DMA,1981,Dominica,"$82,107,391",0.00%,13.27%,113.27%,"$72,490,326"
1981DNK,1981,Denmark,"$61,877,813,965",0.56%,11.77%,111.77%,"$55,363,031,550"
1981DZA,1981,Algeria,"$44,348,672,667",0.40%,14.65%,114.65%,"$38,680,156,586"
1981ECU,1981,Ecuador,"$21,810,767,209",0.20%,16.39%,116.39%,"$18,739,789,050"
1981EGY,1981,Egypt,"$22,136,081,081",0.20%,10.32%,110.32%,"$20,065,832,147"
1981ESP,1981,Spain,"$202,807,891,511",1.85%,14.55%,114.55%,"$177,048,494,023"
1981ETH,1981,Ethiopia,"$7,324,903,188",0.07%,6.14%,106.14%,"$6,901,433,493"
1981FIN,1981,Finland,"$52,448,332,874",0.48%,11.31%,111.31%,"$47,120,952,638"
1981FJI,1981,Fiji Islands,"$1,235,665,808",0.01%,11.18%,111.18%,"$1,111,403,488"
1981FRA,1981,France,"$615,552,202,776",5.61%,13.31%,113.31%,"$543,225,020,402"
1981GAB,1981,Gabon,"$3,862,269,126",0.04%,8.71%,108.71%,"$3,552,932,943"
1981GBR,1981,United Kingdom,"$540,765,675,241",4.93%,11.88%,111.88%,"$483,358,939,316"
1981GHA,1981,Garner,"$4,222,441,614",0.04%,116.50%,216.50%,"$1,950,286,986"
1981GMB,1981,Gambia,"$218,764,445",0.00%,5.94%,105.94%,"$206,490,199"
1981GRC,1981,Greece,"$52,346,506,765",0.48%,24.51%,124.51%,"$42,043,337,947"
1981GRD,1981,Grenada,"$115,651,918",0.00%,18.79%,118.79%,"$97,360,367"
1981GTM,1981,Guatemala,"$8,607,500,300",0.08%,11.43%,111.43%,"$7,724,368,052"
1981HND,1981,Honduras,"$2,819,500,000",0.03%,9.41%,109.41%,"$2,577,105,421"
1981HTI,1981,Haiti,"$1,479,400,000",0.01%,10.86%,110.86%,"$1,334,495,978"
1981IDN,1981,Indonesia,"$85,518,233,450",0.78%,12.27%,112.27%,"$76,174,712,863"
1981IND,1981,India,"$193,490,610,032",1.76%,13.11%,113.11%,"$171,060,253,999"
1981IRL,1981,Ireland,"$20,673,430,092",0.19%,20.37%,120.37%,"$17,174,399,815"
1981IRN,1981,Iran,"$100,499,312,749",0.92%,24.20%,124.20%,"$80,914,982,363"
1981ISL,1981,Iceland,"$3,492,997,010",0.03%,51.79%,151.79%,"$2,301,154,500"
1981ISR,1981,Israel,"$25,668,421,052",0.23%,116.80%,216.80%,"$11,839,678,224"
1981ITA,1981,Italy,"$430,702,851,303",3.93%,17.97%,117.97%,"$365,097,407,433"
1981JAM,1981,Jamaica,"$2,979,061,412",0.03%,12.74%,112.74%,"$2,642,424,038"
1981JOR,1981,Jordan,"$4,384,685,230",0.04%,7.70%,107.70%,"$4,071,202,628"
1981JPN,1981,Japan,"$1,218,988,935,129",11.12%,4.91%,104.91%,"$1,161,913,834,606"
1981KEN,1981,Kenya,"$6,854,491,453",0.06%,11.60%,111.60%,"$6,141,849,386"
1981KNA,1981,Saint Kitts and Nevis,"$80,888,888",0.00%,10.48%,110.48%,"$73,218,276"
1981KOR,1981,South Korea,"$72,933,350,953",0.67%,21.35%,121.35%,"$60,100,836,546"
1981KWT,1981,Kuwait,"$25,056,672,166",0.23%,7.37%,107.37%,"$23,335,714,209"
1981LCA,1981,Saint Lucia,"$194,444,444",0.00%,15.12%,115.12%,"$168,898,768"
1981LKA,1981,Sri Lanka,"$4,415,844,155",0.04%,17.97%,117.97%,"$3,743,224,342"
1981LSO,1981,Lesotho,"$434,188,034",0.00%,12.41%,112.41%,"$386,242,716"
1981LUX,1981,Luxembourg,"$5,231,808,996",0.05%,8.07%,108.07%,"$4,840,997,954"
1981MDG,1981,Madagascar,"$3,594,868,208",0.03%,30.54%,130.54%,"$2,753,882,641"
1981MEX,1981,Mexico,"$263,959,336,734",2.41%,27.93%,127.93%,"$206,325,000,820"
1981MLT,1981,Malta,"$1,243,469,360",0.01%,11.51%,111.51%,"$1,115,121,588"
1981MUS,1981,Mauritius,"$1,142,393,554",0.01%,14.46%,114.46%,"$998,058,426"
1981MWI,1981,Malawi,"$1,237,685,691",0.01%,11.81%,111.81%,"$1,106,907,874"
1981MYS,1981,Malaysia,"$25,004,557,093",0.23%,9.70%,109.70%,"$22,793,579,848"
1981NER,1981,Niger,"$2,170,893,038",0.02%,22.91%,122.91%,"$1,766,197,099"
1981NGA,1981,Nigeria,"$61,076,493,506",0.56%,20.81%,120.81%,"$50,554,644,809"
1981NLD,1981,Netherlands,"$164,134,217,080",1.50%,6.74%,106.74%,"$153,771,657,990"
1981NOR,1981,Norway,"$63,596,654,760",0.58%,13.64%,113.64%,"$55,961,807,319"
1981NPL,1981,Nepal,"$2,275,583,316",0.02%,11.14%,111.14%,"$2,047,403,166"
1981NZL,1981,New Zealand,"$24,417,617,184",0.22%,15.37%,115.37%,"$21,164,586,469"
1981PAK,1981,Pakistan,"$28,100,606,060",0.26%,11.88%,111.88%,"$25,116,757,028"
1981PAN,1981,Panama,"$5,222,421,500",0.05%,7.30%,107.30%,"$4,867,016,009"
1981PER,1981,Peru,"$21,649,137,620",0.20%,75.43%,175.43%,"$12,340,383,197"
1981PHL,1981,Philippines,"$35,646,416,952",0.33%,13.08%,113.08%,"$31,522,460,059"
1981PNG,1981,Papua New Guinea,"$2,498,068,350",0.02%,8.05%,108.05%,"$2,311,865,469"
1981PRT,1981,Portugal,"$31,977,276,872",0.29%,19.04%,119.04%,"$26,862,539,091"
1981PRY,1981,Paraguay,"$5,624,515,873",0.05%,12.97%,112.97%,"$4,978,562,456"
1981QAT,1981,Qatar,"$8,661,263,763",0.08%,8.52%,108.52%,"$7,981,216,306"
1981RWA,1981,Rwanda,"$1,407,062,607",0.01%,6.45%,106.45%,"$1,321,797,862"
1981SAU,1981,Saudi Arabia,"$184,291,888,767",1.68%,2.80%,102.80%,"$179,274,040,311"
1981SDN,1981,Sudan,"$10,016,500,000",0.09%,24.58%,124.58%,"$8,040,491,078"
1981SEN,1981,Senegal,"$3,176,771,103",0.03%,5.91%,105.91%,"$2,999,410,169"
1981SGP,1981,Singapore,"$14,175,228,843",0.13%,8.18%,108.18%,"$13,103,128,029"
1981SLB,1981,Solomon Islands,"$194,208,227",0.00%,16.40%,116.40%,"$166,847,399"
1981SLV,1981,El Salvador,"$3,437,200,200",0.03%,14.80%,114.80%,"$2,994,151,119"
1981SUR,1981,Suriname,"$889,000,000",0.01%,8.79%,108.79%,"$817,140,878"
1981SWE,1981,Sweden,"$129,686,938,223",1.18%,12.10%,112.10%,"$115,684,551,251"
1981SWZ,1981,Eswatini,"$570,761,166",0.01%,20.06%,120.06%,"$475,413,251"
1981SYC,1981,Seychelles,"$154,902,869",0.00%,10.58%,110.58%,"$140,086,241"
1981SYR,1981,Syria,"$15,518,199,247",0.14%,18.39%,118.39%,"$13,107,233,643"
1981TGO,1981,Togo,"$962,347,000",0.01%,19.72%,119.72%,"$803,854,925"
1981THA,1981,Thailand,"$34,846,107,862",0.32%,12.66%,112.66%,"$30,929,506,586"
1981TON,1981,Tonga,"$62,242,013",0.00%,14.90%,114.90%,"$54,170,949"
1981TTO,1981,Trinidad and Tobago,"$6,992,083,333",0.06%,14.33%,114.33%,"$6,115,602,166"
1981TUR,1981,Turkey,"$71,040,020,140",0.65%,37.61%,137.61%,"$51,622,375,742"
1981URY,1981,Uruguay,"$11,048,335,541",0.10%,34.05%,134.05%,"$8,242,237,949"
1981USA,1981,the United States,"$3,207,042,000,000",29.25%,10.33%,110.33%,"$2,906,648,184,225"
1981VCT,1981,Saint Vincent and the Grenadines,"$102,086,539",0.00%,12.74%,112.74%,"$90,553,905"
1981VUT,1981,Vanuatu,"$113,781,795",0.00%,26.85%,126.85%,"$89,700,992"
1981ZAF,1981,South Africa,"$85,454,420,500",0.78%,15.25%,115.25%,"$74,144,272,119"
1982AUS,1982,Australia,"$193,770,274,743",1.78%,11.35%,111.35%,"$174,016,262,294"
1982AUT,1982,Austria,"$71,275,287,569",0.66%,5.44%,105.44%,"$67,600,503,368"
1982BDI,1982,Burundi,"$1,013,222,222",0.01%,5.87%,105.87%,"$957,060,963"
1982BEL,1982,Belgium,"$92,095,926,187",0.85%,8.73%,108.73%,"$84,704,174,811"
1982BFA,1982,Burkina Faso,"$1,754,449,845",0.02%,12.06%,112.06%,"$1,565,637,624"
1982BHR,1982,Bahrain,"$3,645,744,680",0.03%,8.89%,108.89%,"$3,348,230,522"
1982BHS,1982,Bahamas,"$1,578,300,000",0.01%,6.01%,106.01%,"$1,488,785,000"
1982BOL,1982,Bolivia,"$5,587,490,264",0.05%,123.54%,223.54%,"$2,499,596,171"
1982BRA,1982,Brazil,"$281,682,304,161",2.59%,100.54%,200.54%,"$140,459,552,131"
1982BRB,1982,Barbados,"$1,163,923,830",0.01%,10.33%,110.33%,"$1,054,924,147"
1982BRN,1982,Brunei,"$4,264,252,336",0.04%,6.36%,106.36%,"$4,009,391,774"
1982BTN,1982,Bhutan,"$141,366,534",0.00%,9.90%,109.90%,"$128,626,783"
1982BWA,1982,Botswana,"$1,014,907,254",0.01%,11.14%,111.14%,"$913,202,056"
1982CAF,1982,Central Africa,"$748,312,283",0.01%,13.30%,113.30%,"$660,492,543"
1982CAN,1982,Canada,"$313,506,525,087",2.88%,10.77%,110.77%,"$283,027,385,476"
1982CHE,1982,Switzerland,"$115,140,108,850",1.06%,5.66%,105.66%,"$108,977,329,880"
1982CHL,1982,Chile,"$25,325,893,205",0.23%,9.94%,109.94%,"$23,035,889,251"
1982CIV,1982,C ô te d'Ivoire,"$7,567,109,766",0.07%,7.58%,107.58%,"$7,033,732,942"
1982CMR,1982,Cameroon,"$6,611,255,018",0.06%,13.26%,113.26%,"$5,837,390,942"
1982COD,1982,Congo (gold),"$13,651,667,371",0.13%,36.70%,136.70%,"$9,986,611,246"
1982COL,1982,Columbia,"$38,968,039,721",0.36%,24.70%,124.70%,"$31,249,370,314"
1982CRI,1982,Costa Rica,"$2,606,621,255",0.02%,90.12%,190.12%,"$1,371,030,392"
1982CYP,1982,Cyprus,"$2,159,242,416",0.02%,6.43%,106.43%,"$2,028,737,825"
1982DEU,1982,Germany,"$776,576,439,106",7.14%,5.24%,105.24%,"$737,902,615,294"
1982DMA,1982,Dominica,"$8,267,400,000",0.08%,4.39%,104.39%,"$7,919,375,588"
1982DMA,1982,Dominica,"$89,527,576",0.00%,4.39%,104.39%,"$85,758,824"
1982DNK,1982,Denmark,"$60,412,844,678",0.56%,10.12%,110.12%,"$54,860,508,269"
1982DZA,1982,Algeria,"$45,207,088,715",0.42%,6.54%,106.54%,"$42,431,034,215"
1982ECU,1982,Ecuador,"$19,929,853,574",0.18%,16.26%,116.26%,"$17,142,784,830"
1982EGY,1982,Egypt,"$27,655,172,413",0.25%,14.82%,114.82%,"$24,085,044,182"
1982ESP,1982,Spain,"$195,996,754,505",1.80%,14.42%,114.42%,"$171,303,370,182"
1982ETH,1982,Ethiopia,"$7,707,678,019",0.07%,5.89%,105.89%,"$7,278,943,784"
1982FIN,1982,Finland,"$52,797,582,336",0.49%,9.58%,109.58%,"$48,179,602,314"
1982FJI,1982,Fiji Islands,"$1,194,122,694",0.01%,7.03%,107.03%,"$1,115,673,479"
1982FRA,1982,France,"$584,877,732,308",5.38%,11.98%,111.98%,"$522,312,657,177"
1982GAB,1982,Gabon,"$3,618,007,844",0.03%,16.69%,116.69%,"$3,100,641,158"
1982GBR,1982,United Kingdom,"$515,048,916,841",4.74%,8.60%,108.60%,"$474,267,316,123"
1982GHA,1982,Garner,"$4,035,994,397",0.04%,22.30%,122.30%,"$3,300,196,823"
1982GMB,1982,Gambia,"$216,051,495",0.00%,10.86%,110.86%,"$194,894,093"
1982GRC,1982,Greece,"$54,617,989,795",0.50%,20.99%,120.99%,"$45,142,159,161"
1982GRD,1982,Grenada,"$125,435,590",0.00%,7.81%,107.81%,"$116,345,794"
1982GTM,1982,Guatemala,"$8,716,999,700",0.08%,0.31%,100.31%,"$8,690,287,013"
1982HKG,1982,Hong Kong,"$32,291,306,281",0.30%,10.97%,110.97%,"$29,099,009,841"
1982HND,1982,Honduras,"$2,903,500,050",0.03%,8.98%,108.98%,"$2,664,186,275"
1982HTI,1982,Haiti,"$1,474,200,000",0.01%,7.36%,107.36%,"$1,373,146,800"
1982IDN,1982,Indonesia,"$90,158,449,307",0.83%,9.45%,109.45%,"$82,377,541,289"
1982IND,1982,India,"$200,715,145,360",1.85%,7.89%,107.89%,"$186,035,557,975"
1982IRL,1982,Ireland,"$21,478,119,830",0.20%,17.15%,117.15%,"$18,334,314,060"
1982IRN,1982,Iran,"$125,948,756,439",1.16%,18.69%,118.69%,"$106,115,972,088"
1982ISL,1982,Iceland,"$3,206,626,563",0.03%,50.24%,150.24%,"$2,134,290,271"
1982ISR,1982,Israel,"$27,934,609,053",0.26%,120.36%,220.36%,"$12,676,553,043"
1982ITA,1982,Italy,"$427,272,645,669",3.93%,16.48%,116.48%,"$366,819,303,539"
1982JAM,1982,Jamaica,"$3,293,533,288",0.03%,6.55%,106.55%,"$3,091,201,536"
1982JOR,1982,Jordan,"$4,680,567,375",0.04%,7.43%,107.43%,"$4,356,932,639"
1982JPN,1982,Japan,"$1,134,518,001,884",10.44%,2.74%,102.74%,"$1,104,250,055,603"
1982KEN,1982,Kenya,"$6,431,579,357",0.06%,20.67%,120.67%,"$5,330,036,021"
1982KNA,1982,Saint Kitts and Nevis,"$86,022,222",0.00%,5.93%,105.93%,"$81,208,796"
1982KOR,1982,South Korea,"$78,358,866,334",0.72%,7.19%,107.19%,"$73,102,199,292"
1982KWT,1982,Kuwait,"$21,577,977,770",0.20%,7.78%,107.78%,"$20,020,986,042"
1982LCA,1982,Saint Lucia,"$183,333,333",0.00%,4.61%,104.61%,"$175,247,304"
1982LKA,1982,Sri Lanka,"$4,768,765,016",0.04%,10.83%,110.83%,"$4,302,939,571"
1982LSO,1982,Lesotho,"$348,746,822",0.00%,12.14%,112.14%,"$310,992,579"
1982LUX,1982,Luxembourg,"$4,764,549,708",0.04%,9.36%,109.36%,"$4,356,874,719"
1982MDG,1982,Madagascar,"$3,526,198,070",0.03%,31.79%,131.79%,"$2,675,624,837"
1982MEX,1982,Mexico,"$184,609,157,801",1.70%,58.91%,158.91%,"$116,169,646,324"
1982MLT,1982,Malta,"$1,234,518,125",0.01%,5.82%,105.82%,"$1,166,640,265"
1982MUS,1982,Mauritius,"$1,078,408,829",0.01%,11.42%,111.42%,"$967,914,661"
1982MWI,1982,Malawi,"$1,180,104,216",0.01%,9.82%,109.82%,"$1,074,569,045"
1982MYS,1982,Malaysia,"$26,804,401,815",0.25%,5.82%,105.82%,"$25,330,448,348"
1982NER,1982,Niger,"$2,017,611,927",0.02%,11.64%,111.64%,"$1,807,218,516"
1982NGA,1982,Nigeria,"$51,397,461,685",0.47%,7.70%,107.70%,"$47,723,803,885"
1982NLD,1982,Netherlands,"$158,479,527,935",1.46%,5.91%,105.91%,"$149,634,488,779"
1982NOR,1982,Norway,"$62,647,195,537",0.58%,11.34%,111.34%,"$56,266,063,438"
1982NPL,1982,Nepal,"$2,395,429,852",0.02%,11.70%,111.70%,"$2,144,548,810"
1982NZL,1982,New Zealand,"$24,164,603,058",0.22%,16.16%,116.16%,"$20,802,199,208"
1982PAK,1982,Pakistan,"$30,725,971,563",0.28%,5.90%,105.90%,"$29,013,170,681"
1982PAN,1982,Panama,"$5,769,767,900",0.05%,4.25%,104.25%,"$5,534,519,190"
1982PER,1982,Peru,"$21,793,496,819",0.20%,64.45%,164.45%,"$13,252,502,802"
1982PHL,1982,Philippines,"$37,140,163,934",0.34%,10.22%,110.22%,"$33,695,864,597"
1982PNG,1982,Papua New Guinea,"$2,368,584,969",0.02%,5.54%,105.54%,"$2,244,358,485"
1982PRT,1982,Portugal,"$30,527,754,793",0.28%,21.68%,121.68%,"$25,088,703,563"
1982PRY,1982,Paraguay,"$5,419,411,764",0.05%,5.12%,105.12%,"$5,155,449,382"
1982QAT,1982,Qatar,"$7,596,703,214",0.07%,5.70%,105.70%,"$7,187,041,830"
1982RWA,1982,Rwanda,"$1,407,242,640",0.01%,12.57%,112.57%,"$1,250,158,516"
1982SAU,1982,Saudi Arabia,"$153,238,991,868",1.41%,1.02%,101.02%,"$151,690,175,105"
1982SDN,1982,Sudan,"$9,240,000,000",0.09%,25.71%,125.71%,"$7,350,082,202"
1982SEN,1982,Senegal,"$3,109,677,455",0.03%,17.38%,117.38%,"$2,649,321,198"
1982SGP,1982,Singapore,"$16,084,252,378",0.15%,3.92%,103.92%,"$15,478,086,137"
1982SLB,1982,Solomon Islands,"$192,565,132",0.00%,12.98%,112.98%,"$170,436,621"
1982SLV,1982,El Salvador,"$3,399,189,100",0.03%,11.73%,111.73%,"$3,042,354,753"
1982SUR,1982,Suriname,"$915,000,000",0.01%,7.28%,107.28%,"$852,936,831"
1982SWE,1982,Sweden,"$114,380,557,730",1.05%,8.59%,108.59%,"$105,333,286,768"
1982SWZ,1982,Eswatini,"$537,575,980",0.00%,10.81%,110.81%,"$485,144,382"
1982SYC,1982,Seychelles,"$147,912,069",0.00%,-0.91%,99.09%,"$149,274,417"
1982SYR,1982,Syria,"$16,298,905,397",0.15%,14.30%,114.30%,"$14,259,344,420"
1982TGO,1982,Togo,"$821,651,918",0.01%,11.13%,111.13%,"$739,363,208"
1982THA,1982,Thailand,"$36,589,797,857",0.34%,5.26%,105.26%,"$34,761,654,663"
1982TON,1982,Tonga,"$62,068,161",0.00%,10.84%,110.84%,"$55,999,056"
1982TTO,1982,Trinidad and Tobago,"$8,140,416,666",0.07%,11.63%,111.63%,"$7,292,008,736"
1982TUR,1982,Turkey,"$64,546,332,580",0.59%,29.14%,129.14%,"$49,982,635,046"
1982URY,1982,Uruguay,"$9,178,802,162",0.08%,18.99%,118.99%,"$7,713,765,205"
1982USA,1982,the United States,"$3,343,789,000,000",30.76%,6.13%,106.13%,"$3,150,611,552,599"
1982VCT,1982,Saint Vincent and the Grenadines,"$113,759,203",0.00%,7.23%,107.23%,"$106,090,695"
1982VUT,1982,Vanuatu,"$114,501,912",0.00%,6.67%,106.67%,"$107,339,627"
1982WSM,1982,Samoa,"$121,221,651",0.00%,18.30%,118.30%,"$102,472,967"
1982ZAF,1982,South Africa,"$78,423,059,789",0.72%,14.64%,114.64%,"$68,408,689,548"
1983AUS,1983,Australia,"$177,030,416,471",1.59%,10.04%,110.04%,"$160,879,833,916"
1983AUT,1983,Austria,"$72,121,016,546",0.65%,3.34%,103.34%,"$69,790,593,790"
1983BDI,1983,Burundi,"$1,082,926,304",0.01%,8.15%,108.15%,"$1,001,307,420"
1983BEL,1983,Belgium,"$87,184,239,053",0.78%,7.66%,107.66%,"$80,979,876,843"
1983BFA,1983,Burkina Faso,"$1,600,278,756",0.01%,8.15%,108.15%,"$1,479,632,992"
1983BHR,1983,Bahrain,"$3,735,106,382",0.03%,2.97%,102.97%,"$3,627,288,878"
1983BHS,1983,Bahamas,"$1,732,800,000",0.02%,4.00%,104.00%,"$1,666,153,846"
1983BOL,1983,Bolivia,"$5,422,440,961",0.05%,275.59%,375.59%,"$1,443,727,100"
1983BRA,1983,Brazil,"$203,304,515,490",1.83%,135.03%,235.03%,"$86,502,370,098"
1983BRB,1983,Barbados,"$1,236,016,506",0.01%,5.23%,105.23%,"$1,174,582,340"
1983BRN,1983,Brunei,"$3,844,723,142",0.03%,1.17%,101.17%,"$3,800,403,567"
1983BTN,1983,Bhutan,"$156,687,192",0.00%,18.02%,118.02%,"$132,759,074"
1983BWA,1983,Botswana,"$1,172,258,182",0.01%,10.48%,110.48%,"$1,061,086,612"
1983CAF,1983,Central Africa,"$658,679,394",0.01%,14.61%,114.61%,"$574,700,626"
1983CAN,1983,Canada,"$340,547,711,781",3.06%,5.86%,105.86%,"$321,685,404,886"
1983CHE,1983,Switzerland,"$114,730,757,467",1.03%,2.95%,102.95%,"$111,443,406,076"
1983CHL,1983,Chile,"$20,355,959,237",0.18%,27.26%,127.26%,"$15,995,920,144"
1983CIV,1983,C ô te d'Ivoire,"$6,838,185,418",0.06%,5.64%,105.64%,"$6,473,076,188"
1983CMR,1983,Cameroon,"$6,870,200,658",0.06%,16.63%,116.63%,"$5,890,532,810"
1983COD,1983,Congo (gold),"$11,006,712,650",0.10%,76.53%,176.53%,"$6,235,154,679"
1983COL,1983,Columbia,"$38,729,822,781",0.35%,19.49%,119.49%,"$32,413,370,996"
1983CRI,1983,Costa Rica,"$3,146,770,103",0.03%,32.62%,132.62%,"$2,372,705,564"
1983CYP,1983,Cyprus,"$2,160,364,071",0.02%,5.05%,105.05%,"$2,056,515,895"
1983DEU,1983,Germany,"$770,684,323,247",6.93%,3.29%,103.29%,"$746,111,769,283"
1983DMA,1983,Dominica,"$9,220,600,000",0.08%,4.15%,104.15%,"$8,853,366,565"
1983DMA,1983,Dominica,"$98,665,191",0.00%,4.15%,104.15%,"$94,735,603"
1983DNK,1983,Denmark,"$60,644,782,176",0.55%,6.91%,106.91%,"$56,726,018,988"
1983DZA,1983,Algeria,"$48,801,369,800",0.44%,5.97%,105.97%,"$46,053,294,238"
1983ECU,1983,Ecuador,"$17,152,483,214",0.15%,48.43%,148.43%,"$11,555,639,336"
1983EGY,1983,Egypt,"$30,966,239,813",0.28%,16.08%,116.08%,"$26,676,665,625"
1983ESP,1983,Spain,"$170,951,185,614",1.54%,12.17%,112.17%,"$152,398,126,803"
1983ETH,1983,Ethiopia,"$8,567,890,821",0.08%,-0.68%,99.32%,"$8,626,149,946"
1983FIN,1983,Finland,"$50,973,526,900",0.46%,8.37%,108.37%,"$47,038,175,501"
1983FJI,1983,Fiji Islands,"$1,123,107,276",0.01%,6.70%,106.70%,"$1,052,542,866"
1983FRA,1983,France,"$559,869,179,791",5.04%,9.46%,109.46%,"$511,485,007,573"
1983GAB,1983,Gabon,"$3,391,275,731",0.03%,10.67%,110.67%,"$3,064,259,857"
1983GBR,1983,United Kingdom,"$489,618,008,185",4.40%,4.61%,104.61%,"$468,044,421,353"
1983GHA,1983,Garner,"$4,057,275,042",0.04%,122.87%,222.87%,"$1,820,430,231"
1983GMB,1983,Gambia,"$213,446,562",0.00%,10.64%,110.64%,"$192,926,332"
1983GRC,1983,Greece,"$49,428,873,839",0.44%,20.18%,120.18%,"$41,129,212,165"
1983GRD,1983,Grenada,"$131,803,552",0.00%,6.10%,106.10%,"$124,231,227"
1983GTM,1983,Guatemala,"$9,050,000,400",0.08%,4.54%,104.54%,"$8,657,083,254"
1983HKG,1983,Hong Kong,"$29,907,091,339",0.27%,9.89%,109.89%,"$27,216,487,966"
1983HND,1983,Honduras,"$3,076,999,950",0.03%,8.25%,108.25%,"$2,842,420,352"
1983HTI,1983,Haiti,"$1,623,600,000",0.01%,10.24%,110.24%,"$1,472,737,707"
1983IDN,1983,Indonesia,"$81,052,283,404",0.73%,11.80%,111.80%,"$72,497,738,391"
1983IND,1983,India,"$218,262,273,410",1.96%,11.87%,111.87%,"$195,106,835,546"
1983IRL,1983,Ireland,"$20,769,303,122",0.19%,10.45%,110.45%,"$18,804,661,732"
1983IRN,1983,Iran,"$156,365,156,618",1.41%,19.74%,119.74%,"$130,587,029,876"
1983ISL,1983,Iceland,"$2,765,950,295",0.02%,83.95%,183.95%,"$1,503,642,077"
1983ISR,1983,Israel,"$31,200,693,950",0.28%,145.95%,245.95%,"$12,685,708,399"
1983ITA,1983,Italy,"$443,042,373,788",3.99%,14.65%,114.65%,"$386,441,869,140"
1983JAM,1983,Jamaica,"$3,619,294,120",0.03%,11.58%,111.58%,"$3,243,615,025"
1983JOR,1983,Jordan,"$4,920,407,601",0.04%,5.02%,105.02%,"$4,685,202,602"
1983JPN,1983,Japan,"$1,243,323,592,058",11.18%,1.90%,101.90%,"$1,220,144,270,818"
1983KEN,1983,Kenya,"$5,979,198,463",0.05%,11.40%,111.40%,"$5,367,430,407"
1983KNA,1983,Saint Kitts and Nevis,"$86,874,074",0.00%,2.29%,102.29%,"$84,927,921"
1983KOR,1983,South Korea,"$87,760,360,941",0.79%,3.42%,103.42%,"$84,857,706,197"
1983KWT,1983,Kuwait,"$20,869,434,305",0.19%,4.72%,104.72%,"$19,929,143,801"
1983LCA,1983,Saint Lucia,"$197,037,037",0.00%,1.47%,101.47%,"$194,176,701"
1983LKA,1983,Sri Lanka,"$5,167,913,302",0.05%,13.96%,113.96%,"$4,534,673,851"
1983LSO,1983,Lesotho,"$386,699,308",0.00%,17.49%,117.49%,"$329,127,209"
1983LUX,1983,Luxembourg,"$4,683,697,830",0.04%,8.67%,108.67%,"$4,310,048,058"
1983MDG,1983,Madagascar,"$3,511,573,991",0.03%,19.33%,119.33%,"$2,942,782,940"
1983MEX,1983,Mexico,"$156,159,198,584",1.40%,101.87%,201.87%,"$77,354,425,379"
1983MLT,1983,Malta,"$1,165,771,369",0.01%,-0.88%,99.12%,"$1,176,133,073"
1983MUS,1983,Mauritius,"$1,090,276,947",0.01%,5.59%,105.59%,"$1,032,561,919"
1983MWI,1983,Malawi,"$1,223,186,840",0.01%,13.50%,113.50%,"$1,077,673,819"
1983MYS,1983,Malaysia,"$30,346,788,437",0.27%,3.70%,103.70%,"$29,262,824,514"
1983NER,1983,Niger,"$1,803,099,731",0.02%,-2.49%,97.51%,"$1,849,135,924"
1983NGA,1983,Nigeria,"$35,451,565,749",0.32%,23.21%,123.21%,"$28,772,741,578"
1983NLD,1983,Netherlands,"$153,445,465,987",1.38%,2.74%,102.74%,"$149,351,967,038"
1983NOR,1983,Norway,"$61,627,240,831",0.55%,8.47%,108.47%,"$56,817,500,589"
1983NPL,1983,Nepal,"$2,447,174,803",0.02%,12.38%,112.38%,"$2,177,642,773"
1983NZL,1983,New Zealand,"$24,309,279,705",0.22%,7.34%,107.34%,"$22,646,763,608"
1983PAK,1983,Pakistan,"$28,691,889,763",0.26%,6.36%,106.36%,"$26,975,687,488"
1983PAN,1983,Panama,"$5,923,755,900",0.05%,2.10%,102.10%,"$5,801,754,219"
1983PER,1983,Peru,"$17,345,624,453",0.16%,111.15%,211.15%,"$8,214,810,453"
1983PHL,1983,Philippines,"$33,212,180,658",0.30%,10.03%,110.03%,"$30,184,835,844"
1983PNG,1983,Papua New Guinea,"$2,562,492,524",0.02%,7.90%,107.90%,"$2,374,831,049"
1983PRT,1983,Portugal,"$27,239,650,741",0.25%,24.00%,124.00%,"$21,966,970,911"
1983PRY,1983,Paraguay,"$5,673,248,726",0.05%,13.43%,113.43%,"$5,001,376,088"
1983QAT,1983,Qatar,"$6,467,582,307",0.06%,2.74%,102.74%,"$6,294,875,229"
1983RWA,1983,Rwanda,"$1,479,688,125",0.01%,6.59%,106.59%,"$1,388,166,292"
1983SAU,1983,Saudi Arabia,"$129,171,602,025",1.16%,0.19%,100.19%,"$128,924,808,746"
1983SDN,1983,Sudan,"$8,230,153,846",0.07%,30.59%,130.59%,"$6,302,392,287"
1983SEN,1983,Senegal,"$2,774,199,193",0.02%,11.62%,111.62%,"$2,485,463,304"
1983SGP,1983,Singapore,"$17,784,112,149",0.16%,1.20%,101.20%,"$17,573,856,636"
1983SLB,1983,Solomon Islands,"$181,090,022",0.00%,6.23%,106.23%,"$170,462,184"
1983SLV,1983,El Salvador,"$3,506,347,800",0.03%,13.31%,113.31%,"$3,094,355,480"
1983SUR,1983,Suriname,"$883,500,000",0.01%,4.41%,104.41%,"$846,168,663"
1983SWE,1983,Sweden,"$105,014,356,666",0.94%,8.87%,108.87%,"$96,455,811,730"
1983SWZ,1983,Eswatini,"$555,336,145",0.01%,11.57%,111.57%,"$497,757,881"
1983SYC,1983,Seychelles,"$146,712,850",0.00%,6.05%,106.05%,"$138,339,660"
1983SYR,1983,Syria,"$17,589,184,556",0.16%,6.13%,106.13%,"$16,573,667,497"
1983TGO,1983,Togo,"$765,746,590",0.01%,9.36%,109.36%,"$700,236,234"
1983THA,1983,Thailand,"$40,042,826,244",0.36%,3.73%,103.73%,"$38,604,225,638"
1983TON,1983,Tonga,"$60,863,963",0.00%,9.81%,109.81%,"$55,424,819"
1983TTO,1983,Trinidad and Tobago,"$7,763,750,000",0.07%,15.18%,115.18%,"$6,740,829,173"
1983TUR,1983,Turkey,"$61,678,280,115",0.55%,31.39%,131.39%,"$46,942,806,066"
1983URY,1983,Uruguay,"$5,102,281,255",0.05%,49.20%,149.20%,"$3,419,819,615"
1983USA,1983,the United States,"$3,634,038,000,000",32.69%,3.21%,103.21%,"$3,520,930,391,572"
1983VCT,1983,Saint Vincent and the Grenadines,"$122,255,349",0.00%,5.46%,105.46%,"$115,927,572"
1983VUT,1983,Vanuatu,"$117,389,554",0.00%,1.65%,101.65%,"$115,480,263"
1983WSM,1983,Samoa,"$111,862,823",0.00%,16.46%,116.46%,"$96,052,458"
1983ZAF,1983,South Africa,"$87,415,851,375",0.79%,12.30%,112.30%,"$77,839,140,663"
1984AUS,1984,Australia,"$193,242,166,274",1.67%,3.96%,103.96%,"$185,880,559,939"
1984AUT,1984,Austria,"$67,985,344,886",0.59%,5.66%,105.66%,"$64,341,562,684"
1984BDI,1984,Burundi,"$987,143,931",0.01%,14.32%,114.32%,"$863,515,536"
1984BEL,1984,Belgium,"$83,349,530,159",0.72%,6.34%,106.34%,"$78,378,915,746"
1984BFA,1984,Burkina Faso,"$1,459,880,018",0.01%,4.85%,104.85%,"$1,392,391,396"
1984BHR,1984,Bahrain,"$3,905,585,106",0.03%,0.32%,100.32%,"$3,893,033,994"
1984BHS,1984,Bahamas,"$2,041,100,000",0.02%,3.97%,103.97%,"$1,963,231,445"
1984BOL,1984,Bolivia,"$6,169,501,037",0.05%,1281.35%,1381.35%,"$446,628,392"
1984BRA,1984,Brazil,"$209,023,912,696",1.81%,192.12%,292.12%,"$71,553,701,424"
1984BRB,1984,Barbados,"$1,346,890,071",0.01%,4.69%,104.69%,"$1,286,602,486"
1984BRN,1984,Brunei,"$3,782,523,088",0.03%,3.07%,103.07%,"$3,669,717,180"
1984BTN,1984,Bhutan,"$160,459,970",0.00%,7.03%,107.03%,"$149,916,605"
1984BWA,1984,Botswana,"$1,240,796,364",0.01%,8.58%,108.58%,"$1,142,775,177"
1984CAF,1984,Central Africa,"$637,820,620",0.01%,2.54%,102.54%,"$622,007,876"
1984CAN,1984,Canada,"$355,372,558,103",3.08%,4.30%,104.30%,"$340,705,923,431"
1984CHE,1984,Switzerland,"$109,547,355,832",0.95%,2.93%,102.93%,"$106,427,480,339"
1984CHL,1984,Chile,"$19,622,527,479",0.17%,19.86%,119.86%,"$16,371,177,883"
1984CIV,1984,C ô te d'Ivoire,"$6,841,638,714",0.06%,4.28%,104.28%,"$6,560,535,443"
1984CMR,1984,Cameroon,"$7,311,937,457",0.06%,11.37%,111.37%,"$6,565,250,385"
1984COD,1984,Congo (gold),"$7,857,729,193",0.07%,52.23%,152.23%,"$5,161,849,479"
1984COL,1984,Columbia,"$38,253,120,737",0.33%,16.36%,116.36%,"$32,874,051,202"
1984CPV,1984,Cape Verde,"$132,019,065",0.00%,11.25%,111.25%,"$118,668,822"
1984CRI,1984,Costa Rica,"$3,660,476,458",0.03%,11.95%,111.95%,"$3,269,817,410"
1984CYP,1984,Cyprus,"$2,278,248,953",0.02%,5.99%,105.99%,"$2,149,454,679"
1984DEU,1984,Germany,"$725,111,123,634",6.28%,2.41%,102.41%,"$708,076,259,889"
1984DMA,1984,Dominica,"$11,594,000,000",0.10%,2.22%,102.22%,"$11,342,425,651"
1984DMA,1984,Dominica,"$109,157,070",0.00%,2.22%,102.22%,"$106,788,507"
1984DNK,1984,Denmark,"$59,105,236,853",0.51%,6.29%,106.29%,"$55,607,115,884"
1984DZA,1984,Algeria,"$53,698,278,905",0.47%,8.12%,108.12%,"$49,667,099,460"
1984ECU,1984,Ecuador,"$16,912,515,183",0.15%,31.23%,131.23%,"$12,887,666,213"
1984EGY,1984,Egypt,"$33,971,188,991",0.29%,17.04%,117.04%,"$29,026,182,239"
1984ESP,1984,Spain,"$172,102,910,370",1.49%,11.28%,111.28%,"$154,657,155,509"
1984ETH,1984,Ethiopia,"$8,096,302,367",0.07%,8.42%,108.42%,"$7,467,723,624"
1984FIN,1984,Finland,"$52,888,800,949",0.46%,7.07%,107.07%,"$49,397,551,731"
1984FJI,1984,Fiji Islands,"$1,177,997,413",0.01%,5.29%,105.29%,"$1,118,799,307"
1984FRA,1984,France,"$530,683,779,929",4.60%,7.67%,107.67%,"$492,862,485,587"
1984GAB,1984,Gabon,"$3,561,451,562",0.03%,5.86%,105.86%,"$3,364,394,188"
1984GBR,1984,United Kingdom,"$461,487,097,632",4.00%,4.96%,104.96%,"$439,676,040,046"
1984GHA,1984,Garner,"$4,412,279,843",0.04%,39.67%,139.67%,"$3,159,180,847"
1984GMB,1984,Gambia,"$177,338,801",0.00%,22.10%,122.10%,"$145,242,456"
1984GRC,1984,Greece,"$48,020,024,183",0.42%,18.46%,118.46%,"$40,538,001,050"
1984GRD,1984,Grenada,"$145,533,310",0.00%,5.66%,105.66%,"$137,737,879"
1984GTM,1984,Guatemala,"$9,470,000,100",0.08%,3.41%,103.41%,"$9,158,009,597"
1984HKG,1984,Hong Kong,"$33,511,383,985",0.29%,8.65%,108.65%,"$30,843,280,165"
1984HND,1984,Honduras,"$3,319,000,000",0.03%,4.73%,104.73%,"$3,169,211,401"
1984HTI,1984,Haiti,"$1,816,200,000",0.02%,6.40%,106.40%,"$1,706,922,283"
1984IDN,1984,Indonesia,"$84,853,699,994",0.73%,10.46%,110.46%,"$76,821,939,473"
1984IND,1984,India,"$212,158,234,164",1.84%,8.32%,108.32%,"$195,864,452,298"
1984IRL,1984,Ireland,"$20,109,800,239",0.17%,8.65%,108.65%,"$18,508,600,169"
1984IRN,1984,Iran,"$162,276,728,619",1.41%,12.54%,112.54%,"$144,194,430,589"
1984ISL,1984,Iceland,"$2,864,441,355",0.02%,30.85%,130.85%,"$2,189,062,959"
1984ISR,1984,Israel,"$29,262,189,631",0.25%,373.22%,473.22%,"$6,183,689,842"
1984ITA,1984,Italy,"$437,887,689,001",3.79%,10.79%,110.79%,"$395,225,128,297"
1984JAM,1984,Jamaica,"$2,373,566,957",0.02%,27.81%,127.81%,"$1,857,036,530"
1984JOR,1984,Jordan,"$4,966,710,013",0.04%,3.85%,103.85%,"$4,782,697,048"
1984JPN,1984,Japan,"$1,318,381,627,003",11.42%,2.26%,102.26%,"$1,289,224,352,526"
1984KEN,1984,Kenya,"$6,191,437,070",0.05%,10.28%,110.28%,"$5,614,079,609"
1984KNA,1984,Saint Kitts and Nevis,"$98,603,703",0.00%,2.71%,102.71%,"$95,997,463"
1984KOR,1984,South Korea,"$97,510,235,986",0.84%,2.27%,102.27%,"$95,342,196,018"
1984KWT,1984,Kuwait,"$21,697,297,872",0.19%,1.18%,101.18%,"$21,444,793,990"
1984LCA,1984,Saint Lucia,"$251,481,481",0.00%,1.21%,101.21%,"$248,486,022"
1984LKA,1984,Sri Lanka,"$6,043,474,842",0.05%,16.64%,116.64%,"$5,181,383,163"
1984LSO,1984,Lesotho,"$333,158,476",0.00%,10.98%,110.98%,"$300,186,413"
1984LUX,1984,Luxembourg,"$4,594,891,790",0.04%,6.44%,106.44%,"$4,317,052,434"
1984MAR,1984,Morocco,"$14,824,728,528",0.13%,12.45%,112.45%,"$13,183,680,729"
1984MDG,1984,Madagascar,"$2,939,485,471",0.03%,9.86%,109.86%,"$2,675,747,211"
1984MEX,1984,Mexico,"$184,261,495,828",1.60%,65.45%,165.45%,"$111,370,700,717"
1984MLT,1984,Malta,"$1,101,828,568",0.01%,-0.44%,99.56%,"$1,106,725,830"
1984MUS,1984,Mauritius,"$1,040,557,089",0.01%,7.39%,107.39%,"$968,959,124"
1984MWI,1984,Malawi,"$1,208,008,985",0.01%,20.03%,120.03%,"$1,006,453,546"
1984MYS,1984,Malaysia,"$33,943,505,717",0.29%,3.90%,103.90%,"$32,670,256,752"
1984NER,1984,Niger,"$1,461,243,212",0.01%,8.36%,108.36%,"$1,348,452,893"
1984NGA,1984,Nigeria,"$28,500,815,241",0.25%,17.82%,117.82%,"$24,190,023,967"
1984NLD,1984,Netherlands,"$143,912,664,148",1.25%,3.30%,103.30%,"$139,313,047,781"
1984NOR,1984,Norway,"$62,057,955,032",0.54%,6.22%,106.22%,"$58,424,932,575"
1984NPL,1984,Nepal,"$2,581,207,387",0.02%,2.85%,102.85%,"$2,509,784,322"
1984NZL,1984,New Zealand,"$21,665,975,318",0.19%,6.17%,106.17%,"$20,406,630,428"
1984PAK,1984,Pakistan,"$31,151,825,467",0.27%,6.09%,106.09%,"$29,364,367,459"
1984PAN,1984,Panama,"$6,183,387,100",0.05%,1.58%,101.58%,"$6,087,050,797"
1984PER,1984,Peru,"$17,599,660,054",0.15%,110.21%,210.21%,"$8,372,477,047"
1984PHL,1984,Philippines,"$31,408,492,876",0.27%,50.34%,150.34%,"$20,891,783,213"
1984PNG,1984,Papua New Guinea,"$2,552,526,263",0.02%,7.42%,107.42%,"$2,376,197,903"
1984PRT,1984,Portugal,"$25,217,969,049",0.22%,28.38%,128.38%,"$19,642,512,739"
1984PRY,1984,Paraguay,"$4,502,462,807",0.04%,20.31%,120.31%,"$3,742,339,019"
1984QAT,1984,Qatar,"$6,704,395,824",0.06%,1.10%,101.10%,"$6,631,123,738"
1984RWA,1984,Rwanda,"$1,587,412,957",0.01%,5.37%,105.37%,"$1,506,519,341"
1984SAU,1984,Saudi Arabia,"$119,624,918,956",1.04%,-1.56%,98.44%,"$121,519,452,258"
1984SDN,1984,Sudan,"$9,701,357,142",0.08%,34.15%,134.15%,"$7,231,920,779"
1984SEN,1984,Senegal,"$2,705,535,756",0.02%,11.78%,111.78%,"$2,420,324,099"
1984SGP,1984,Singapore,"$19,749,361,097",0.17%,2.60%,102.60%,"$19,248,705,121"
1984SLB,1984,Solomon Islands,"$252,806,783",0.00%,11.05%,111.05%,"$227,657,093"
1984SLV,1984,El Salvador,"$3,661,683,400",0.03%,11.51%,111.51%,"$3,283,809,836"
1984SUR,1984,Suriname,"$864,000,000",0.01%,3.69%,103.69%,"$833,263,055"
1984SWE,1984,Sweden,"$109,201,362,581",0.95%,8.04%,108.04%,"$101,070,968,860"
1984SWZ,1984,Eswatini,"$494,475,699",0.00%,12.94%,112.94%,"$437,822,646"
1984SYC,1984,Seychelles,"$151,313,241",0.00%,4.09%,104.09%,"$145,361,707"
1984SYR,1984,Syria,"$17,503,082,982",0.15%,9.23%,109.23%,"$16,024,132,736"
1984TCD,1984,Chad,"$919,103,735",0.01%,20.25%,120.25%,"$764,321,735"
1984TGO,1984,Togo,"$718,148,959",0.01%,-3.53%,96.47%,"$744,401,226"
1984THA,1984,Thailand,"$41,797,592,963",0.36%,0.86%,100.86%,"$41,439,186,093"
1984TON,1984,Tonga,"$64,248,354",0.00%,0.11%,100.11%,"$64,180,033"
1984TTO,1984,Trinidad and Tobago,"$7,757,083,333",0.07%,13.33%,113.33%,"$6,844,397,902"
1984TUN,1984,Tunisia,"$8,254,891,864",0.07%,8.90%,108.90%,"$7,580,249,646"
1984TUR,1984,Turkey,"$59,989,909,457",0.52%,48.39%,148.39%,"$40,426,558,593"
1984URY,1984,Uruguay,"$4,850,241,442",0.04%,55.30%,155.30%,"$3,123,054,277"
1984USA,1984,the United States,"$4,037,613,000,000",34.97%,4.30%,104.30%,"$3,871,133,529,288"
1984VCT,1984,Saint Vincent and the Grenadines,"$135,024,987",0.00%,2.70%,102.70%,"$131,472,654"
1984VUT,1984,Vanuatu,"$144,482,515",0.00%,5.52%,105.52%,"$136,928,965"
1984WSM,1984,Samoa,"$109,200,934",0.00%,11.86%,111.86%,"$97,622,803"
1984ZAF,1984,South Africa,"$77,344,092,906",0.67%,11.53%,111.53%,"$69,350,428,709"
1985AUS,1985,Australia,"$180,235,483,623",1.48%,6.73%,106.73%,"$168,863,072,610"
1985AUT,1985,Austria,"$69,386,774,408",0.57%,3.19%,103.19%,"$67,242,077,052"
1985BDI,1985,Burundi,"$1,149,979,285",0.01%,3.80%,103.80%,"$1,107,834,098"
1985BEL,1985,Belgium,"$86,268,264,148",0.71%,4.87%,104.87%,"$82,263,092,975"
1985BFA,1985,Burkina Faso,"$1,552,493,068",0.01%,6.91%,106.91%,"$1,452,203,083"
1985BHR,1985,Bahrain,"$3,651,861,702",0.03%,-2.64%,97.36%,"$3,750,729,788"
1985BHS,1985,Bahamas,"$2,320,699,900",0.02%,4.61%,104.61%,"$2,218,536,099"
1985BOL,1985,Bolivia,"$5,377,277,406",0.04%,11749.64%,11849.64%,"$45,379,248"
1985BRA,1985,Brazil,"$222,942,790,435",1.84%,225.99%,325.99%,"$68,389,527,103"
1985BRB,1985,Barbados,"$1,409,536,120",0.01%,3.92%,103.92%,"$1,356,430,441"
1985BRN,1985,Brunei,"$3,523,612,563",0.03%,2.35%,102.35%,"$3,442,600,756"
1985BTN,1985,Bhutan,"$163,272,314",0.00%,1.88%,101.88%,"$160,263,610"
1985BWA,1985,Botswana,"$1,114,764,007",0.01%,8.09%,108.09%,"$1,031,285,796"
1985CAF,1985,Central Africa,"$864,849,765",0.01%,10.42%,110.42%,"$783,209,281"
1985CAN,1985,Canada,"$364,756,499,450",3.00%,3.96%,103.96%,"$350,855,497,485"
1985CHE,1985,Switzerland,"$111,073,640,470",0.91%,3.44%,103.44%,"$107,384,552,257"
1985CHL,1985,Chile,"$17,702,885,393",0.15%,30.70%,130.70%,"$13,544,308,714"
1985CIV,1985,C ô te d'Ivoire,"$6,977,650,069",0.06%,1.86%,101.86%,"$6,849,979,919"
1985CMR,1985,Cameroon,"$8,544,809,794",0.07%,8.51%,108.51%,"$7,874,792,932"
1985COD,1985,Congo (gold),"$7,195,042,616",0.06%,23.82%,123.82%,"$5,810,852,066"
1985COL,1985,Columbia,"$34,894,411,351",0.29%,23.97%,123.97%,"$28,146,514,772"
1985CPV,1985,Cape Verde,"$137,728,155",0.00%,5.39%,105.39%,"$130,680,232"
1985CRI,1985,Costa Rica,"$3,919,203,960",0.03%,15.06%,115.06%,"$3,406,302,672"
1985CYP,1985,Cyprus,"$2,430,411,900",0.02%,5.03%,105.03%,"$2,313,918,734"
1985DEU,1985,Germany,"$732,534,887,058",6.03%,2.07%,102.07%,"$717,705,436,758"
1985DJI,1985,Djibouti,"$340,989,527",0.00%,2.13%,102.13%,"$333,881,513"
1985DMA,1985,Dominica,"$5,044,592,944",0.04%,3.74%,103.74%,"$4,862,727,894"
1985DMA,1985,Dominica,"$119,491,932",0.00%,3.74%,103.74%,"$115,184,071"
1985DNK,1985,Denmark,"$62,658,568,287",0.52%,4.68%,104.68%,"$59,857,962,975"
1985DZA,1985,Algeria,"$57,937,868,670",0.48%,10.48%,110.48%,"$52,440,866,516"
1985ECU,1985,Ecuador,"$17,149,094,589",0.14%,27.98%,127.98%,"$13,399,487,152"
1985EGY,1985,Egypt,"$39,053,502,251",0.32%,12.11%,112.11%,"$34,835,993,497"
1985ESP,1985,Spain,"$180,793,463,796",1.49%,8.81%,108.81%,"$166,148,388,727"
1985ETH,1985,Ethiopia,"$9,480,840,483",0.08%,19.06%,119.06%,"$7,962,764,502"
1985FIN,1985,Finland,"$55,875,863,392",0.46%,5.20%,105.20%,"$53,116,149,089"
1985FJI,1985,Fiji Islands,"$1,141,123,439",0.01%,4.42%,104.42%,"$1,092,810,585"
1985FRA,1985,France,"$553,138,414,367",4.55%,5.83%,105.83%,"$522,661,500,949"
1985GAB,1985,Gabon,"$3,339,914,759",0.03%,7.35%,107.35%,"$3,111,095,960"
1985GBR,1985,United Kingdom,"$489,285,164,271",4.03%,6.07%,106.07%,"$461,279,091,611"
1985GHA,1985,Garner,"$4,504,342,149",0.04%,10.31%,110.31%,"$4,083,517,659"
1985GMB,1985,Gambia,"$225,724,851",0.00%,18.32%,118.32%,"$190,775,077"
1985GRC,1985,Greece,"$47,820,851,221",0.39%,19.31%,119.31%,"$40,079,599,622"
1985GRD,1985,Grenada,"$167,728,455",0.00%,2.50%,102.50%,"$163,635,306"
1985GTM,1985,Guatemala,"$9,721,652,086",0.08%,18.69%,118.69%,"$8,191,014,332"
1985HKG,1985,Hong Kong,"$35,699,543,050",0.29%,3.50%,103.50%,"$34,491,250,824"
1985HND,1985,Honduras,"$3,639,499,950",0.03%,3.36%,103.36%,"$3,521,096,897"
1985HTI,1985,Haiti,"$2,009,400,000",0.02%,10.65%,110.65%,"$1,816,015,439"
1985IDN,1985,Indonesia,"$85,289,491,750",0.70%,4.72%,104.72%,"$81,441,746,968"
1985IND,1985,India,"$232,511,877,842",1.91%,5.56%,105.56%,"$220,272,597,839"
1985IRL,1985,Ireland,"$21,273,347,214",0.18%,5.40%,105.40%,"$20,184,303,652"
1985IRN,1985,Iran,"$180,183,629,599",1.48%,4.39%,104.39%,"$172,607,306,404"
1985ISL,1985,Iceland,"$2,984,052,332",0.02%,31.99%,131.99%,"$2,260,737,694"
1985ISR,1985,Israel,"$27,600,861,820",0.23%,308.79%,408.79%,"$6,751,791,987"
1985ITA,1985,Italy,"$452,217,492,140",3.72%,9.21%,109.21%,"$414,095,862,475"
1985JAM,1985,Jamaica,"$2,100,223,149",0.02%,25.67%,125.67%,"$1,671,179,535"
1985JOR,1985,Jordan,"$4,993,829,194",0.04%,2.99%,102.99%,"$4,849,080,522"
1985JPN,1985,Japan,"$1,398,892,744,820",11.52%,2.03%,102.03%,"$1,371,029,620,437"
1985KEN,1985,Kenya,"$6,135,034,338",0.05%,13.01%,113.01%,"$5,428,918,453"
1985KNA,1985,Saint Kitts and Nevis,"$111,007,407",0.00%,2.62%,102.62%,"$108,173,746"
1985KOR,1985,South Korea,"$101,296,177,099",0.83%,2.46%,102.46%,"$98,864,979,691"
1985KWT,1985,Kuwait,"$21,442,619,680",0.18%,1.49%,101.49%,"$21,127,748,239"
1985LCA,1985,Saint Lucia,"$284,444,444",0.00%,1.42%,101.42%,"$280,453,039"
1985LKA,1985,Sri Lanka,"$5,978,460,972",0.05%,1.48%,101.48%,"$5,891,201,664"
1985LSO,1985,Lesotho,"$268,626,912",0.00%,13.32%,113.32%,"$237,049,907"
1985LUX,1985,Luxembourg,"$4,738,559,684",0.04%,4.09%,104.09%,"$4,552,210,933"
1985MDG,1985,Madagascar,"$2,857,889,712",0.02%,10.56%,110.56%,"$2,585,004,162"
1985MEX,1985,Mexico,"$195,219,789,801",1.61%,57.75%,157.75%,"$123,753,857,348"
1985MLT,1985,Malta,"$1,117,835,285",0.01%,-0.24%,99.76%,"$1,120,470,716"
1985MUS,1985,Mauritius,"$1,076,121,094",0.01%,6.70%,106.70%,"$1,008,560,605"
1985MWI,1985,Malawi,"$1,131,347,798",0.01%,10.52%,110.52%,"$1,023,668,368"
1985MYS,1985,Malaysia,"$31,200,161,095",0.26%,0.35%,100.35%,"$31,092,438,608"
1985NER,1985,Niger,"$1,440,581,533",0.01%,-0.92%,99.08%,"$1,454,007,829"
1985NGA,1985,Nigeria,"$28,873,977,228",0.24%,7.44%,107.44%,"$26,875,677,901"
1985NLD,1985,Netherlands,"$143,845,822,717",1.18%,2.26%,102.26%,"$140,668,701,331"
1985NOR,1985,Norway,"$65,416,879,914",0.54%,5.71%,105.71%,"$61,880,499,327"
1985NPL,1985,Nepal,"$2,619,913,955",0.02%,8.05%,108.05%,"$2,424,664,427"
1985NZL,1985,New Zealand,"$24,679,795,396",0.20%,15.42%,115.42%,"$21,383,033,015"
1985PAK,1985,Pakistan,"$31,144,920,844",0.26%,5.61%,105.61%,"$29,489,152,353"
1985PAN,1985,Panama,"$6,541,517,100",0.05%,1.03%,101.03%,"$6,475,043,020"
1985PER,1985,Peru,"$16,548,827,018",0.14%,163.40%,263.40%,"$6,282,785,917"
1985PHL,1985,Philippines,"$30,734,335,448",0.25%,23.10%,123.10%,"$24,966,336,067"
1985PNG,1985,Papua New Guinea,"$2,423,373,088",0.02%,3.71%,103.71%,"$2,336,673,004"
1985PRT,1985,Portugal,"$27,115,807,742",0.22%,19.46%,119.46%,"$22,698,382,465"
1985PRY,1985,Paraguay,"$3,282,449,235",0.03%,25.21%,125.21%,"$2,621,540,175"
1985QAT,1985,Qatar,"$6,153,296,456",0.05%,1.91%,101.91%,"$6,037,819,043"
1985RWA,1985,Rwanda,"$1,715,625,839",0.01%,1.76%,101.76%,"$1,685,964,165"
1985SAU,1985,Saudi Arabia,"$103,897,892,810",0.86%,-3.06%,96.94%,"$107,176,163,793"
1985SDN,1985,Sudan,"$12,403,733,333",0.10%,45.41%,145.41%,"$8,530,325,504"
1985SEN,1985,Senegal,"$2,962,199,835",0.02%,13.00%,113.00%,"$2,621,414,446"
1985SGP,1985,Singapore,"$19,156,532,745",0.16%,0.48%,100.48%,"$19,064,997,325"
1985SLB,1985,Solomon Islands,"$232,306,861",0.00%,9.57%,109.57%,"$212,020,291"
1985SLV,1985,El Salvador,"$3,800,368,600",0.03%,22.33%,122.33%,"$3,106,694,255"
1985SUR,1985,Suriname,"$873,000,000",0.01%,10.87%,110.87%,"$787,437,420"
1985SWE,1985,Sweden,"$114,123,537,581",0.94%,7.37%,107.37%,"$106,287,418,390"
1985SWZ,1985,Eswatini,"$360,075,380",0.00%,20.46%,120.46%,"$298,910,434"
1985SYC,1985,Seychelles,"$168,887,539",0.00%,0.83%,100.83%,"$167,490,124"
1985SYR,1985,Syria,"$16,403,544,510",0.14%,17.25%,117.25%,"$13,989,880,104"
1985TCD,1985,Chad,"$1,033,069,709",0.01%,5.15%,105.15%,"$982,435,018"
1985TGO,1985,Togo,"$762,359,722",0.01%,-1.81%,98.19%,"$776,447,701"
1985THA,1985,Thailand,"$38,900,692,712",0.32%,2.43%,102.43%,"$37,977,189,532"
1985TON,1985,Tonga,"$60,058,663",0.00%,16.77%,116.77%,"$51,435,501"
1985TTO,1985,Trinidad and Tobago,"$7,375,918,367",0.06%,7.62%,107.62%,"$6,853,504,882"
1985TUN,1985,Tunisia,"$8,410,185,739",0.07%,7.25%,107.25%,"$7,841,346,121"
1985TUR,1985,Turkey,"$67,234,948,264",0.55%,44.96%,144.96%,"$46,381,171,220"
1985URY,1985,Uruguay,"$4,732,017,873",0.04%,72.22%,172.22%,"$2,747,617,822"
1985USA,1985,the United States,"$4,338,979,000,000",35.73%,3.55%,103.55%,"$4,190,402,247,757"
1985VCT,1985,Saint Vincent and the Grenadines,"$145,641,705",0.00%,2.14%,102.14%,"$142,590,713"
1985VUT,1985,Vanuatu,"$131,856,420",0.00%,1.07%,101.07%,"$130,465,459"
1985WSM,1985,Samoa,"$95,572,172",0.00%,9.09%,109.09%,"$87,608,152"
1985ZAF,1985,South Africa,"$59,082,638,803",0.49%,16.29%,116.29%,"$50,804,446,925"
1986ABW,1986,Aruba,"$405,463,417",0.00%,1.07%,101.07%,"$401,155,145"
1986AUS,1986,Australia,"$182,036,933,407",1.27%,9.05%,109.05%,"$166,929,251,032"
1986AUT,1986,Austria,"$99,036,164,939",0.69%,1.71%,101.71%,"$97,375,480,104"
1986BDI,1986,Burundi,"$1,201,725,497",0.01%,1.68%,101.68%,"$1,181,920,345"
1986BEL,1986,Belgium,"$120,018,787,249",0.84%,1.29%,101.29%,"$118,485,153,116"
1986BFA,1986,Burkina Faso,"$2,036,303,381",0.01%,-2.61%,97.39%,"$2,090,912,644"
1986BGR,1986,Bulgaria,"$20,249,294,117",0.14%,2.70%,102.70%,"$19,716,936,823"
1986BHR,1986,Bahrain,"$3,052,393,617",0.02%,-2.30%,97.70%,"$3,124,126,473"
1986BHS,1986,Bahamas,"$2,472,500,000",0.02%,5.43%,105.43%,"$2,345,073,812"
1986BOL,1986,Bolivia,"$3,958,338,883",0.03%,276.34%,376.34%,"$1,051,809,878"
1986BRA,1986,Brazil,"$268,137,224,729",1.87%,147.14%,247.14%,"$108,494,844,399"
1986BRB,1986,Barbados,"$1,547,755,183",0.01%,1.33%,101.33%,"$1,527,439,196"
1986BRN,1986,Brunei,"$2,358,592,817",0.02%,1.78%,101.78%,"$2,317,315,794"
1986BTN,1986,Bhutan,"$191,230,747",0.00%,9.95%,109.95%,"$173,923,830"
1986BWA,1986,Botswana,"$1,392,634,771",0.01%,10.00%,110.00%,"$1,266,011,865"
1986CAF,1986,Central Africa,"$1,122,265,026",0.01%,2.25%,102.25%,"$1,097,621,744"
1986CAN,1986,Canada,"$377,437,927,311",2.63%,4.19%,104.19%,"$362,242,623,404"
1986CHE,1986,Switzerland,"$159,223,703,930",1.11%,0.75%,100.75%,"$158,037,929,793"
1986CHL,1986,Chile,"$18,891,048,818",0.13%,19.48%,119.48%,"$15,811,473,711"
1986CIV,1986,C ô te d'Ivoire,"$9,158,302,205",0.06%,9.68%,109.68%,"$8,349,795,305"
1986CMR,1986,Cameroon,"$11,857,056,336",0.08%,7.77%,107.77%,"$11,002,183,898"
1986COD,1986,Congo (gold),"$8,095,367,168",0.06%,44.40%,144.40%,"$5,606,209,950"
1986COG,1986,Congo (Brazzaville),"$1,849,268,214",0.01%,4.16%,104.16%,"$1,775,443,312"
1986COL,1986,Columbia,"$34,942,489,683",0.24%,18.85%,118.85%,"$29,399,360,061"
1986CPV,1986,Cape Verde,"$190,651,207",0.00%,10.87%,110.87%,"$171,952,723"
1986CRI,1986,Costa Rica,"$4,418,983,870",0.03%,11.84%,111.84%,"$3,951,340,300"
1986CYP,1986,Cyprus,"$3,090,734,463",0.02%,1.22%,101.22%,"$3,053,531,178"
1986DEU,1986,Germany,"$1,046,259,374,943",7.28%,-0.13%,99.87%,"$1,047,615,123,059"
1986DMA,1986,Dominica,"$6,122,198,120",0.04%,2.77%,102.77%,"$5,956,938,720"
1986DMA,1986,Dominica,"$135,161,958",0.00%,2.77%,102.77%,"$131,513,467"
1986DNK,1986,Denmark,"$88,078,760,103",0.61%,3.68%,103.68%,"$84,953,995,724"
1986DZA,1986,Algeria,"$63,692,238,160",0.44%,12.37%,112.37%,"$56,680,008,972"
1986ECU,1986,Ecuador,"$15,314,143,988",0.11%,23.03%,123.03%,"$12,447,464,718"
1986EGY,1986,Egypt,"$41,253,507,951",0.29%,23.86%,123.86%,"$33,305,408,694"
1986ESP,1986,Spain,"$251,321,075,204",1.75%,8.79%,108.79%,"$231,004,380,137"
1986ETH,1986,Ethiopia,"$9,848,600,869",0.07%,-9.81%,90.19%,"$10,919,687,347"
1986FIN,1986,Finland,"$73,531,550,551",0.51%,2.93%,102.93%,"$71,435,921,222"
1986FJI,1986,Fiji Islands,"$1,290,228,616",0.01%,1.80%,101.80%,"$1,267,429,555"
1986FRA,1986,France,"$771,470,783,218",5.37%,2.54%,102.54%,"$752,371,634,282"
1986GAB,1986,Gabon,"$3,403,638,193",0.02%,6.29%,106.29%,"$3,202,358,584"
1986GBR,1986,United Kingdom,"$601,452,653,180",4.18%,3.43%,103.43%,"$581,520,405,089"
1986GHA,1986,Garner,"$5,727,602,644",0.04%,24.57%,124.57%,"$4,598,068,087"
1986GMB,1986,Gambia,"$185,646,209",0.00%,56.56%,156.56%,"$118,578,184"
1986GNQ,1986,Equatorial Guinea,"$76,407,396",0.00%,-17.64%,82.36%,"$92,772,935"
1986GRC,1986,Greece,"$56,379,593,476",0.39%,23.02%,123.02%,"$45,831,310,701"
1986GRD,1986,Grenada,"$187,589,522",0.00%,0.56%,100.56%,"$186,550,288"
1986GTM,1986,Guatemala,"$7,231,963,515",0.05%,36.93%,136.93%,"$5,281,460,815"
1986HKG,1986,Hong Kong,"$41,075,570,591",0.29%,3.38%,103.38%,"$39,730,834,649"
1986HND,1986,Honduras,"$3,808,500,050",0.03%,4.35%,104.35%,"$3,649,641,246"
1986HTI,1986,Haiti,"$2,318,000,000",0.02%,3.28%,103.28%,"$2,244,385,793"
1986IDN,1986,Indonesia,"$79,954,072,569",0.56%,5.82%,105.82%,"$75,554,769,941"
1986IND,1986,India,"$248,985,994,044",1.73%,8.73%,108.73%,"$228,995,340,353"
1986IRL,1986,Ireland,"$28,719,072,700",0.20%,3.83%,103.83%,"$27,660,494,693"
1986IRN,1986,Iran,"$209,094,561,833",1.45%,18.43%,118.43%,"$176,556,887,672"
1986ISL,1986,Iceland,"$3,989,622,714",0.03%,22.13%,122.13%,"$3,266,744,406"
1986ISR,1986,Israel,"$34,216,514,316",0.24%,47.96%,147.96%,"$23,124,753,202"
1986ITA,1986,Italy,"$640,386,352,773",4.46%,5.82%,105.82%,"$605,145,425,019"
1986JAM,1986,Jamaica,"$2,754,566,176",0.02%,15.11%,115.11%,"$2,393,082,135"
1986JOR,1986,Jordan,"$6,401,380,000",0.04%,0.00%,100.00%,"$6,401,380,000"
1986JPN,1986,Japan,"$2,078,953,333,673",14.47%,0.60%,100.60%,"$2,066,644,670,831"
1986KEN,1986,Kenya,"$7,239,126,716",0.05%,2.53%,102.53%,"$7,060,201,719"
1986KNA,1986,Saint Kitts and Nevis,"$130,685,185",0.00%,-0.01%,99.99%,"$130,693,923"
1986KOR,1986,South Korea,"$116,836,802,995",0.81%,2.75%,102.75%,"$113,709,805,007"
1986KWT,1986,Kuwait,"$17,903,681,693",0.12%,0.95%,100.95%,"$17,734,563,698"
1986LCA,1986,Saint Lucia,"$340,000,000",0.00%,2.19%,102.19%,"$332,712,732"
1986LKA,1986,Sri Lanka,"$6,405,210,563",0.04%,7.98%,107.98%,"$5,932,048,875"
1986LSO,1986,Lesotho,"$318,862,888",0.00%,18.00%,118.00%,"$270,211,413"
1986LUX,1986,Luxembourg,"$6,921,264,222",0.05%,0.29%,100.29%,"$6,900,936,588"
1986MDG,1986,Madagascar,"$3,258,288,890",0.02%,14.50%,114.50%,"$2,845,733,460"
1986MDV,1986,Maldives,"$141,902,097",0.00%,9.72%,109.72%,"$129,328,528"
1986MEX,1986,Mexico,"$134,550,096,436",0.94%,86.23%,186.23%,"$72,248,134,013"
1986MLT,1986,Malta,"$1,435,079,200",0.01%,2.03%,102.03%,"$1,406,555,813"
1986MRT,1986,Mauritania,"$802,890,746",0.01%,7.43%,107.43%,"$747,338,578"
1986MUS,1986,Mauritius,"$1,462,900,255",0.01%,1.63%,101.63%,"$1,439,399,849"
1986MWI,1986,Malawi,"$1,183,654,827",0.01%,14.05%,114.05%,"$1,037,867,017"
1986MYS,1986,Malaysia,"$27,734,562,640",0.19%,0.74%,100.74%,"$27,531,653,567"
1986NER,1986,Niger,"$1,904,097,020",0.01%,-3.21%,96.79%,"$1,967,196,243"
1986NGA,1986,Nigeria,"$20,721,499,308",0.14%,5.72%,105.72%,"$19,600,886,917"
1986NLD,1986,Netherlands,"$200,862,095,700",1.40%,0.08%,100.08%,"$200,694,823,033"
1986NOR,1986,Norway,"$78,693,253,275",0.55%,7.18%,107.18%,"$73,423,986,228"
1986NPL,1986,Nepal,"$2,850,784,523",0.02%,19.00%,119.00%,"$2,395,638,393"
1986NZL,1986,New Zealand,"$30,604,668,356",0.21%,13.21%,113.21%,"$27,032,726,586"
1986PAK,1986,Pakistan,"$31,899,070,055",0.22%,3.51%,103.51%,"$30,818,447,617"
1986PAN,1986,Panama,"$6,797,834,200",0.05%,-0.07%,99.93%,"$6,802,349,879"
1986PER,1986,Peru,"$15,244,232,957",0.11%,77.92%,177.92%,"$8,567,977,230"
1986PHL,1986,Philippines,"$29,868,339,080",0.21%,1.15%,101.15%,"$29,529,302,008"
1986PNG,1986,Papua New Guinea,"$2,648,033,765",0.02%,5.45%,105.45%,"$2,511,085,391"
1986PRT,1986,Portugal,"$38,745,901,353",0.27%,12.33%,112.33%,"$34,492,514,376"
1986PRY,1986,Paraguay,"$3,723,993,942",0.03%,31.74%,131.74%,"$2,826,719,694"
1986QAT,1986,Qatar,"$5,053,021,950",0.04%,0.76%,100.76%,"$5,015,029,304"
1986RWA,1986,Rwanda,"$1,944,711,061",0.01%,-1.12%,98.88%,"$1,966,680,188"
1986SAU,1986,Saudi Arabia,"$86,962,013,010",0.61%,-3.20%,96.80%,"$89,839,882,225"
1986SDN,1986,Sudan,"$15,769,062,500",0.11%,24.45%,124.45%,"$12,670,647,069"
1986SEN,1986,Senegal,"$4,189,860,416",0.03%,6.18%,106.18%,"$3,945,820,176"
1986SGP,1986,Singapore,"$18,586,746,056",0.13%,-1.39%,98.61%,"$18,847,922,350"
1986SLB,1986,Solomon Islands,"$210,737,869",0.00%,13.57%,113.57%,"$185,554,621"
1986SLV,1986,El Salvador,"$3,771,663,200",0.03%,31.94%,131.94%,"$2,858,727,963"
1986SUR,1986,Suriname,"$891,000,000",0.01%,18.69%,118.69%,"$750,707,987"
1986SWE,1986,Sweden,"$150,498,057,723",1.05%,4.24%,104.24%,"$144,382,159,241"
1986SWZ,1986,Eswatini,"$449,146,608",0.00%,13.74%,113.74%,"$394,899,031"
1986SYC,1986,Seychelles,"$207,850,623",0.00%,0.24%,100.24%,"$207,360,409"
1986SYR,1986,Syria,"$13,293,209,270",0.09%,36.06%,136.06%,"$9,769,857,490"
1986TCD,1986,Chad,"$1,067,828,247",0.01%,-13.06%,86.94%,"$1,228,187,430"
1986TGO,1986,Togo,"$1,060,911,735",0.01%,4.12%,104.12%,"$1,018,886,583"
1986THA,1986,Thailand,"$43,096,746,122",0.30%,1.84%,101.84%,"$42,317,396,795"
1986TON,1986,Tonga,"$68,195,855",0.00%,21.67%,121.67%,"$56,048,067"
1986TTO,1986,Trinidad and Tobago,"$4,794,444,444",0.03%,7.69%,107.69%,"$4,451,927,537"
1986TUN,1986,Tunisia,"$9,018,136,020",0.06%,6.16%,106.16%,"$8,494,502,316"
1986TUR,1986,Turkey,"$75,728,009,962",0.53%,34.61%,134.61%,"$56,257,311,658"
1986URY,1986,Uruguay,"$5,880,112,788",0.04%,76.38%,176.38%,"$3,333,763,222"
1986USA,1986,the United States,"$4,579,631,000,000",31.87%,1.90%,101.90%,"$4,494,326,537,535"
1986VCT,1986,Saint Vincent and the Grenadines,"$160,846,656",0.00%,1.03%,101.03%,"$159,210,501"
1986VUT,1986,Vanuatu,"$126,498,935",0.00%,4.77%,104.77%,"$120,744,101"
1986WSM,1986,Samoa,"$100,947,848",0.00%,5.73%,105.73%,"$95,473,802"
1986ZAF,1986,South Africa,"$67,521,602,553",0.47%,18.65%,118.65%,"$56,905,860,424"
1986ZMB,1986,Zambia,"$1,661,948,717",0.01%,55.83%,155.83%,"$1,066,526,145"
1987ABW,1987,Aruba,"$487,602,457",0.00%,3.64%,103.64%,"$470,463,266"
1987AUS,1987,Australia,"$189,061,672,842",1.15%,8.53%,108.53%,"$174,197,373,307"
1987AUT,1987,Austria,"$124,168,442,533",0.75%,1.40%,101.40%,"$122,451,727,215"
1987BDI,1987,Burundi,"$1,131,466,494",0.01%,7.11%,107.11%,"$1,056,327,415"
1987BEL,1987,Belgium,"$149,394,404,105",0.91%,1.55%,101.55%,"$147,109,234,829"
1987BFA,1987,Burkina Faso,"$2,369,834,650",0.01%,-2.68%,97.32%,"$2,435,139,847"
1987BGD,1987,Bangladesh,"$24,298,032,258",0.15%,9.87%,109.87%,"$22,114,311,231"
1987BGR,1987,Bulgaria,"$28,101,000,000",0.17%,2.73%,102.73%,"$27,355,191,469"
1987BHR,1987,Bahrain,"$3,392,021,010",0.02%,-1.75%,98.25%,"$3,452,263,061"
1987BHS,1987,Bahamas,"$2,713,999,900",0.02%,5.76%,105.76%,"$2,566,273,301"
1987BOL,1987,Bolivia,"$4,323,623,622",0.03%,14.58%,114.58%,"$3,773,496,889"
1987BRA,1987,Brazil,"$294,084,112,392",1.79%,228.34%,328.34%,"$89,567,993,383"
1987BRB,1987,Barbados,"$1,704,370,307",0.01%,3.31%,103.31%,"$1,649,735,503"
1987BRN,1987,Brunei,"$2,754,463,437",0.02%,1.25%,101.25%,"$2,720,542,223"
1987BTN,1987,Bhutan,"$242,770,861",0.00%,6.37%,106.37%,"$228,235,211"
1987BWA,1987,Botswana,"$1,965,274,882",0.01%,9.80%,109.80%,"$1,789,836,310"
1987CAF,1987,Central Africa,"$1,200,991,825",0.01%,-6.99%,93.01%,"$1,291,205,829"
1987CAN,1987,Canada,"$431,316,742,081",2.62%,4.36%,104.36%,"$413,312,404,424"
1987CHE,1987,Switzerland,"$199,403,912,956",1.21%,1.44%,101.44%,"$196,572,634,294"
1987CHL,1987,Chile,"$22,255,407,684",0.14%,19.88%,119.88%,"$18,564,606,840"
1987CHN,1987,China,"$272,972,974,764",1.66%,7.23%,107.23%,"$254,558,622,670"
1987CIV,1987,C ô te d'Ivoire,"$10,087,653,189",0.06%,6.94%,106.94%,"$9,432,711,164"
1987CMR,1987,Cameroon,"$13,049,658,331",0.08%,13.14%,113.14%,"$11,534,029,238"
1987COD,1987,Congo (gold),"$7,661,625,472",0.05%,78.67%,178.67%,"$4,288,134,567"
1987COG,1987,Congo (Brazzaville),"$2,297,753,649",0.01%,0.44%,100.44%,"$2,287,606,552"
1987COL,1987,Columbia,"$36,373,307,085",0.22%,23.31%,123.31%,"$29,497,358,398"
1987CPV,1987,Cape Verde,"$235,253,171",0.00%,3.85%,103.85%,"$226,540,091"
1987CRI,1987,Costa Rica,"$4,532,952,047",0.03%,16.84%,116.84%,"$3,879,543,098"
1987CYP,1987,Cyprus,"$3,704,813,885",0.02%,2.79%,102.79%,"$3,604,196,726"
1987DEU,1987,Germany,"$1,298,176,105,549",7.89%,0.25%,100.25%,"$1,294,939,970,794"
1987DJI,1987,Djibouti,"$373,371,738",0.00%,4.09%,104.09%,"$358,703,917"
1987DMA,1987,Dominica,"$5,826,987,099",0.04%,4.02%,104.02%,"$5,601,548,283"
1987DMA,1987,Dominica,"$151,868,754",0.00%,4.02%,104.02%,"$145,993,143"
1987DNK,1987,Denmark,"$109,414,423,928",0.67%,4.02%,104.02%,"$105,185,955,403"
1987DZA,1987,Algeria,"$66,746,396,416",0.41%,7.44%,107.44%,"$62,123,616,057"
1987ECU,1987,Ecuador,"$13,945,431,882",0.08%,29.50%,129.50%,"$10,768,340,884"
1987EGY,1987,Egypt,"$40,455,616,653",0.25%,19.69%,119.69%,"$33,799,316,684"
1987ESP,1987,Spain,"$318,747,935,588",1.94%,5.25%,105.25%,"$302,854,096,183"
1987ETH,1987,Ethiopia,"$10,527,338,647",0.06%,-2.43%,97.57%,"$10,789,377,284"
1987FIN,1987,Finland,"$91,594,751,792",0.56%,4.11%,104.11%,"$87,976,262,715"
1987FJI,1987,Fiji Islands,"$1,177,908,191",0.01%,5.66%,105.66%,"$1,114,770,122"
1987FRA,1987,France,"$934,173,305,685",5.68%,3.29%,103.29%,"$904,427,602,422"
1987GAB,1987,Gabon,"$3,281,797,038",0.02%,-0.95%,99.05%,"$3,313,145,547"
1987GBR,1987,United Kingdom,"$745,162,608,269",4.53%,4.15%,104.15%,"$715,477,982,549"
1987GHA,1987,Garner,"$5,074,829,931",0.03%,39.82%,139.82%,"$3,629,673,116"
1987GMB,1987,Gambia,"$220,626,484",0.00%,23.53%,123.53%,"$178,602,746"
1987GNQ,1987,Equatorial Guinea,"$93,345,847",0.00%,-13.17%,86.83%,"$107,509,681"
1987GRC,1987,Greece,"$65,652,750,377",0.40%,16.40%,116.40%,"$56,404,226,536"
1987GRD,1987,Grenada,"$215,009,569",0.00%,-0.87%,99.13%,"$216,901,675"
1987GTM,1987,Guatemala,"$7,084,399,840",0.04%,12.32%,112.32%,"$6,307,155,603"
1987HKG,1987,Hong Kong,"$50,622,571,586",0.31%,5.65%,105.65%,"$47,913,194,515"
1987HND,1987,Honduras,"$4,152,499,950",0.03%,2.49%,102.49%,"$4,051,727,253"
1987HTI,1987,Haiti,"$2,047,200,000",0.01%,-11.45%,88.55%,"$2,311,900,195"
1987IDN,1987,Indonesia,"$75,929,617,576",0.46%,9.28%,109.28%,"$69,482,568,933"
1987IND,1987,India,"$279,033,584,092",1.70%,8.80%,108.80%,"$256,462,037,508"
1987IRL,1987,Ireland,"$33,925,835,674",0.21%,3.16%,103.16%,"$32,886,807,369"
1987IRN,1987,Iran,"$134,009,995,923",0.81%,28.57%,128.57%,"$104,229,996,830"
1987ISL,1987,Iceland,"$5,520,318,352",0.03%,18.30%,118.30%,"$4,666,460,268"
1987ISR,1987,Israel,"$41,106,183,368",0.25%,19.09%,119.09%,"$34,515,789,840"
1987ITA,1987,Italy,"$805,713,128,174",4.90%,4.75%,104.75%,"$769,197,148,081"
1987JAM,1987,Jamaica,"$3,286,987,551",0.02%,6.65%,106.65%,"$3,081,961,653"
1987JOR,1987,Jordan,"$6,755,599,113",0.04%,-0.20%,99.80%,"$6,769,137,388"
1987JPN,1987,Japan,"$2,532,808,573,157",15.40%,0.13%,100.13%,"$2,529,616,782,586"
1987KEN,1987,Kenya,"$7,970,820,530",0.05%,8.64%,108.64%,"$7,337,068,529"
1987KNA,1987,Saint Kitts and Nevis,"$147,748,148",0.00%,0.96%,100.96%,"$146,338,886"
1987KOR,1987,South Korea,"$147,948,259,722",0.90%,3.05%,103.05%,"$143,569,865,844"
1987KWT,1987,Kuwait,"$22,365,734,481",0.14%,0.65%,100.65%,"$22,220,226,507"
1987LCA,1987,Saint Lucia,"$375,555,555",0.00%,7.02%,107.02%,"$350,915,159"
1987LKA,1987,Sri Lanka,"$6,682,167,119",0.04%,7.72%,107.72%,"$6,203,437,569"
1987LSO,1987,Lesotho,"$402,774,852",0.00%,11.75%,111.75%,"$360,424,075"
1987LUX,1987,Luxembourg,"$8,614,215,018",0.05%,-0.06%,99.94%,"$8,619,098,850"
1987MDG,1987,Madagascar,"$2,565,634,382",0.02%,14.99%,114.99%,"$2,231,119,605"
1987MDV,1987,Maldives,"$141,268,980",0.00%,9.70%,109.70%,"$128,772,777"
1987MEX,1987,Mexico,"$147,540,738,281",0.90%,131.83%,231.83%,"$63,642,498,051"
1987MLT,1987,Malta,"$1,751,247,763",0.01%,0.43%,100.43%,"$1,743,719,678"
1987MRT,1987,Mauritania,"$909,820,596",0.01%,8.15%,108.15%,"$841,239,842"
1987MUS,1987,Mauritius,"$1,880,852,914",0.01%,0.52%,100.52%,"$1,871,146,498"
1987MWI,1987,Malawi,"$1,183,094,127",0.01%,25.16%,125.16%,"$945,302,405"
1987MYS,1987,Malaysia,"$32,181,695,507",0.20%,0.29%,100.29%,"$32,088,635,925"
1987NER,1987,Niger,"$2,233,005,822",0.01%,-6.71%,93.29%,"$2,393,671,672"
1987NGA,1987,Nigeria,"$24,093,203,444",0.15%,11.29%,111.29%,"$21,648,965,414"
1987NLD,1987,Netherlands,"$245,046,310,922",1.49%,-0.69%,99.31%,"$246,751,885,819"
1987NOR,1987,Norway,"$94,230,055,658",0.57%,8.72%,108.72%,"$86,674,590,477"
1987NPL,1987,Nepal,"$2,957,255,379",0.02%,10.75%,110.75%,"$2,670,200,108"
1987NZL,1987,New Zealand,"$40,376,354,069",0.25%,15.74%,115.74%,"$34,884,096,922"
1987PAK,1987,Pakistan,"$33,351,529,274",0.20%,4.68%,104.68%,"$31,860,088,884"
1987PAN,1987,Panama,"$6,827,665,300",0.04%,1.00%,101.00%,"$6,760,304,069"
1987PER,1987,Peru,"$20,702,298,396",0.13%,85.82%,185.82%,"$11,140,911,344"
1987PHL,1987,Philippines,"$33,195,933,429",0.20%,4.07%,104.07%,"$31,897,768,435"
1987PNG,1987,Papua New Guinea,"$3,143,848,331",0.02%,3.34%,103.34%,"$3,042,312,058"
1987PRT,1987,Portugal,"$48,182,925,857",0.29%,9.63%,109.63%,"$43,948,556,347"
1987PRY,1987,Paraguay,"$3,971,044,723",0.02%,21.81%,121.81%,"$3,260,024,455"
1987QAT,1987,Qatar,"$5,446,428,681",0.03%,2.69%,102.69%,"$5,304,001,153"
1987RWA,1987,Rwanda,"$2,157,434,025",0.01%,4.13%,104.13%,"$2,071,805,975"
1987SAU,1987,Saudi Arabia,"$85,695,941,760",0.52%,-1.55%,98.45%,"$87,042,592,273"
1987SDN,1987,Sudan,"$20,155,555,555",0.12%,20.56%,120.56%,"$16,718,660,722"
1987SEN,1987,Senegal,"$5,040,708,115",0.03%,-4.14%,95.86%,"$5,258,445,832"
1987SGP,1987,Singapore,"$20,919,215,578",0.13%,0.52%,100.52%,"$20,810,313,848"
1987SLB,1987,Solomon Islands,"$238,606,299",0.00%,10.99%,110.99%,"$214,975,414"
1987SLV,1987,El Salvador,"$3,958,045,800",0.02%,24.86%,124.86%,"$3,169,872,773"
1987SUR,1987,Suriname,"$980,000,000",0.01%,53.39%,153.39%,"$638,882,021"
1987SWE,1987,Sweden,"$183,009,638,350",1.11%,4.19%,104.19%,"$175,652,315,493"
1987SWZ,1987,Eswatini,"$584,135,559",0.00%,13.38%,113.38%,"$515,216,931"
1987SYC,1987,Seychelles,"$249,267,039",0.00%,2.59%,102.59%,"$242,963,735"
1987SYR,1987,Syria,"$11,356,215,712",0.07%,59.48%,159.48%,"$7,120,582,334"
1987TCD,1987,Chad,"$1,163,426,850",0.01%,-5.97%,94.03%,"$1,237,356,984"
1987TGO,1987,Togo,"$1,249,099,130",0.01%,0.05%,100.05%,"$1,248,424,870"
1987THA,1987,Thailand,"$50,535,438,696",0.31%,2.47%,102.47%,"$49,319,004,618"
1987TON,1987,Tonga,"$81,667,133",0.00%,4.69%,104.69%,"$78,011,523"
1987TTO,1987,Trinidad and Tobago,"$4,797,777,777",0.03%,10.75%,110.75%,"$4,332,006,542"
1987TUN,1987,Tunisia,"$9,696,271,268",0.06%,8.23%,108.23%,"$8,959,296,850"
1987TUR,1987,Turkey,"$87,172,789,528",0.53%,38.86%,138.86%,"$62,779,345,358"
1987URY,1987,Uruguay,"$7,367,494,080",0.04%,63.57%,163.57%,"$4,504,276,098"
1987USA,1987,the United States,"$4,855,215,000,000",29.52%,3.66%,103.66%,"$4,683,582,170,495"
1987VCT,1987,Saint Vincent and the Grenadines,"$175,580,647",0.00%,3.31%,103.31%,"$169,961,800"
1987VUT,1987,Vanuatu,"$139,464,173",0.00%,16.04%,116.04%,"$120,186,918"
1987WSM,1987,Samoa,"$111,713,922",0.00%,4.57%,104.57%,"$106,834,931"
1987ZAF,1987,South Africa,"$88,573,697,223",0.54%,16.16%,116.16%,"$76,251,079,432"
1987ZMB,1987,Zambia,"$2,269,894,736",0.01%,47.05%,147.05%,"$1,543,649,968"
1988ABW,1988,Aruba,"$596,423,607",0.00%,3.12%,103.12%,"$578,367,727"
1988AUS,1988,Australia,"$235,658,469,150",1.24%,7.22%,107.22%,"$219,797,979,513"
1988AUT,1988,Austria,"$133,339,397,080",0.70%,1.92%,101.92%,"$130,833,007,121"
1988BDI,1988,Burundi,"$1,082,403,219",0.01%,4.49%,104.49%,"$1,035,923,430"
1988BEL,1988,Belgium,"$162,299,103,675",0.86%,1.16%,101.16%,"$160,436,539,837"
1988BFA,1988,Burkina Faso,"$2,616,040,645",0.01%,4.26%,104.26%,"$2,509,256,331"
1988BGD,1988,Bangladesh,"$26,579,005,760",0.14%,7.41%,107.41%,"$24,744,736,366"
1988BGR,1988,Bulgaria,"$22,555,941,176",0.12%,2.37%,102.37%,"$22,033,812,908"
1988BHR,1988,Bahrain,"$3,702,393,617",0.02%,0.30%,100.30%,"$3,691,193,209"
1988BHS,1988,Bahamas,"$2,817,900,000",0.01%,4.40%,104.40%,"$2,699,075,578"
1988BOL,1988,Bolivia,"$4,597,615,562",0.02%,16.00%,116.00%,"$3,963,390,246"
1988BRA,1988,Brazil,"$330,397,381,998",1.74%,629.11%,729.11%,"$45,314,882,350"
1988BRB,1988,Barbados,"$1,812,757,917",0.01%,4.86%,104.86%,"$1,728,759,908"
1988BRN,1988,Brunei,"$2,690,717,551",0.01%,1.19%,101.19%,"$2,658,999,859"
1988BTN,1988,Bhutan,"$272,241,005",0.00%,10.08%,110.08%,"$247,302,898"
1988BWA,1988,Botswana,"$2,644,536,804",0.01%,8.35%,108.35%,"$2,440,697,564"
1988CAF,1988,Central Africa,"$1,264,899,368",0.01%,-3.96%,96.04%,"$1,317,116,022"
1988CAN,1988,Canada,"$507,354,351,182",2.68%,4.03%,104.03%,"$487,708,318,162"
1988CHE,1988,Switzerland,"$215,721,878,630",1.14%,1.87%,101.87%,"$211,756,799,065"
1988CHL,1988,Chile,"$26,040,229,793",0.14%,14.68%,114.68%,"$22,706,000,870"
1988CHN,1988,China,"$312,353,631,207",1.65%,18.81%,118.81%,"$262,897,779,550"
1988CIV,1988,C ô te d'Ivoire,"$10,255,170,459",0.05%,6.93%,106.93%,"$9,590,484,103"
1988CMR,1988,Cameroon,"$12,236,058,143",0.06%,1.68%,101.68%,"$12,033,612,752"
1988COD,1988,Congo (gold),"$8,861,299,976",0.05%,71.09%,171.09%,"$5,179,268,402"
1988COG,1988,Congo (Brazzaville),"$2,212,536,313",0.01%,1.03%,101.03%,"$2,189,970,377"
1988COL,1988,Columbia,"$39,212,550,050",0.21%,28.14%,128.14%,"$30,601,318,763"
1988CPV,1988,Cape Verde,"$264,308,140",0.00%,4.07%,104.07%,"$253,961,558"
1988CRI,1988,Costa Rica,"$4,614,629,898",0.02%,20.83%,120.83%,"$3,819,029,341"
1988CYP,1988,Cyprus,"$4,278,792,597",0.02%,3.43%,103.43%,"$4,136,926,374"
1988DEU,1988,Germany,"$1,401,233,225,303",7.39%,1.27%,101.27%,"$1,383,604,390,091"
1988DMA,1988,Dominica,"$5,374,314,928",0.03%,2.92%,102.92%,"$5,221,604,325"
1988DMA,1988,Dominica,"$171,106,184",0.00%,2.92%,102.92%,"$166,244,219"
1988DNK,1988,Denmark,"$115,552,846,616",0.61%,4.54%,104.54%,"$110,539,723,143"
1988DZA,1988,Algeria,"$59,089,067,187",0.31%,5.91%,105.91%,"$55,790,959,529"
1988ECU,1988,Ecuador,"$13,051,886,552",0.07%,58.22%,158.22%,"$8,249,395,076"
1988EGY,1988,Egypt,"$34,980,124,929",0.18%,17.66%,117.66%,"$29,728,955,068"
1988ESP,1988,Spain,"$376,160,409,941",1.98%,4.84%,104.84%,"$358,804,085,184"
1988ETH,1988,Ethiopia,"$10,908,935,748",0.06%,7.08%,107.08%,"$10,187,582,064"
1988FIN,1988,Finland,"$109,058,990,760",0.58%,5.09%,105.09%,"$103,780,774,646"
1988FJI,1988,Fiji Islands,"$1,109,976,927",0.01%,11.76%,111.76%,"$993,193,937"
1988FRA,1988,France,"$1,018,847,043,277",5.37%,2.70%,102.70%,"$992,053,510,528"
1988GAB,1988,Gabon,"$3,834,503,378",0.02%,-8.78%,91.22%,"$4,203,398,664"
1988GBR,1988,United Kingdom,"$910,122,732,123",4.80%,4.16%,104.16%,"$873,812,739,459"
1988GHA,1988,Garner,"$5,197,840,979",0.03%,31.36%,131.36%,"$3,956,965,559"
1988GMB,1988,Gambia,"$266,673,126",0.00%,11.69%,111.69%,"$238,760,609"
1988GNB,1988,Guinea Bissau,"$164,458,120",0.00%,60.28%,160.28%,"$102,605,622"
1988GNQ,1988,Equatorial Guinea,"$100,534,663",0.00%,2.52%,102.52%,"$98,059,964"
1988GRC,1988,Greece,"$76,261,277,924",0.40%,13.53%,113.53%,"$67,173,473,822"
1988GRD,1988,Grenada,"$236,357,523",0.00%,4.00%,104.00%,"$227,266,849"
1988GTM,1988,Guatemala,"$7,841,602,824",0.04%,10.83%,110.83%,"$7,075,170,556"
1988HKG,1988,Hong Kong,"$59,707,404,560",0.31%,7.89%,107.89%,"$55,342,372,373"
1988HND,1988,Honduras,"$3,970,386,266",0.02%,4.49%,104.49%,"$3,799,730,576"
1988HTI,1988,Haiti,"$2,613,926,800",0.01%,4.11%,104.11%,"$2,510,844,866"
1988IDN,1988,Indonesia,"$84,300,174,477",0.44%,8.05%,108.05%,"$78,022,942,306"
1988IND,1988,India,"$296,588,994,812",1.56%,9.38%,109.38%,"$271,146,078,803"
1988IRL,1988,Ireland,"$37,778,818,236",0.20%,2.13%,102.13%,"$36,989,256,092"
1988IRN,1988,Iran,"$123,057,861,333",0.65%,28.67%,128.67%,"$95,637,875,269"
1988ISL,1988,Iceland,"$6,106,635,769",0.03%,25.73%,125.73%,"$4,857,117,552"
1988ISR,1988,Israel,"$50,274,157,858",0.27%,16.44%,116.44%,"$43,175,939,538"
1988ITA,1988,Italy,"$891,608,957,155",4.70%,5.06%,105.06%,"$848,680,592,497"
1988JAM,1988,Jamaica,"$3,828,310,734",0.02%,8.27%,108.27%,"$3,535,998,058"
1988JOR,1988,Jordan,"$6,277,197,435",0.03%,6.61%,106.61%,"$5,887,822,406"
1988JPN,1988,Japan,"$3,071,683,013,178",16.20%,0.68%,100.68%,"$3,050,980,354,717"
1988KEN,1988,Kenya,"$8,355,380,879",0.04%,12.26%,112.26%,"$7,442,554,339"
1988KNA,1988,Saint Kitts and Nevis,"$172,692,592",0.00%,0.23%,100.23%,"$172,291,970"
1988KOR,1988,South Korea,"$199,590,823,957",1.05%,7.15%,107.15%,"$186,279,134,913"
1988KWT,1988,Kuwait,"$20,692,472,759",0.11%,1.47%,101.47%,"$20,393,075,315"
1988LCA,1988,Saint Lucia,"$429,629,629",0.00%,0.83%,100.83%,"$426,095,286"
1988LKA,1988,Sri Lanka,"$6,978,371,581",0.04%,13.99%,113.99%,"$6,121,832,406"
1988LSO,1988,Lesotho,"$470,389,179",0.00%,11.46%,111.46%,"$422,038,841"
1988LUX,1988,Luxembourg,"$9,750,161,272",0.05%,1.44%,101.44%,"$9,612,075,108"
1988MDG,1988,Madagascar,"$2,442,507,588",0.01%,26.85%,126.85%,"$1,925,450,907"
1988MDV,1988,Maldives,"$168,610,478",0.00%,6.46%,106.46%,"$158,384,598"
1988MEX,1988,Mexico,"$181,611,549,975",0.96%,114.16%,214.16%,"$84,800,912,750"
1988MLT,1988,Malta,"$2,019,474,244",0.01%,0.94%,100.94%,"$2,000,700,781"
1988MRT,1988,Mauritania,"$957,377,548",0.01%,1.32%,101.32%,"$944,907,988"
1988MUS,1988,Mauritius,"$2,134,517,067",0.01%,9.16%,109.16%,"$1,955,414,509"
1988MWI,1988,Malawi,"$1,379,924,257",0.01%,33.91%,133.91%,"$1,030,469,680"
1988MYS,1988,Malaysia,"$35,271,880,250",0.19%,2.56%,102.56%,"$34,392,626,074"
1988NER,1988,Niger,"$2,280,356,338",0.01%,-1.39%,98.61%,"$2,312,593,030"
1988NGA,1988,Nigeria,"$23,272,161,396",0.12%,54.51%,154.51%,"$15,061,793,361"
1988NLD,1988,Netherlands,"$261,910,508,417",1.38%,0.74%,100.74%,"$259,991,896,429"
1988NOR,1988,Norway,"$101,900,260,856",0.54%,6.68%,106.68%,"$95,522,808,555"
1988NPL,1988,Nepal,"$3,487,009,748",0.02%,8.98%,108.98%,"$3,199,590,431"
1988NZL,1988,New Zealand,"$45,176,811,594",0.24%,6.38%,106.38%,"$42,469,288,514"
1988PAK,1988,Pakistan,"$38,472,742,808",0.20%,8.84%,108.84%,"$35,348,651,272"
1988PAN,1988,Panama,"$5,902,783,400",0.03%,0.36%,100.36%,"$5,881,655,268"
1988PER,1988,Peru,"$15,439,408,447",0.08%,667.02%,767.02%,"$2,012,909,958"
1988PHL,1988,Philippines,"$37,885,440,418",0.20%,13.86%,113.86%,"$33,273,684,703"
1988PNG,1988,Papua New Guinea,"$3,655,979,702",0.02%,5.45%,105.45%,"$3,467,188,445"
1988PRT,1988,Portugal,"$56,347,250,696",0.30%,10.10%,110.10%,"$51,177,489,026"
1988PRY,1988,Paraguay,"$4,255,683,528",0.02%,22.59%,122.59%,"$3,471,356,347"
1988QAT,1988,Qatar,"$6,038,187,032",0.03%,4.60%,104.60%,"$5,772,506,803"
1988RWA,1988,Rwanda,"$2,395,493,877",0.01%,2.98%,102.98%,"$2,326,204,535"
1988SAU,1988,Saudi Arabia,"$88,256,162,068",0.47%,0.91%,100.91%,"$87,462,385,794"
1988SDN,1988,Sudan,"$15,399,166,666",0.08%,64.70%,164.70%,"$9,349,796,003"
1988SEN,1988,Senegal,"$4,985,153,202",0.03%,-1.83%,98.17%,"$5,077,910,492"
1988SGP,1988,Singapore,"$25,371,462,488",0.13%,1.52%,101.52%,"$24,990,806,228"
1988SLB,1988,Solomon Islands,"$310,684,273",0.00%,16.74%,116.74%,"$266,139,160"
1988SLV,1988,El Salvador,"$4,189,880,000",0.02%,19.76%,119.76%,"$3,498,529,855"
1988SUR,1988,Suriname,"$1,161,000,000",0.01%,7.31%,107.31%,"$1,081,879,070"
1988SWE,1988,Sweden,"$206,986,674,500",1.09%,5.82%,105.82%,"$195,593,548,469"
1988SWZ,1988,Eswatini,"$692,016,714",0.00%,20.39%,120.39%,"$574,790,672"
1988SYC,1988,Seychelles,"$283,828,769",0.00%,1.84%,101.84%,"$278,703,193"
1988SYR,1988,Syria,"$10,577,042,354",0.06%,34.56%,134.56%,"$7,860,336,270"
1988TCD,1988,Chad,"$1,482,597,298",0.01%,15.48%,115.48%,"$1,283,883,935"
1988TGO,1988,Togo,"$1,378,847,487",0.01%,-0.15%,99.85%,"$1,380,931,464"
1988THA,1988,Thailand,"$61,667,199,834",0.33%,3.86%,103.86%,"$59,373,751,672"
1988TON,1988,Tonga,"$106,657,267",0.00%,9.92%,109.92%,"$97,028,169"
1988TTO,1988,Trinidad and Tobago,"$4,496,852,073",0.02%,7.76%,107.76%,"$4,173,083,705"
1988TUN,1988,Tunisia,"$10,096,292,842",0.05%,7.20%,107.20%,"$9,418,449,860"
1988TUR,1988,Turkey,"$90,852,814,004",0.48%,68.81%,168.81%,"$53,819,682,445"
1988TZA,1988,Tanzania,"$5,100,405,772",0.03%,31.19%,131.19%,"$3,887,897,981"
1988URY,1988,Uruguay,"$8,213,515,458",0.04%,62.19%,162.19%,"$5,064,070,770"
1988USA,1988,the United States,"$5,236,438,000,000",27.62%,4.08%,104.08%,"$5,031,275,606,392"
1988VCT,1988,Saint Vincent and the Grenadines,"$200,726,712",0.00%,0.23%,100.23%,"$200,271,635"
1988VUT,1988,Vanuatu,"$158,351,368",0.00%,8.76%,108.76%,"$145,596,757"
1988WSM,1988,Samoa,"$133,016,065",0.00%,8.51%,108.51%,"$122,586,562"
1988ZAF,1988,South Africa,"$95,176,640,968",0.50%,12.78%,112.78%,"$84,391,758,381"
1988ZMB,1988,Zambia,"$3,713,614,457",0.02%,51.00%,151.00%,"$2,459,281,914"
1989ABW,1989,Aruba,"$695,304,363",0.00%,3.99%,103.99%,"$668,615,711"
1989AUS,1989,Australia,"$299,272,046,250",1.51%,7.53%,107.53%,"$278,304,831,425"
1989AUT,1989,Austria,"$133,105,805,512",0.67%,2.57%,102.57%,"$129,772,788,322"
1989BDI,1989,Burundi,"$1,113,924,130",0.01%,11.66%,111.66%,"$997,589,262"
1989BEL,1989,Belgium,"$164,221,056,511",0.83%,3.11%,103.11%,"$159,272,382,901"
1989BFA,1989,Burkina Faso,"$2,615,587,725",0.01%,-0.48%,99.52%,"$2,628,250,603"
1989BGD,1989,Bangladesh,"$28,781,714,763",0.15%,6.05%,106.05%,"$27,140,916,170"
1989BGR,1989,Bulgaria,"$21,988,444,444",0.11%,6.39%,106.39%,"$20,667,989,556"
1989BHR,1989,Bahrain,"$3,863,563,829",0.02%,1.49%,101.49%,"$3,806,995,781"
1989BHS,1989,Bahamas,"$3,062,000,000",0.02%,5.39%,105.39%,"$2,905,463,554"
1989BOL,1989,Bolivia,"$4,715,978,868",0.02%,15.17%,115.17%,"$4,094,674,707"
1989BRA,1989,Brazil,"$425,595,310,000",2.15%,1430.72%,1530.72%,"$27,803,535,220"
1989BRB,1989,Barbados,"$2,006,165,166",0.01%,6.19%,106.19%,"$1,889,220,276"
1989BRN,1989,Brunei,"$2,985,467,979",0.02%,1.30%,101.30%,"$2,947,029,858"
1989BTN,1989,Bhutan,"$264,725,206",0.00%,8.78%,108.78%,"$243,361,417"
1989BWA,1989,Botswana,"$3,083,800,684",0.02%,11.58%,111.58%,"$2,763,881,045"
1989CAF,1989,Central Africa,"$1,233,930,277",0.01%,0.69%,100.69%,"$1,225,485,995"
1989CAN,1989,Canada,"$565,055,743,243",2.86%,4.98%,104.98%,"$538,232,281,395"
1989CHE,1989,Switzerland,"$208,280,848,462",1.05%,3.16%,103.16%,"$201,910,041,893"
1989CHL,1989,Chile,"$29,885,685,142",0.15%,17.03%,117.03%,"$25,537,222,972"
1989CHN,1989,China,"$347,768,051,311",1.76%,18.25%,118.25%,"$294,106,451,734"
1989CIV,1989,C ô te d'Ivoire,"$9,757,410,614",0.05%,1.05%,101.05%,"$9,656,068,415"
1989CMR,1989,Cameroon,"$11,012,566,160",0.06%,-1.67%,98.33%,"$11,199,089,902"
1989COD,1989,Congo (gold),"$9,021,862,775",0.05%,104.07%,204.07%,"$4,421,068,107"
1989COG,1989,Congo (Brazzaville),"$2,389,593,021",0.01%,-1.80%,98.20%,"$2,433,319,501"
1989COL,1989,Columbia,"$39,540,080,200",0.20%,25.86%,125.86%,"$31,415,576,622"
1989CPV,1989,Cape Verde,"$267,448,513",0.00%,4.56%,104.56%,"$255,796,570"
1989CRI,1989,Costa Rica,"$5,251,025,767",0.03%,16.51%,116.51%,"$4,506,938,791"
1989CYP,1989,Cyprus,"$4,563,482,603",0.02%,3.77%,103.77%,"$4,397,881,243"
1989DEU,1989,Germany,"$1,398,967,436,804",7.07%,2.78%,102.78%,"$1,361,120,662,731"
1989DMA,1989,Dominica,"$6,686,593,059",0.03%,6.22%,106.22%,"$6,295,129,102"
1989DMA,1989,Dominica,"$185,137,242",0.00%,6.22%,106.22%,"$174,298,455"
1989DNK,1989,Denmark,"$112,409,222,182",0.57%,4.77%,104.77%,"$107,288,632,488"
1989DZA,1989,Algeria,"$55,634,414,465",0.28%,9.30%,109.30%,"$50,898,622,731"
1989ECU,1989,Ecuador,"$13,890,828,707",0.07%,75.65%,175.65%,"$7,908,324,418"
1989EGY,1989,Egypt,"$39,756,299,049",0.20%,21.26%,121.26%,"$32,785,491,435"
1989ESP,1989,Spain,"$414,757,056,921",2.10%,6.79%,106.79%,"$388,380,447,981"
1989ETH,1989,Ethiopia,"$11,476,584,879",0.06%,7.82%,107.82%,"$10,644,474,266"
1989FIN,1989,Finland,"$119,012,054,870",0.60%,6.59%,106.59%,"$111,651,004,829"
1989FJI,1989,Fiji Islands,"$1,182,686,577",0.01%,6.19%,106.19%,"$1,113,752,492"
1989FRA,1989,France,"$1,025,211,803,413",5.18%,3.50%,103.50%,"$990,559,054,160"
1989GAB,1989,Gabon,"$4,186,411,457",0.02%,6.74%,106.74%,"$3,922,033,542"
1989GBR,1989,United Kingdom,"$926,884,816,753",4.69%,5.76%,105.76%,"$876,401,885,123"
1989GHA,1989,Garner,"$5,251,764,264",0.03%,25.22%,125.22%,"$4,193,906,264"
1989GMB,1989,Gambia,"$284,119,692",0.00%,8.28%,108.28%,"$262,405,587"
1989GNB,1989,Guinea Bissau,"$213,143,016",0.00%,80.79%,180.79%,"$117,896,570"
1989GNQ,1989,Equatorial Guinea,"$88,265,974",0.00%,6.17%,106.17%,"$83,139,467"
1989GRC,1989,Greece,"$79,169,043,222",0.40%,13.66%,113.66%,"$69,656,988,647"
1989GRD,1989,Grenada,"$267,327,642",0.00%,5.59%,105.59%,"$253,168,081"
1989GTM,1989,Guatemala,"$8,410,724,360",0.04%,11.39%,111.39%,"$7,550,894,070"
1989HKG,1989,Hong Kong,"$68,790,369,107",0.35%,10.18%,110.18%,"$62,432,965,329"
1989HND,1989,Honduras,"$3,563,448,310",0.02%,9.85%,109.85%,"$3,243,909,908"
1989HTI,1989,Haiti,"$2,736,243,800",0.01%,6.92%,106.92%,"$2,559,057,115"
1989IDN,1989,Indonesia,"$94,451,427,898",0.48%,6.42%,106.42%,"$88,757,176,087"
1989IND,1989,India,"$296,042,354,986",1.50%,7.07%,107.07%,"$276,483,161,881"
1989IRL,1989,Ireland,"$39,244,542,917",0.20%,4.09%,104.09%,"$37,702,856,984"
1989IRN,1989,Iran,"$120,496,362,916",0.61%,22.35%,122.35%,"$98,485,251,010"
1989ISL,1989,Iceland,"$5,672,569,396",0.03%,20.76%,120.76%,"$4,697,461,232"
1989ISR,1989,Israel,"$50,076,054,059",0.25%,20.30%,120.30%,"$41,624,809,241"
1989ITA,1989,Italy,"$928,661,332,204",4.70%,6.26%,106.26%,"$873,953,327,559"
1989JAM,1989,Jamaica,"$4,404,970,058",0.02%,14.33%,114.33%,"$3,852,871,354"
1989JOR,1989,Jordan,"$4,220,945,005",0.02%,25.71%,125.71%,"$3,357,611,727"
1989JPN,1989,Japan,"$3,054,914,166,263",15.45%,2.27%,102.27%,"$2,987,039,967,115"
1989KEN,1989,Kenya,"$8,283,114,648",0.04%,13.79%,113.79%,"$7,279,342,952"
1989KNA,1989,Saint Kitts and Nevis,"$192,518,518",0.00%,5.17%,105.17%,"$183,054,656"
1989KOR,1989,South Korea,"$246,927,292,765",1.25%,5.70%,105.70%,"$233,611,074,990"
1989KWT,1989,Kuwait,"$24,312,117,767",0.12%,3.34%,103.34%,"$23,525,875,118"
1989LAO,1989,Laos,"$714,046,821",0.00%,61.33%,161.33%,"$442,593,026"
1989LCA,1989,Saint Lucia,"$486,666,666",0.00%,4.37%,104.37%,"$466,278,018"
1989LKA,1989,Sri Lanka,"$6,987,267,683",0.04%,11.57%,111.57%,"$6,262,814,370"
1989LSO,1989,Lesotho,"$495,404,888",0.00%,14.73%,114.73%,"$431,807,255"
1989LUX,1989,Luxembourg,"$10,391,504,914",0.05%,3.37%,103.37%,"$10,052,634,732"
1989MAC,1989,Macao,"$2,705,659,766",0.01%,8.77%,108.77%,"$2,487,483,907"
1989MDG,1989,Madagascar,"$2,498,059,014",0.01%,9.01%,109.01%,"$2,291,524,045"
1989MDV,1989,Maldives,"$189,535,398",0.00%,7.17%,107.17%,"$176,861,736"
1989MEX,1989,Mexico,"$221,400,669,713",1.12%,20.01%,120.01%,"$184,488,448,411"
1989MLI,1989,Mali,"$2,181,821,902",0.01%,-0.08%,99.92%,"$2,183,496,491"
1989MLT,1989,Malta,"$2,118,574,772",0.01%,0.85%,100.85%,"$2,100,766,754"
1989MRT,1989,Mauritania,"$981,529,430",0.00%,12.93%,112.93%,"$869,127,884"
1989MUS,1989,Mauritius,"$2,181,930,254",0.01%,12.67%,112.67%,"$1,936,566,467"
1989MWI,1989,Malawi,"$1,590,215,582",0.01%,12.45%,112.45%,"$1,414,199,226"
1989MYS,1989,Malaysia,"$38,848,567,631",0.20%,2.81%,102.81%,"$37,785,583,264"
1989NER,1989,Niger,"$2,179,567,107",0.01%,-2.84%,97.16%,"$2,243,357,544"
1989NGA,1989,Nigeria,"$24,231,168,858",0.12%,50.47%,150.47%,"$16,104,008,908"
1989NLD,1989,Netherlands,"$258,336,705,808",1.31%,1.08%,101.08%,"$255,571,023,271"
1989NOR,1989,Norway,"$102,633,789,557",0.52%,4.55%,104.55%,"$98,170,804,071"
1989NPL,1989,Nepal,"$3,525,228,153",0.02%,8.85%,108.85%,"$3,238,703,699"
1989NZL,1989,New Zealand,"$43,920,222,524",0.22%,5.72%,105.72%,"$41,545,486,051"
1989PAK,1989,Pakistan,"$40,171,018,229",0.20%,7.84%,107.84%,"$37,249,100,197"
1989PAN,1989,Panama,"$5,918,469,800",0.03%,0.21%,100.21%,"$5,906,310,640"
1989PER,1989,Peru,"$22,499,559,086",0.11%,3398.68%,3498.68%,"$643,087,263"
1989PHL,1989,Philippines,"$42,575,183,905",0.22%,12.24%,112.24%,"$37,931,262,931"
1989PNG,1989,Papua New Guinea,"$3,546,460,176",0.02%,4.48%,104.48%,"$3,394,376,966"
1989PRT,1989,Portugal,"$60,594,092,182",0.31%,12.69%,112.69%,"$53,772,366,489"
1989PRY,1989,Paraguay,"$4,757,732,199",0.02%,26.42%,126.42%,"$3,763,369,849"
1989QAT,1989,Qatar,"$6,487,912,087",0.03%,3.30%,103.30%,"$6,280,650,617"
1989RWA,1989,Rwanda,"$2,405,021,932",0.01%,1.01%,101.01%,"$2,380,967,535"
1989SAU,1989,Saudi Arabia,"$95,344,352,823",0.48%,1.03%,101.03%,"$94,369,847,404"
1989SDN,1989,Sudan,"$15,291,507,936",0.08%,66.72%,166.72%,"$9,171,952,021"
1989SEN,1989,Senegal,"$4,913,065,110",0.02%,0.45%,100.45%,"$4,891,186,376"
1989SGP,1989,Singapore,"$30,465,364,738",0.15%,2.35%,102.35%,"$29,767,188,352"
1989SLB,1989,Solomon Islands,"$332,286,760",0.00%,14.93%,114.93%,"$289,115,341"
1989SLV,1989,El Salvador,"$4,372,215,300",0.02%,17.63%,117.63%,"$3,716,793,044"
1989SUR,1989,Suriname,"$542,600,000",0.00%,0.77%,100.77%,"$538,455,793"
1989SWE,1989,Sweden,"$217,948,315,624",1.10%,6.44%,106.44%,"$204,755,362,736"
1989SWZ,1989,Eswatini,"$696,915,430",0.00%,7.55%,107.55%,"$648,015,140"
1989SYC,1989,Seychelles,"$304,832,867",0.00%,1.58%,101.58%,"$300,091,022"
1989SYR,1989,Syria,"$9,853,396,225",0.05%,11.40%,111.40%,"$8,845,121,600"
1989TCD,1989,Chad,"$1,433,686,309",0.01%,-3.69%,96.31%,"$1,488,602,873"
1989TGO,1989,Togo,"$1,352,949,662",0.01%,-0.84%,99.16%,"$1,364,402,499"
1989THA,1989,Thailand,"$72,250,877,410",0.37%,5.36%,105.36%,"$68,578,196,067"
1989TON,1989,Tonga,"$106,344,854",0.00%,4.07%,104.07%,"$102,182,311"
1989TTO,1989,Trinidad and Tobago,"$4,323,058,823",0.02%,11.43%,111.43%,"$3,879,544,215"
1989TUN,1989,Tunisia,"$10,102,075,213",0.05%,7.74%,107.74%,"$9,376,268,921"
1989TUR,1989,Turkey,"$107,143,348,667",0.54%,63.27%,163.27%,"$65,622,388,474"
1989TZA,1989,Tanzania,"$4,420,168,102",0.02%,25.85%,125.85%,"$3,512,255,688"
1989URY,1989,Uruguay,"$8,438,951,476",0.04%,80.45%,180.45%,"$4,676,681,270"
1989USA,1989,the United States,"$5,641,580,000,000",28.52%,4.83%,104.83%,"$5,381,800,334,772"
1989VCT,1989,Saint Vincent and the Grenadines,"$214,745,002",0.00%,2.83%,102.83%,"$208,826,988"
1989VUT,1989,Vanuatu,"$154,013,202",0.00%,7.75%,107.75%,"$142,938,274"
1989WSM,1989,Samoa,"$122,888,609",0.00%,6.46%,106.46%,"$115,428,942"
1989ZAF,1989,South Africa,"$99,030,856,824",0.50%,14.73%,114.73%,"$86,315,753,686"
1989ZMB,1989,Zambia,"$3,998,637,681",0.02%,123.40%,223.40%,"$1,789,866,391"
1990ABW,1990,Aruba,"$764,887,117",0.00%,5.84%,105.84%,"$722,705,078"
1990AUS,1990,Australia,"$310,781,069,642",1.38%,7.33%,107.33%,"$289,548,420,412"
1990AUT,1990,Austria,"$166,463,386,179",0.74%,3.26%,103.26%,"$161,205,082,225"
1990BDI,1990,Burundi,"$1,132,101,252",0.01%,7.00%,107.00%,"$1,058,017,101"
1990BEL,1990,Belgium,"$205,331,747,947",0.91%,3.45%,103.45%,"$198,487,286,665"
1990BFA,1990,Burkina Faso,"$3,101,300,641",0.01%,-0.50%,99.50%,"$3,117,019,878"
1990BGD,1990,Bangladesh,"$31,598,341,233",0.14%,6.13%,106.13%,"$29,774,162,142"
1990BGR,1990,Bulgaria,"$20,632,090,909",0.09%,23.80%,123.80%,"$16,665,663,093"
1990BHR,1990,Bahrain,"$4,229,787,234",0.02%,0.93%,100.93%,"$4,190,840,270"
1990BHS,1990,Bahamas,"$3,166,000,000",0.01%,4.67%,104.67%,"$3,024,764,111"
1990BOL,1990,Bolivia,"$4,867,582,620",0.02%,17.12%,117.12%,"$4,156,107,880"
1990BRA,1990,Brazil,"$461,951,782,000",2.05%,2947.73%,3047.73%,"$15,157,227,243"
1990BRB,1990,Barbados,"$2,012,131,457",0.01%,3.07%,103.07%,"$1,952,112,344"
1990BRN,1990,Brunei,"$3,520,551,724",0.02%,2.14%,102.14%,"$3,446,835,530"
1990BTN,1990,Bhutan,"$287,658,184",0.00%,10.00%,110.00%,"$261,507,440"
1990BWA,1990,Botswana,"$3,790,567,051",0.02%,11.40%,111.40%,"$3,402,775,031"
1990CAF,1990,Central Africa,"$1,440,711,395",0.01%,-0.01%,99.99%,"$1,440,889,063"
1990CAN,1990,Canada,"$593,929,550,908",2.63%,4.78%,104.78%,"$566,832,265,220"
1990CHE,1990,Switzerland,"$265,987,061,618",1.18%,5.40%,105.40%,"$252,350,162,090"
1990CHL,1990,Chile,"$33,113,887,817",0.15%,26.04%,126.04%,"$26,273,256,376"
1990CHN,1990,China,"$360,857,912,565",1.60%,3.05%,103.05%,"$350,169,716,890"
1990CIV,1990,C ô te d'Ivoire,"$10,795,850,106",0.05%,-0.81%,99.19%,"$10,883,558,494"
1990CMR,1990,Cameroon,"$12,314,482,085",0.05%,1.10%,101.10%,"$12,180,571,165"
1990COD,1990,Congo (gold),"$9,349,764,580",0.04%,81.30%,181.30%,"$5,157,198,876"
1990COG,1990,Congo (Brazzaville),"$2,798,746,050",0.01%,2.89%,102.89%,"$2,720,159,189"
1990COL,1990,Columbia,"$47,844,090,709",0.21%,29.14%,129.14%,"$37,048,859,716"
1990CPV,1990,Cape Verde,"$306,891,107",0.00%,10.65%,110.65%,"$277,344,224"
1990CRI,1990,Costa Rica,"$5,711,687,786",0.03%,19.04%,119.04%,"$4,798,134,790"
1990CYP,1990,Cyprus,"$5,591,130,217",0.02%,4.50%,104.50%,"$5,350,258,650"
1990DEU,1990,Germany,"$1,771,671,206,875",7.86%,2.70%,102.70%,"$1,725,152,951,316"
1990DMA,1990,Dominica,"$7,073,675,544",0.03%,3.19%,103.19%,"$6,854,939,681"
1990DMA,1990,Dominica,"$201,429,629",0.00%,3.19%,103.19%,"$195,200,918"
1990DNK,1990,Denmark,"$138,247,285,815",0.61%,2.64%,102.64%,"$134,689,328,389"
1990DZA,1990,Algeria,"$62,048,562,947",0.28%,16.65%,116.65%,"$53,190,925,745"
1990ECU,1990,Ecuador,"$15,239,278,100",0.07%,48.52%,148.52%,"$10,260,819,495"
1990EGY,1990,Egypt,"$42,978,914,311",0.19%,16.76%,116.76%,"$36,810,764,652"
1990ESP,1990,Spain,"$536,558,591,250",2.38%,6.72%,106.72%,"$502,763,721,283"
1990ETH,1990,Ethiopia,"$12,175,166,763",0.05%,5.15%,105.15%,"$11,578,582,473"
1990FIN,1990,Finland,"$141,438,345,513",0.63%,6.15%,106.15%,"$133,244,394,452"
1990FJI,1990,Fiji Islands,"$1,337,024,782",0.01%,8.19%,108.19%,"$1,235,796,132"
1990FRA,1990,France,"$1,269,179,616,913",5.63%,3.19%,103.19%,"$1,229,893,338,412"
1990GAB,1990,Gabon,"$5,952,293,765",0.03%,7.73%,107.73%,"$5,525,436,045"
1990GBR,1990,United Kingdom,"$1,093,169,389,204",4.85%,8.06%,108.06%,"$1,011,599,462,028"
1990GHA,1990,Garner,"$5,889,174,825",0.03%,37.26%,137.26%,"$4,290,554,333"
1990GMB,1990,Gambia,"$317,083,373",0.00%,12.17%,112.17%,"$282,686,669"
1990GNB,1990,Guinea Bissau,"$243,961,995",0.00%,33.00%,133.00%,"$183,427,344"
1990GNQ,1990,Equatorial Guinea,"$112,119,406",0.00%,0.86%,100.86%,"$111,165,747"
1990GRC,1990,Greece,"$97,891,092,003",0.43%,20.43%,120.43%,"$81,282,278,375"
1990GRD,1990,Grenada,"$278,098,762",0.00%,2.72%,102.72%,"$270,723,608"
1990GTM,1990,Guatemala,"$7,650,125,217",0.03%,41.22%,141.22%,"$5,417,096,780"
1990HKG,1990,Hong Kong,"$76,928,290,841",0.34%,10.43%,110.43%,"$69,664,675,400"
1990HND,1990,Honduras,"$3,048,881,322",0.01%,23.32%,123.32%,"$2,472,281,765"
1990HTI,1990,Haiti,"$3,096,289,800",0.01%,21.28%,121.28%,"$2,553,092,931"
1990IDN,1990,Indonesia,"$106,140,727,357",0.47%,7.82%,107.82%,"$98,443,260,363"
1990IND,1990,India,"$320,979,026,419",1.42%,8.97%,108.97%,"$294,553,910,281"
1990IRL,1990,Ireland,"$49,313,360,687",0.22%,3.32%,103.32%,"$47,730,003,127"
1990IRN,1990,Iran,"$124,813,263,926",0.55%,7.63%,107.63%,"$115,967,630,071"
1990ISL,1990,Iceland,"$6,468,736,286",0.03%,15.51%,115.51%,"$5,600,117,612"
1990ISR,1990,Israel,"$59,217,144,628",0.26%,17.26%,117.26%,"$50,498,656,835"
1990ITA,1990,Italy,"$1,181,222,653,522",5.24%,6.46%,106.46%,"$1,109,581,325,144"
1990JAM,1990,Jamaica,"$4,592,224,067",0.02%,21.96%,121.96%,"$3,765,347,223"
1990JOR,1990,Jordan,"$4,160,003,917",0.02%,16.19%,116.19%,"$3,580,280,047"
1990JPN,1990,Japan,"$3,132,817,652,848",13.89%,3.08%,103.08%,"$3,039,253,731,714"
1990KEN,1990,Kenya,"$8,572,359,162",0.04%,17.78%,117.78%,"$7,278,168,708"
1990KNA,1990,Saint Kitts and Nevis,"$217,259,259",0.00%,4.01%,104.01%,"$208,881,072"
1990KOR,1990,South Korea,"$283,367,525,714",1.26%,8.57%,108.57%,"$260,991,973,276"
1990KWT,1990,Kuwait,"$18,427,777,777",0.08%,9.83%,109.83%,"$16,777,900,253"
1990LAO,1990,Laos,"$865,559,856",0.00%,35.64%,135.64%,"$638,116,206"
1990LBY,1990,Libya,"$28,901,836,158",0.13%,8.45%,108.45%,"$26,649,558,721"
1990LCA,1990,Saint Lucia,"$579,629,629",0.00%,4.27%,104.27%,"$555,906,025"
1990LKA,1990,Sri Lanka,"$8,032,551,173",0.04%,21.50%,121.50%,"$6,611,411,588"
1990LSO,1990,Lesotho,"$596,415,104",0.00%,11.63%,111.63%,"$534,255,746"
1990LUX,1990,Luxembourg,"$13,229,247,947",0.06%,3.25%,103.25%,"$12,812,363,543"
1990MAC,1990,Macao,"$3,246,477,995",0.01%,7.97%,107.97%,"$3,006,841,901"
1990MDG,1990,Madagascar,"$3,081,479,800",0.01%,11.78%,111.78%,"$2,756,625,691"
1990MDV,1990,Maldives,"$215,089,005",0.00%,3.65%,103.65%,"$207,514,894"
1990MEX,1990,Mexico,"$261,253,582,805",1.16%,26.65%,126.65%,"$206,277,246,502"
1990MLI,1990,Mali,"$2,681,912,030",0.01%,0.61%,100.61%,"$2,665,748,538"
1990MLT,1990,Malta,"$2,547,163,582",0.01%,2.98%,102.98%,"$2,473,372,832"
1990MRT,1990,Mauritania,"$1,019,600,785",0.00%,6.60%,106.60%,"$956,471,507"
1990MUS,1990,Mauritius,"$2,653,480,001",0.01%,13.49%,113.49%,"$2,338,113,215"
1990MWI,1990,Malawi,"$1,880,771,556",0.01%,11.82%,111.82%,"$1,681,910,257"
1990MYS,1990,Malaysia,"$44,024,178,343",0.20%,2.62%,102.62%,"$42,901,112,569"
1990NER,1990,Niger,"$2,480,673,194",0.01%,-0.78%,99.22%,"$2,500,065,024"
1990NGA,1990,Nigeria,"$30,757,075,595",0.14%,7.36%,107.36%,"$28,647,368,688"
1990NLD,1990,Netherlands,"$318,330,511,920",1.41%,2.45%,102.45%,"$310,705,513,248"
1990NOR,1990,Norway,"$119,791,683,307",0.53%,4.13%,104.13%,"$115,039,368,477"
1990NPL,1990,Nepal,"$3,627,562,402",0.02%,8.24%,108.24%,"$3,351,415,783"
1990NZL,1990,New Zealand,"$45,495,129,385",0.20%,6.10%,106.10%,"$42,880,109,836"
1990PAK,1990,Pakistan,"$40,010,423,970",0.18%,9.05%,109.05%,"$36,689,263,566"
1990PAN,1990,Panama,"$6,433,967,000",0.03%,0.77%,100.77%,"$6,384,836,617"
1990PER,1990,Peru,"$26,410,386,669",0.12%,7481.66%,7581.66%,"$348,345,535"
1990PHL,1990,Philippines,"$44,311,593,755",0.20%,12.18%,112.18%,"$39,501,372,498"
1990PNG,1990,Papua New Guinea,"$3,219,730,364",0.01%,6.95%,106.95%,"$3,010,405,953"
1990POL,1990,Poland,"$65,977,749,036",0.29%,567.88%,667.88%,"$9,878,700,891"
1990PRT,1990,Portugal,"$78,713,860,216",0.35%,13.63%,113.63%,"$69,271,728,392"
1990PRY,1990,Paraguay,"$5,812,114,523",0.03%,37.26%,137.26%,"$4,234,384,656"
1990QAT,1990,Qatar,"$7,360,439,423",0.03%,3.00%,103.00%,"$7,145,990,530"
1990RWA,1990,Rwanda,"$2,550,185,618",0.01%,4.19%,104.19%,"$2,447,729,447"
1990SAU,1990,Saudi Arabia,"$117,630,271,802",0.52%,2.08%,102.08%,"$115,236,632,551"
1990SDN,1990,Sudan,"$12,408,647,540",0.06%,65.16%,165.16%,"$7,513,193,534"
1990SEN,1990,Senegal,"$5,716,644,272",0.03%,0.33%,100.33%,"$5,698,119,763"
1990SGP,1990,Singapore,"$36,144,336,768",0.16%,3.46%,103.46%,"$34,935,311,782"
1990SLB,1990,Solomon Islands,"$302,515,026",0.00%,8.74%,108.74%,"$278,206,477"
1990SLV,1990,El Salvador,"$4,817,542,204",0.02%,24.00%,124.00%,"$3,885,140,839"
1990SUR,1990,Suriname,"$388,400,000",0.00%,21.74%,121.74%,"$319,040,724"
1990SVN,1990,Slovenia,"$18,198,199,152",0.08%,552.08%,652.08%,"$2,790,777,308"
1990SWE,1990,Sweden,"$261,846,194,498",1.16%,10.37%,110.37%,"$237,251,401,312"
1990SWZ,1990,Eswatini,"$1,114,703,088",0.00%,13.09%,113.09%,"$985,657,898"
1990SYC,1990,Seychelles,"$368,584,758",0.00%,3.89%,103.89%,"$354,787,468"
1990SYR,1990,Syria,"$12,308,624,283",0.05%,19.40%,119.40%,"$10,309,001,040"
1990TCD,1990,Chad,"$1,738,605,558",0.01%,-0.74%,99.26%,"$1,751,536,844"
1990TGO,1990,Togo,"$1,628,427,515",0.01%,1.02%,101.02%,"$1,612,059,605"
1990THA,1990,Thailand,"$85,343,063,965",0.38%,5.86%,105.86%,"$80,615,760,034"
1990TON,1990,Tonga,"$113,563,821",0.00%,9.71%,109.71%,"$103,512,863"
1990TTO,1990,Trinidad and Tobago,"$5,068,000,000",0.02%,11.06%,111.06%,"$4,563,117,276"
1990TUN,1990,Tunisia,"$12,290,568,181",0.05%,6.55%,106.55%,"$11,535,533,693"
1990TUR,1990,Turkey,"$150,676,291,094",0.67%,60.30%,160.30%,"$93,994,169,892"
1990TZA,1990,Tanzania,"$4,258,743,262",0.02%,35.83%,135.83%,"$3,135,422,576"
1990URY,1990,Uruguay,"$9,298,839,655",0.04%,112.53%,212.53%,"$4,375,391,145"
1990USA,1990,the United States,"$5,963,144,000,000",26.44%,5.40%,105.40%,"$5,657,741,574,330"
1990VCT,1990,Saint Vincent and the Grenadines,"$240,366,666",0.00%,7.61%,107.61%,"$223,376,432"
1990VUT,1990,Vanuatu,"$168,879,207",0.00%,4.76%,104.76%,"$161,206,670"
1990WSM,1990,Samoa,"$125,766,269",0.00%,15.24%,115.24%,"$109,135,670"
1990ZAF,1990,South Africa,"$115,552,349,036",0.51%,14.32%,114.32%,"$101,077,136,994"
1990ZMB,1990,Zambia,"$3,285,217,391",0.01%,107.02%,207.02%,"$1,586,879,016"
1991ABW,1991,Aruba,"$872,138,715",0.00%,5.56%,105.56%,"$826,236,677"
1991AGO,1991,Angola,"$10,603,784,541",0.04%,83.78%,183.78%,"$5,769,706,294"
1991AUS,1991,Australia,"$325,315,909,269",1.38%,3.18%,103.18%,"$315,299,856,389"
1991AUT,1991,Austria,"$173,794,177,961",0.74%,3.34%,103.34%,"$168,181,251,409"
1991BDI,1991,Burundi,"$1,167,398,478",0.00%,9.00%,109.00%,"$1,071,037,858"
1991BEL,1991,Belgium,"$210,510,999,409",0.89%,3.22%,103.22%,"$203,953,268,169"
1991BFA,1991,Burkina Faso,"$3,135,045,684",0.01%,2.16%,102.16%,"$3,068,682,343"
1991BGD,1991,Bangladesh,"$30,957,483,949",0.13%,6.36%,106.36%,"$29,107,043,226"
1991BGR,1991,Bulgaria,"$10,943,548,387",0.05%,338.45%,438.45%,"$2,495,967,742"
1991BHR,1991,Bahrain,"$4,616,223,404",0.02%,0.76%,100.76%,"$4,581,203,778"
1991BHS,1991,Bahamas,"$3,111,160,000",0.01%,7.11%,107.11%,"$2,904,513,149"
1991BOL,1991,Bolivia,"$5,343,274,311",0.02%,21.45%,121.45%,"$4,399,673,305"
1991BRA,1991,Brazil,"$602,860,000,000",2.56%,432.79%,532.79%,"$113,152,232,049"
1991BRB,1991,Barbados,"$2,020,583,702",0.01%,6.26%,106.26%,"$1,901,591,131"
1991BRN,1991,Brunei,"$3,701,667,052",0.02%,1.60%,101.60%,"$3,643,373,083"
1991BTN,1991,Bhutan,"$240,319,995",0.00%,12.28%,112.28%,"$214,034,996"
1991BWA,1991,Botswana,"$3,942,792,837",0.02%,11.77%,111.77%,"$3,527,752,221"
1991CAF,1991,Central Africa,"$1,377,375,030",0.01%,-2.76%,97.24%,"$1,416,504,010"
1991CAN,1991,Canada,"$610,328,183,643",2.59%,5.63%,105.63%,"$577,820,772,331"
1991CHE,1991,Switzerland,"$269,127,820,781",1.14%,5.86%,105.86%,"$254,230,914,660"
1991CHL,1991,Chile,"$37,834,793,730",0.16%,21.78%,121.78%,"$31,067,024,897"
1991CHN,1991,China,"$383,373,318,083",1.63%,3.56%,103.56%,"$370,206,245,661"
1991CIV,1991,C ô te d'Ivoire,"$10,492,628,915",0.04%,1.68%,101.68%,"$10,318,925,439"
1991CMR,1991,Cameroon,"$11,840,192,674",0.05%,0.06%,100.06%,"$11,833,086,748"
1991COD,1991,Congo (gold),"$9,633,911,368",0.04%,2154.44%,2254.44%,"$427,331,174"
1991COG,1991,Congo (Brazzaville),"$2,724,853,592",0.01%,-1.68%,98.32%,"$2,771,366,818"
1991COL,1991,Columbia,"$49,175,565,911",0.21%,30.35%,130.35%,"$37,726,240,301"
1991CPV,1991,Cape Verde,"$319,827,058",0.00%,9.55%,109.55%,"$291,943,778"
1991CRI,1991,Costa Rica,"$7,196,276,092",0.03%,28.71%,128.71%,"$5,591,108,470"
1991CYP,1991,Cyprus,"$5,770,197,348",0.02%,5.04%,105.04%,"$5,493,580,496"
1991DEU,1991,Germany,"$1,868,945,197,407",7.92%,4.05%,104.05%,"$1,796,250,286,985"
1991DMA,1991,Dominica,"$9,824,498,183",0.04%,5.56%,105.56%,"$9,307,286,543"
1991DMA,1991,Dominica,"$219,762,962",0.00%,5.56%,105.56%,"$208,193,520"
1991DNK,1991,Denmark,"$139,224,688,814",0.59%,2.40%,102.40%,"$135,968,045,658"
1991DZA,1991,Algeria,"$45,715,614,559",0.19%,25.89%,125.89%,"$36,314,978,668"
1991ECU,1991,Ecuador,"$16,988,535,267",0.07%,48.80%,148.80%,"$11,416,732,704"
1991EGY,1991,Egypt,"$37,387,836,490",0.16%,19.75%,119.75%,"$31,221,954,760"
1991ESP,1991,Spain,"$577,166,174,539",2.45%,5.93%,105.93%,"$544,834,530,583"
1991ETH,1991,Ethiopia,"$13,463,868,357",0.06%,35.72%,135.72%,"$9,920,137,496"
1991FIN,1991,Finland,"$127,773,856,785",0.54%,4.31%,104.31%,"$122,494,100,276"
1991FJI,1991,Fiji Islands,"$1,383,843,860",0.01%,6.50%,106.50%,"$1,299,416,293"
1991FRA,1991,France,"$1,269,276,828,275",5.38%,3.21%,103.21%,"$1,229,759,641,875"
1991GAB,1991,Gabon,"$5,402,919,956",0.02%,-11.69%,88.31%,"$6,117,859,966"
1991GBR,1991,United Kingdom,"$1,142,797,178,130",4.84%,7.46%,107.46%,"$1,063,445,205,062"
1991GHA,1991,Garner,"$6,596,546,195",0.03%,18.03%,118.03%,"$5,588,804,348"
1991GMB,1991,Gambia,"$690,314,321",0.00%,8.64%,108.64%,"$635,400,803"
1991GNB,1991,Guinea Bissau,"$257,150,374",0.00%,57.60%,157.60%,"$163,171,363"
1991GNQ,1991,Equatorial Guinea,"$110,906,032",0.00%,-3.43%,96.57%,"$114,839,619"
1991GRC,1991,Greece,"$105,143,232,379",0.45%,19.46%,119.46%,"$88,018,490,695"
1991GRD,1991,Grenada,"$300,757,888",0.00%,2.64%,102.64%,"$293,008,962"
1991GTM,1991,Guatemala,"$9,406,097,735",0.04%,33.17%,133.17%,"$7,063,415,536"
1991HKG,1991,Hong Kong,"$88,959,620,135",0.38%,11.16%,111.16%,"$80,029,310,780"
1991HND,1991,Honduras,"$3,068,444,711",0.01%,33.97%,133.97%,"$2,290,358,247"
1991HTI,1991,Haiti,"$3,473,540,601",0.01%,15.42%,115.42%,"$3,009,481,363"
1991HUN,1991,Hungary,"$34,753,569,692",0.15%,34.82%,134.82%,"$25,778,225,105"
1991IDN,1991,Indonesia,"$116,621,996,217",0.49%,9.42%,109.42%,"$106,582,891,549"
1991IND,1991,India,"$270,105,341,879",1.15%,13.87%,113.87%,"$237,204,494,537"
1991IRL,1991,Ireland,"$49,795,307,390",0.21%,3.21%,103.21%,"$48,246,209,868"
1991IRQ,1991,Iraq,"$407,796,349",0.00%,180.95%,280.95%,"$145,147,853"
1991ISL,1991,Iceland,"$6,909,730,237",0.03%,6.81%,106.81%,"$6,469,253,098"
1991ISR,1991,Israel,"$67,793,699,706",0.29%,19.02%,119.02%,"$56,958,014,553"
1991ITA,1991,Italy,"$1,246,220,156,079",5.28%,6.25%,106.25%,"$1,172,913,095,824"
1991JAM,1991,Jamaica,"$4,106,199,176",0.02%,51.07%,151.07%,"$2,718,057,416"
1991JOR,1991,Jordan,"$4,344,250,257",0.02%,8.16%,108.16%,"$4,016,670,829"
1991JPN,1991,Japan,"$3,584,420,077,100",15.20%,3.25%,103.25%,"$3,471,544,929,146"
1991KEN,1991,Kenya,"$8,151,479,004",0.03%,20.08%,120.08%,"$6,788,119,453"
1991KNA,1991,Saint Kitts and Nevis,"$220,540,740",0.00%,4.32%,104.32%,"$211,400,340"
1991KOR,1991,South Korea,"$330,648,530,715",1.40%,9.33%,109.33%,"$302,423,938,196"
1991KWT,1991,Kuwait,"$11,008,793,176",0.05%,9.06%,109.06%,"$10,094,421,466"
1991LAO,1991,Laos,"$1,028,087,972",0.00%,13.44%,113.44%,"$906,271,023"
1991LBY,1991,Libya,"$31,995,012,468",0.14%,11.90%,111.90%,"$28,593,502,197"
1991LCA,1991,Saint Lucia,"$613,703,703",0.00%,6.15%,106.15%,"$578,150,072"
1991LKA,1991,Sri Lanka,"$9,000,362,581",0.04%,12.19%,112.19%,"$8,022,740,990"
1991LSO,1991,Lesotho,"$704,329,192",0.00%,17.68%,117.68%,"$598,521,892"
1991LUX,1991,Luxembourg,"$14,321,878,322",0.06%,3.12%,103.12%,"$13,888,776,736"
1991MAC,1991,Macao,"$3,765,226,190",0.02%,9.57%,109.57%,"$3,436,401,167"
1991MDG,1991,Madagascar,"$3,254,713,056",0.01%,8.59%,108.59%,"$2,997,176,262"
1991MDV,1991,Maldives,"$244,468,292",0.00%,14.71%,114.71%,"$213,111,722"
1991MEX,1991,Mexico,"$313,142,768,453",1.33%,22.66%,122.66%,"$255,288,394,770"
1991MLI,1991,Mali,"$2,724,131,545",0.01%,1.80%,101.80%,"$2,675,952,960"
1991MLT,1991,Malta,"$2,750,041,434",0.01%,2.54%,102.54%,"$2,681,863,297"
1991MRT,1991,Mauritania,"$1,443,688,865",0.01%,5.63%,105.63%,"$1,366,758,580"
1991MUS,1991,Mauritius,"$2,856,890,680",0.01%,7.00%,107.00%,"$2,669,965,993"
1991MWI,1991,Malawi,"$2,203,545,856",0.01%,12.62%,112.62%,"$1,956,701,758"
1991MYS,1991,Malaysia,"$49,143,148,094",0.21%,4.36%,104.36%,"$47,090,775,144"
1991NER,1991,Niger,"$2,327,986,215",0.01%,-7.80%,92.20%,"$2,524,838,856"
1991NGA,1991,Nigeria,"$27,392,886,872",0.12%,13.01%,113.01%,"$24,239,996,985"
1991NLD,1991,Netherlands,"$327,500,327,675",1.39%,3.16%,103.16%,"$317,473,866,699"
1991NOR,1991,Norway,"$121,872,464,483",0.52%,3.44%,103.44%,"$117,821,529,383"
1991NPL,1991,Nepal,"$3,921,476,084",0.02%,15.56%,115.56%,"$3,393,529,352"
1991NZL,1991,New Zealand,"$42,745,329,732",0.18%,2.60%,102.60%,"$41,661,143,118"
1991PAK,1991,Pakistan,"$45,625,234,697",0.19%,11.79%,111.79%,"$40,812,877,927"
1991PAN,1991,Panama,"$7,074,675,500",0.03%,1.26%,101.26%,"$6,986,901,793"
1991PER,1991,Peru,"$34,341,465,998",0.15%,409.53%,509.53%,"$6,739,829,798"
1991PHL,1991,Philippines,"$45,417,561,302",0.19%,19.26%,119.26%,"$38,082,346,017"
1991PNG,1991,Papua New Guinea,"$3,787,394,957",0.02%,6.97%,106.97%,"$3,540,757,102"
1991POL,1991,Poland,"$85,500,935,934",0.36%,76.77%,176.77%,"$48,368,602,228"
1991PRT,1991,Portugal,"$89,233,599,278",0.38%,11.85%,111.85%,"$79,780,072,239"
1991PRY,1991,Paraguay,"$6,984,367,762",0.03%,24.23%,124.23%,"$5,622,336,861"
1991QAT,1991,Qatar,"$6,883,516,483",0.03%,4.42%,104.42%,"$6,592,314,616"
1991ROU,1991,Romania,"$28,998,684,210",0.12%,230.62%,330.62%,"$8,770,935,026"
1991RWA,1991,Rwanda,"$1,911,600,969",0.01%,19.64%,119.64%,"$1,597,832,042"
1991SAU,1991,Saudi Arabia,"$132,223,268,491",0.56%,4.86%,104.86%,"$126,093,712,998"
1991SDN,1991,Sudan,"$11,379,222,222",0.05%,123.58%,223.58%,"$5,089,595,472"
1991SEN,1991,Senegal,"$5,617,236,032",0.02%,-1.75%,98.25%,"$5,717,495,570"
1991SGP,1991,Singapore,"$45,466,164,978",0.19%,3.43%,103.43%,"$43,960,218,995"
1991SLB,1991,Solomon Islands,"$320,355,090",0.00%,15.05%,115.05%,"$278,448,262"
1991SLV,1991,El Salvador,"$5,252,342,400",0.02%,14.40%,114.40%,"$4,591,101,043"
1991SUR,1991,Suriname,"$448,100,000",0.00%,25.97%,125.97%,"$355,726,781"
1991SVN,1991,Slovenia,"$13,263,686,956",0.06%,114.83%,214.83%,"$6,173,954,156"
1991SWE,1991,Sweden,"$274,229,034,311",1.16%,9.44%,109.44%,"$250,564,181,179"
1991SWZ,1991,Eswatini,"$1,156,141,998",0.00%,8.93%,108.93%,"$1,061,320,381"
1991SYC,1991,Seychelles,"$374,359,556",0.00%,1.99%,101.99%,"$367,066,837"
1991SYR,1991,Syria,"$12,981,833,333",0.06%,9.00%,109.00%,"$11,909,938,838"
1991TCD,1991,Chad,"$1,877,138,041",0.01%,3.19%,103.19%,"$1,819,040,176"
1991TGO,1991,Togo,"$1,602,299,862",0.01%,0.39%,100.39%,"$1,596,121,566"
1991THA,1991,Thailand,"$98,234,695,722",0.42%,5.71%,105.71%,"$92,928,609,119"
1991TON,1991,Tonga,"$132,201,141",0.00%,10.60%,110.60%,"$119,535,787"
1991TTO,1991,Trinidad and Tobago,"$5,307,905,882",0.02%,3.78%,103.78%,"$5,114,422,071"
1991TUN,1991,Tunisia,"$13,074,782,608",0.06%,8.19%,108.19%,"$12,084,604,542"
1991TUR,1991,Turkey,"$150,027,833,333",0.64%,65.98%,165.98%,"$90,389,882,953"
1991TZA,1991,Tanzania,"$4,956,588,278",0.02%,28.70%,128.70%,"$3,851,403,054"
1991URY,1991,Uruguay,"$11,205,971,155",0.05%,101.97%,201.97%,"$5,548,288,244"
1991USA,1991,the United States,"$6,158,129,000,000",26.11%,4.23%,104.23%,"$5,907,930,281,501"
1991VCT,1991,Saint Vincent and the Grenadines,"$254,829,629",0.00%,5.49%,105.49%,"$241,562,981"
1991VUT,1991,Vanuatu,"$201,334,169",0.00%,6.47%,106.47%,"$189,100,970"
1991WSM,1991,Samoa,"$125,597,205",0.00%,-1.82%,98.18%,"$127,924,403"
1991YEM,1991,Yemen,"$5,930,370,370",0.03%,36.00%,136.00%,"$4,360,566,449"
1991ZAF,1991,South Africa,"$123,943,432,441",0.53%,15.33%,115.33%,"$107,464,035,066"
1991ZMB,1991,Zambia,"$3,378,882,352",0.01%,97.64%,197.64%,"$1,709,594,533"
1992ABW,1992,Aruba,"$958,463,184",0.00%,3.87%,103.87%,"$922,722,671"
1992AGO,1992,Angola,"$8,307,810,973",0.03%,299.51%,399.51%,"$2,079,501,152"
1992ALB,1992,Albania,"$652,174,990",0.00%,226.01%,326.01%,"$200,050,351"
1992AUS,1992,Australia,"$324,884,257,479",1.30%,1.01%,101.01%,"$321,628,632,352"
1992AUT,1992,Austria,"$195,078,126,721",0.78%,4.02%,104.02%,"$187,537,528,146"
1992AZE,1992,Azerbaijan,"$4,991,350,457",0.02%,-10.63%,89.37%,"$5,585,046,306"
1992BDI,1992,Burundi,"$1,083,037,670",0.00%,1.82%,101.82%,"$1,063,643,896"
1992BEL,1992,Belgium,"$234,781,652,446",0.94%,2.43%,102.43%,"$229,216,380,338"
1992BFA,1992,Burkina Faso,"$2,240,264,711",0.01%,-1.99%,98.01%,"$2,285,777,648"
1992BGD,1992,Bangladesh,"$31,708,874,594",0.13%,3.63%,103.63%,"$30,596,957,620"
1992BGR,1992,Bulgaria,"$10,350,515,463",0.04%,91.30%,191.30%,"$5,410,678,158"
1992BHR,1992,Bahrain,"$4,751,063,829",0.02%,-0.17%,99.83%,"$4,759,269,466"
1992BHS,1992,Bahamas,"$3,109,000,000",0.01%,5.74%,105.74%,"$2,940,280,838"
1992BOL,1992,Bolivia,"$5,643,893,347",0.02%,12.06%,112.06%,"$5,036,477,823"
1992BRA,1992,Brazil,"$400,599,250,000",1.60%,951.96%,1051.96%,"$38,081,150,249"
1992BRB,1992,Barbados,"$1,957,000,000",0.01%,6.09%,106.09%,"$1,844,592,506"
1992BRN,1992,Brunei,"$4,183,548,189",0.02%,1.28%,101.28%,"$4,130,694,811"
1992BTN,1992,Bhutan,"$240,215,763",0.00%,15.98%,115.98%,"$207,118,061"
1992BWA,1992,Botswana,"$4,146,513,722",0.02%,16.17%,116.17%,"$3,569,423,212"
1992CAF,1992,Central Africa,"$1,411,917,558",0.01%,-1.03%,98.97%,"$1,426,663,669"
1992CAN,1992,Canada,"$592,387,689,252",2.37%,1.49%,101.49%,"$583,689,933,496"
1992CHE,1992,Switzerland,"$280,156,819,798",1.12%,4.04%,104.04%,"$269,285,675,723"
1992CHL,1992,Chile,"$45,964,327,558",0.18%,15.43%,115.43%,"$39,821,534,684"
1992CHN,1992,China,"$426,915,712,715",1.71%,6.35%,106.35%,"$401,410,184,495"
1992CIV,1992,C ô te d'Ivoire,"$11,152,971,316",0.04%,4.23%,104.23%,"$10,700,204,589"
1992CMR,1992,Cameroon,"$12,071,775,380",0.05%,-0.02%,99.98%,"$12,073,713,820"
1992COD,1992,Congo (gold),"$8,227,200,892",0.03%,4129.17%,4229.17%,"$194,534,653"
1992COG,1992,Congo (Brazzaville),"$2,933,222,714",0.01%,-3.94%,96.06%,"$3,053,387,818"
1992COL,1992,Columbia,"$58,418,985,443",0.23%,27.03%,127.03%,"$45,988,133,712"
1992CPV,1992,Cape Verde,"$357,160,985",0.00%,3.12%,103.12%,"$346,365,922"
1992CRI,1992,Costa Rica,"$8,564,044,017",0.03%,21.79%,121.79%,"$7,031,744,668"
1992CYP,1992,Cyprus,"$6,912,150,456",0.03%,6.51%,106.51%,"$6,489,659,383"
1992CZE,1992,Czech,"$34,805,013,229",0.14%,11.09%,111.09%,"$31,331,451,803"
1992DEU,1992,Germany,"$2,131,571,696,931",8.52%,5.06%,105.06%,"$2,028,967,243,002"
1992DMA,1992,Dominica,"$11,605,382,504",0.05%,5.47%,105.47%,"$11,003,301,060"
1992DMA,1992,Dominica,"$234,059,259",0.00%,5.47%,105.47%,"$221,916,382"
1992DNK,1992,Denmark,"$152,915,654,478",0.61%,2.10%,102.10%,"$149,776,277,165"
1992DZA,1992,Algeria,"$48,003,078,388",0.19%,31.67%,131.67%,"$36,457,204,865"
1992ECU,1992,Ecuador,"$18,094,238,119",0.07%,54.34%,154.34%,"$11,723,558,448"
1992EGY,1992,Egypt,"$41,855,986,519",0.17%,13.64%,113.64%,"$36,832,924,386"
1992ESP,1992,Spain,"$630,916,018,202",2.52%,5.92%,105.92%,"$595,627,859,463"
1992ETH,1992,Ethiopia,"$10,492,993,077",0.04%,10.53%,110.53%,"$9,493,563,495"
1992FIN,1992,Finland,"$112,532,519,246",0.45%,2.92%,102.92%,"$109,340,516,197"
1992FJI,1992,Fiji Islands,"$1,532,401,862",0.01%,4.88%,104.88%,"$1,461,058,065"
1992FRA,1992,France,"$1,401,465,923,172",5.60%,2.36%,102.36%,"$1,369,103,593,726"
1992GAB,1992,Gabon,"$5,592,390,848",0.02%,-9.54%,90.46%,"$6,182,368,958"
1992GBR,1992,United Kingdom,"$1,179,659,529,659",4.71%,4.59%,104.59%,"$1,127,872,698,702"
1992GHA,1992,Garner,"$6,413,901,601",0.03%,10.06%,110.06%,"$5,827,846,549"
1992GMB,1992,Gambia,"$714,255,460",0.00%,9.49%,109.49%,"$652,368,267"
1992GNB,1992,Guinea Bissau,"$226,313,443",0.00%,69.58%,169.58%,"$133,452,406"
1992GNQ,1992,Equatorial Guinea,"$134,707,184",0.00%,-4.28%,95.72%,"$140,728,599"
1992GRC,1992,Greece,"$116,224,672,863",0.46%,15.88%,115.88%,"$100,299,972,256"
1992GRD,1992,Grenada,"$310,160,444",0.00%,3.78%,103.78%,"$298,868,195"
1992GTM,1992,Guatemala,"$10,440,842,165",0.04%,10.05%,110.05%,"$9,487,714,179"
1992HKG,1992,Hong Kong,"$104,272,278,634",0.42%,9.65%,109.65%,"$95,093,380,866"
1992HND,1992,Honduras,"$3,419,487,440",0.01%,8.76%,108.76%,"$3,144,070,445"
1992HTI,1992,Haiti,"$2,257,121,668",0.01%,19.36%,119.36%,"$1,891,044,014"
1992HUN,1992,Hungary,"$38,730,585,922",0.15%,23.66%,123.66%,"$31,321,305,377"
1992IDN,1992,Indonesia,"$128,026,966,579",0.51%,7.52%,107.52%,"$119,068,804,619"
1992IND,1992,India,"$288,208,430,383",1.15%,11.79%,111.79%,"$257,817,388,347"
1992IRL,1992,Ireland,"$55,927,302,693",0.22%,3.07%,103.07%,"$54,261,476,749"
1992IRQ,1992,Iraq,"$553,671,957",0.00%,83.62%,183.62%,"$301,538,266"
1992ISL,1992,Iceland,"$7,080,981,668",0.03%,3.95%,103.95%,"$6,812,061,129"
1992ISR,1992,Israel,"$75,870,773,860",0.30%,12.02%,112.02%,"$67,728,314,876"
1992ITA,1992,Italy,"$1,320,161,644,933",5.27%,5.27%,105.27%,"$1,254,065,019,592"
1992JAM,1992,Jamaica,"$3,535,460,089",0.01%,77.30%,177.30%,"$1,994,093,643"
1992JOR,1992,Jordan,"$5,311,329,067",0.02%,4.00%,104.00%,"$5,107,251,686"
1992JPN,1992,Japan,"$3,908,809,463,463",15.62%,1.76%,101.76%,"$3,841,193,583,473"
1992KEN,1992,Kenya,"$8,209,129,171",0.03%,27.33%,127.33%,"$6,447,009,137"
1992KNA,1992,Saint Kitts and Nevis,"$242,137,037",0.00%,2.86%,102.86%,"$235,408,024"
1992KOR,1992,South Korea,"$355,525,267,405",1.42%,6.21%,106.21%,"$334,727,693,660"
1992KWT,1992,Kuwait,"$19,858,555,214",0.08%,-0.55%,99.45%,"$19,967,472,026"
1992LAO,1992,Laos,"$1,127,806,944",0.00%,9.86%,109.86%,"$1,026,543,278"
1992LBY,1992,Libya,"$33,881,392,045",0.14%,9.36%,109.36%,"$30,981,591,996"
1992LCA,1992,Saint Lucia,"$674,074,074",0.00%,5.14%,105.14%,"$641,127,202"
1992LKA,1992,Sri Lanka,"$9,703,011,635",0.04%,11.38%,111.38%,"$8,711,359,509"
1992LSO,1992,Lesotho,"$831,033,941",0.00%,17.21%,117.21%,"$709,021,784"
1992LUX,1992,Luxembourg,"$16,065,740,276",0.06%,3.15%,103.15%,"$15,574,493,683"
1992MAC,1992,Macao,"$4,914,391,079",0.02%,7.71%,107.71%,"$4,562,447,455"
1992MDA,1992,Moldova,"$2,320,435,308",0.01%,1026.83%,1126.83%,"$205,926,626"
1992MDG,1992,Madagascar,"$3,714,967,007",0.01%,14.51%,114.51%,"$3,244,161,943"
1992MDV,1992,Maldives,"$284,853,358",0.00%,16.86%,116.86%,"$243,764,431"
1992MEX,1992,Mexico,"$363,157,598,242",1.45%,15.51%,115.51%,"$314,400,668,727"
1992MLI,1992,Mali,"$2,830,673,388",0.01%,-6.24%,93.76%,"$3,019,143,609"
1992MLT,1992,Malta,"$3,021,910,216",0.01%,1.63%,101.63%,"$2,973,349,118"
1992MRT,1992,Mauritania,"$1,464,392,418",0.01%,10.14%,110.14%,"$1,329,551,709"
1992MUS,1992,Mauritius,"$3,224,267,547",0.01%,4.64%,104.64%,"$3,081,191,811"
1992MWI,1992,Malawi,"$1,799,517,081",0.01%,23.75%,123.75%,"$1,454,139,318"
1992MYS,1992,Malaysia,"$59,167,550,162",0.24%,4.77%,104.77%,"$56,475,246,241"
1992NER,1992,Niger,"$2,344,987,614",0.01%,-4.48%,95.52%,"$2,454,857,663"
1992NGA,1992,Nigeria,"$29,300,903,643",0.12%,44.59%,144.59%,"$20,264,982,478"
1992NLD,1992,Netherlands,"$362,962,872,180",1.45%,3.18%,103.18%,"$351,764,171,959"
1992NOR,1992,Norway,"$130,838,040,067",0.52%,2.33%,102.33%,"$127,861,319,797"
1992NPL,1992,Nepal,"$3,401,211,581",0.01%,17.15%,117.15%,"$2,903,308,077"
1992NZL,1992,New Zealand,"$41,649,829,859",0.17%,1.01%,101.01%,"$41,231,511,326"
1992PAK,1992,Pakistan,"$48,884,606,848",0.20%,9.51%,109.51%,"$44,639,790,647"
1992PAN,1992,Panama,"$8,042,337,700",0.03%,1.82%,101.82%,"$7,898,232,740"
1992PER,1992,Peru,"$35,966,302,303",0.14%,73.53%,173.53%,"$20,726,477,178"
1992PHL,1992,Philippines,"$52,976,344,928",0.21%,8.65%,108.65%,"$48,758,265,624"
1992PNG,1992,Papua New Guinea,"$4,377,980,510",0.02%,4.31%,104.31%,"$4,197,101,608"
1992POL,1992,Poland,"$94,337,050,693",0.38%,46.10%,146.10%,"$64,570,827,623"
1992PRT,1992,Portugal,"$107,592,098,307",0.43%,9.56%,109.56%,"$98,204,476,720"
1992PRY,1992,Paraguay,"$7,157,424,031",0.03%,15.19%,115.19%,"$6,213,433,067"
1992QAT,1992,Qatar,"$7,646,153,983",0.03%,3.06%,103.06%,"$7,419,106,616"
1992ROU,1992,Romania,"$25,121,666,666",0.10%,211.21%,311.21%,"$8,072,370,056"
1992RWA,1992,Rwanda,"$2,029,026,704",0.01%,9.56%,109.56%,"$1,851,970,679"
1992SAU,1992,Saudi Arabia,"$137,087,876,662",0.55%,-0.08%,99.92%,"$137,193,523,915"
1992SDN,1992,Sudan,"$7,034,219,712",0.03%,117.62%,217.62%,"$3,232,274,269"
1992SEN,1992,Senegal,"$6,004,885,321",0.02%,-0.11%,99.89%,"$6,011,494,536"
1992SGP,1992,Singapore,"$52,130,263,965",0.21%,2.26%,102.26%,"$50,976,626,616"
1992SLB,1992,Solomon Islands,"$378,778,047",0.00%,10.75%,110.75%,"$342,008,197"
1992SLV,1992,El Salvador,"$5,813,399,300",0.02%,11.21%,111.21%,"$5,227,196,340"
1992SUR,1992,Suriname,"$404,600,000",0.00%,43.67%,143.67%,"$281,625,087"
1992SVK,1992,Slovakia,"$15,495,514,296",0.06%,9.89%,109.89%,"$14,100,482,343"
1992SVN,1992,Slovenia,"$13,101,055,424",0.05%,209.93%,309.93%,"$4,227,050,529"
1992SWE,1992,Sweden,"$284,321,115,594",1.14%,2.37%,102.37%,"$277,726,859,983"
1992SWZ,1992,Eswatini,"$1,284,766,234",0.01%,7.56%,107.56%,"$1,194,483,633"
1992SYC,1992,Seychelles,"$433,667,193",0.00%,3.25%,103.25%,"$420,029,860"
1992SYR,1992,Syria,"$13,253,565,898",0.05%,11.01%,111.01%,"$11,939,162,669"
1992TCD,1992,Chad,"$1,881,847,676",0.01%,-3.11%,96.89%,"$1,942,312,459"
1992TGO,1992,Togo,"$1,692,959,110",0.01%,1.39%,101.39%,"$1,669,687,232"
1992THA,1992,Thailand,"$111,452,869,378",0.45%,4.14%,104.14%,"$107,023,030,172"
1992TON,1992,Tonga,"$137,066,290",0.00%,7.94%,107.94%,"$126,987,331"
1992TTO,1992,Trinidad and Tobago,"$5,439,552,941",0.02%,6.44%,106.44%,"$5,110,447,569"
1992TUN,1992,Tunisia,"$15,497,286,295",0.06%,5.82%,105.82%,"$14,644,348,872"
1992TUR,1992,Turkey,"$158,459,130,434",0.63%,70.08%,170.08%,"$93,169,544,003"
1992TZA,1992,Tanzania,"$4,601,413,263",0.02%,21.85%,121.85%,"$3,776,390,922"
1992URY,1992,Uruguay,"$12,878,199,880",0.05%,68.46%,168.46%,"$7,644,699,934"
1992USA,1992,the United States,"$6,520,327,000,000",26.05%,3.03%,103.03%,"$6,328,643,791,493"
1992VCT,1992,Saint Vincent and the Grenadines,"$277,955,555",0.00%,3.46%,103.46%,"$268,650,754"
1992VUT,1992,Vanuatu,"$209,088,824",0.00%,4.06%,104.06%,"$200,934,034"
1992WSM,1992,Samoa,"$132,303,041",0.00%,9.03%,109.03%,"$121,344,272"
1992YEM,1992,Yemen,"$6,463,649,985",0.03%,29.41%,129.41%,"$4,994,638,625"
1992ZAF,1992,South Africa,"$134,545,231,416",0.54%,13.87%,113.87%,"$118,152,016,732"
1992ZMB,1992,Zambia,"$3,181,921,787",0.01%,165.71%,265.71%,"$1,197,532,414"
1993ABW,1993,Aruba,"$1,082,979,720",0.00%,5.22%,105.22%,"$1,029,296,162"
1993AGO,1993,Angola,"$5,768,720,421",0.02%,1378.53%,1478.53%,"$390,166,568"
1993ALB,1993,Albania,"$1,185,315,468",0.00%,85.00%,185.00%,"$640,694,609"
1993AUS,1993,Australia,"$311,549,325,463",1.22%,1.75%,101.75%,"$306,179,989,529"
1993AUT,1993,Austria,"$190,379,720,809",0.75%,3.63%,103.63%,"$183,707,846,344"
1993AZE,1993,Azerbaijan,"$3,970,953,395",0.02%,1128.00%,1228.00%,"$323,367,534"
1993BDI,1993,Burundi,"$938,632,612",0.00%,9.68%,109.68%,"$855,797,050"
1993BEL,1993,Belgium,"$224,721,795,708",0.88%,2.75%,102.75%,"$218,697,922,323"
1993BEN,1993,Benin,"$2,274,557,914",0.01%,0.44%,100.44%,"$2,264,580,191"
1993BFA,1993,Burkina Faso,"$2,332,018,010",0.01%,0.55%,100.55%,"$2,319,182,362"
1993BGD,1993,Bangladesh,"$33,166,519,417",0.13%,3.01%,103.01%,"$32,195,872,271"
1993BGR,1993,Bulgaria,"$10,829,710,144",0.04%,72.88%,172.88%,"$6,264,337,029"
1993BHR,1993,Bahrain,"$5,200,265,957",0.02%,2.54%,102.54%,"$5,071,507,477"
1993BHS,1993,Bahamas,"$3,092,000,000",0.01%,2.72%,102.72%,"$3,010,039,699"
1993BLR,1993,Belarus,"$16,280,991,735",0.06%,1190.23%,1290.23%,"$1,261,868,149"
1993BOL,1993,Bolivia,"$5,734,676,560",0.02%,8.53%,108.53%,"$5,284,058,549"
1993BRA,1993,Brazil,"$437,798,577,639",1.72%,1927.38%,2027.38%,"$21,594,294,461"
1993BRB,1993,Barbados,"$2,063,342,117",0.01%,1.11%,101.11%,"$2,040,621,040"
1993BRN,1993,Brunei,"$4,105,706,151",0.02%,4.25%,104.25%,"$3,938,262,996"
1993BTN,1993,Bhutan,"$225,998,091",0.00%,11.21%,111.21%,"$203,224,054"
1993BWA,1993,Botswana,"$4,160,086,253",0.02%,14.33%,114.33%,"$3,638,639,922"
1993CAF,1993,Central Africa,"$1,278,781,166",0.01%,-2.92%,97.08%,"$1,317,181,736"
1993CAN,1993,Canada,"$577,170,761,956",2.26%,1.87%,101.87%,"$566,603,163,276"
1993CHE,1993,Switzerland,"$272,466,458,446",1.07%,3.29%,103.29%,"$263,781,143,019"
1993CHL,1993,Chile,"$49,297,773,130",0.19%,12.73%,112.73%,"$43,731,703,789"
1993CHN,1993,China,"$444,731,282,435",1.74%,14.61%,114.61%,"$388,038,545,748"
1993CIV,1993,C ô te d'Ivoire,"$11,045,759,468",0.04%,2.16%,102.16%,"$10,811,716,665"
1993CMR,1993,Cameroon,"$14,524,193,694",0.06%,-3.21%,96.79%,"$15,005,348,378"
1993COD,1993,Congo (gold),"$10,706,246,370",0.04%,1986.90%,2086.90%,"$513,020,362"
1993COG,1993,Congo (Brazzaville),"$1,918,970,032",0.01%,4.92%,104.92%,"$1,828,920,147"
1993COL,1993,Columbia,"$66,446,804,802",0.26%,22.44%,122.44%,"$54,268,284,603"
1993CPV,1993,Cape Verde,"$490,417,389",0.00%,5.79%,105.79%,"$463,583,349"
1993CRI,1993,Costa Rica,"$9,582,866,263",0.04%,9.78%,109.78%,"$8,729,266,173"
1993CYP,1993,Cyprus,"$6,590,291,048",0.03%,4.85%,104.85%,"$6,285,197,105"
1993CZE,1993,Czech,"$40,866,748,705",0.16%,20.81%,120.81%,"$33,826,441,453"
1993DEU,1993,Germany,"$2,071,323,790,370",8.12%,4.47%,104.47%,"$1,982,610,399,975"
1993DMA,1993,Dominica,"$13,081,042,400",0.05%,1.57%,101.57%,"$12,878,968,038"
1993DMA,1993,Dominica,"$245,525,925",0.00%,1.57%,101.57%,"$241,733,070"
1993DNK,1993,Denmark,"$143,195,627,014",0.56%,1.26%,101.26%,"$141,416,806,270"
1993DZA,1993,Algeria,"$49,945,599,428",0.20%,20.54%,120.54%,"$41,434,763,814"
1993ECU,1993,Ecuador,"$18,938,717,358",0.07%,45.00%,145.00%,"$13,061,184,385"
1993EGY,1993,Egypt,"$46,578,631,452",0.18%,12.09%,112.09%,"$41,554,748,653"
1993ESP,1993,Spain,"$525,075,636,030",2.06%,4.57%,104.57%,"$502,132,826,952"
1993EST,1993,Estonia,"$4,006,983,328",0.02%,89.81%,189.81%,"$2,111,027,967"
1993ETH,1993,Ethiopia,"$8,830,712,713",0.03%,3.54%,103.54%,"$8,528,540,884"
1993FIN,1993,Finland,"$89,214,114,708",0.35%,2.19%,102.19%,"$87,301,638,572"
1993FJI,1993,Fiji Islands,"$1,636,074,717",0.01%,5.21%,105.21%,"$1,555,106,699"
1993FRA,1993,France,"$1,322,815,612,694",5.19%,2.10%,102.10%,"$1,295,551,219,598"
1993GAB,1993,Gabon,"$4,378,645,081",0.02%,0.53%,100.53%,"$4,355,398,293"
1993GBR,1993,United Kingdom,"$1,061,388,722,255",4.16%,2.56%,102.56%,"$1,034,909,749,408"
1993GHA,1993,Garner,"$5,966,255,778",0.02%,24.96%,124.96%,"$4,774,538,492"
1993GMB,1993,Gambia,"$755,042,548",0.00%,6.46%,106.46%,"$709,201,173"
1993GNB,1993,Guinea Bissau,"$236,880,821",0.00%,48.11%,148.11%,"$159,937,718"
1993GNQ,1993,Equatorial Guinea,"$136,047,896",0.00%,5.45%,105.45%,"$129,013,702"
1993GRC,1993,Greece,"$108,809,059,155",0.43%,14.41%,114.41%,"$95,103,449,549"
1993GRD,1993,Grenada,"$309,812,185",0.00%,2.81%,102.81%,"$301,348,513"
1993GTM,1993,Guatemala,"$11,399,942,453",0.04%,11.82%,111.82%,"$10,194,932,964"
1993HKG,1993,Hong Kong,"$120,353,947,980",0.47%,8.80%,108.80%,"$110,616,573,548"
1993HND,1993,Honduras,"$3,481,990,761",0.01%,10.75%,110.75%,"$3,144,048,134"
1993HTI,1993,Haiti,"$1,878,248,741",0.01%,29.71%,129.71%,"$1,448,081,934"
1993HUN,1993,Hungary,"$40,124,916,940",0.16%,22.46%,122.46%,"$32,764,600,267"
1993IDN,1993,Indonesia,"$158,006,700,301",0.62%,9.67%,109.67%,"$144,072,191,542"
1993IND,1993,India,"$279,296,022,987",1.10%,6.33%,106.33%,"$262,676,752,518"
1993IRL,1993,Ireland,"$52,425,693,685",0.21%,1.47%,101.47%,"$51,666,495,411"
1993IRN,1993,Iran,"$63,743,623,232",0.25%,21.20%,121.20%,"$52,592,606,974"
1993IRQ,1993,Iraq,"$1,031,944,881",0.00%,207.69%,307.69%,"$335,382,086"
1993ISL,1993,Iceland,"$6,218,581,472",0.02%,4.04%,104.04%,"$5,976,942,479"
1993ISR,1993,Israel,"$76,250,990,071",0.30%,10.98%,110.98%,"$68,706,873,112"
1993ITA,1993,Italy,"$1,064,958,075,550",4.18%,4.63%,104.63%,"$1,017,864,199,601"
1993JAM,1993,Jamaica,"$5,440,064,773",0.02%,22.07%,122.07%,"$4,456,514,317"
1993JOR,1993,Jordan,"$5,605,841,535",0.02%,3.32%,103.32%,"$5,425,883,080"
1993JPN,1993,Japan,"$4,454,143,876,947",17.47%,1.24%,101.24%,"$4,399,456,612,041"
1993KEN,1993,Kenya,"$5,751,789,915",0.02%,45.98%,145.98%,"$3,940,152,071"
1993KNA,1993,Saint Kitts and Nevis,"$263,755,555",0.00%,1.79%,101.79%,"$259,104,980"
1993KOR,1993,South Korea,"$392,666,101,884",1.54%,4.80%,104.80%,"$374,677,831,906"
1993KWT,1993,Kuwait,"$23,941,391,390",0.09%,0.38%,100.38%,"$23,850,154,683"
1993LAO,1993,Laos,"$1,327,748,654",0.01%,6.27%,106.27%,"$1,249,443,266"
1993LBY,1993,Libya,"$30,657,030,223",0.12%,11.07%,111.07%,"$27,600,656,790"
1993LCA,1993,Saint Lucia,"$684,814,814",0.00%,0.85%,100.85%,"$679,055,193"
1993LKA,1993,Sri Lanka,"$10,338,679,635",0.04%,11.75%,111.75%,"$9,251,885,031"
1993LSO,1993,Lesotho,"$835,592,802",0.00%,13.14%,113.14%,"$738,575,968"
1993LUX,1993,Luxembourg,"$16,486,900,652",0.06%,3.59%,103.59%,"$15,915,825,216"
1993MAC,1993,Macao,"$5,665,570,560",0.02%,6.71%,106.71%,"$5,309,520,212"
1993MDA,1993,Moldova,"$2,371,711,383",0.01%,1613.60%,1713.60%,"$138,404,871"
1993MDG,1993,Madagascar,"$4,063,298,919",0.02%,10.01%,110.01%,"$3,693,627,352"
1993MDV,1993,Maldives,"$322,326,642",0.00%,20.13%,120.13%,"$268,320,759"
1993MEX,1993,Mexico,"$500,736,065,605",1.96%,9.75%,109.75%,"$456,245,469,111"
1993MLI,1993,Mali,"$2,818,280,876",0.01%,-0.26%,99.74%,"$2,825,734,255"
1993MLT,1993,Malta,"$2,709,178,326",0.01%,4.14%,104.14%,"$2,601,356,782"
1993MNG,1993,Mongolia,"$768,401,634",0.00%,268.15%,368.15%,"$208,719,439"
1993MRT,1993,Mauritania,"$1,249,945,002",0.00%,9.37%,109.37%,"$1,142,855,508"
1993MUS,1993,Mauritius,"$3,263,368,410",0.01%,10.52%,110.52%,"$2,952,797,897"
1993MWI,1993,Malawi,"$2,070,636,935",0.01%,22.77%,122.77%,"$1,686,561,233"
1993MYS,1993,Malaysia,"$66,894,837,030",0.26%,3.54%,103.54%,"$64,609,854,375"
1993NER,1993,Niger,"$1,606,581,743",0.01%,-1.22%,98.78%,"$1,626,342,371"
1993NGA,1993,Nigeria,"$15,789,003,752",0.06%,57.17%,157.17%,"$10,046,116,090"
1993NLD,1993,Netherlands,"$353,550,169,672",1.39%,2.58%,102.58%,"$344,643,934,579"
1993NOR,1993,Norway,"$120,579,072,750",0.47%,2.29%,102.29%,"$117,881,623,707"
1993NPL,1993,Nepal,"$3,660,041,666",0.01%,7.51%,107.51%,"$3,404,519,088"
1993NZL,1993,New Zealand,"$46,775,620,817",0.18%,1.29%,101.29%,"$46,180,717,231"
1993PAK,1993,Pakistan,"$51,809,949,334",0.20%,9.97%,109.97%,"$47,111,232,900"
1993PAN,1993,Panama,"$8,782,585,400",0.03%,0.45%,100.45%,"$8,742,898,753"
1993PER,1993,Peru,"$34,832,077,220",0.14%,48.58%,148.58%,"$23,443,316,999"
1993PHL,1993,Philippines,"$54,368,083,953",0.21%,6.72%,106.72%,"$50,946,367,451"
1993PNG,1993,Papua New Guinea,"$4,974,550,286",0.02%,4.97%,104.97%,"$4,738,835,206"
1993POL,1993,Poland,"$96,045,645,026",0.38%,36.96%,136.96%,"$70,124,651,873"
1993PRT,1993,Portugal,"$95,009,751,901",0.37%,6.78%,106.78%,"$88,973,954,610"
1993PRY,1993,Paraguay,"$7,249,533,620",0.03%,18.21%,118.21%,"$6,132,827,775"
1993QAT,1993,Qatar,"$7,156,593,653",0.03%,-0.87%,99.13%,"$7,219,647,342"
1993ROU,1993,Romania,"$26,362,894,736",0.10%,255.17%,355.17%,"$7,422,678,626"
1993RUS,1993,Russia,"$435,083,713,850",1.71%,874.25%,974.25%,"$44,658,519,380"
1993RWA,1993,Rwanda,"$1,971,525,998",0.01%,12.35%,112.35%,"$1,754,738,751"
1993SAU,1993,Saudi Arabia,"$132,967,901,415",0.52%,1.06%,101.06%,"$131,578,699,670"
1993SDN,1993,Sudan,"$8,881,785,938",0.03%,101.38%,201.38%,"$4,410,451,508"
1993SEN,1993,Senegal,"$5,678,827,998",0.02%,-0.59%,99.41%,"$5,712,327,061"
1993SGP,1993,Singapore,"$60,603,478,153",0.24%,2.29%,102.29%,"$59,247,133,731"
1993SLB,1993,Solomon Islands,"$410,923,236",0.00%,9.17%,109.17%,"$376,411,350"
1993SLV,1993,El Salvador,"$6,680,269,200",0.03%,18.51%,118.51%,"$5,637,039,811"
1993SUR,1993,Suriname,"$428,764,705",0.00%,143.51%,243.51%,"$176,075,710"
1993SVK,1993,Slovakia,"$16,520,676,973",0.06%,23.29%,123.29%,"$13,400,174,606"
1993SVN,1993,Slovenia,"$13,258,920,634",0.05%,31.76%,131.76%,"$10,062,770,366"
1993SWE,1993,Sweden,"$212,953,336,588",0.84%,4.73%,104.73%,"$203,339,111,525"
1993SWZ,1993,Eswatini,"$1,357,206,995",0.01%,12.02%,112.02%,"$1,211,538,577"
1993SYC,1993,Seychelles,"$473,916,819",0.00%,1.38%,101.38%,"$467,448,972"
1993SYR,1993,Syria,"$13,695,962,019",0.05%,13.22%,113.22%,"$12,096,433,608"
1993TCD,1993,Chad,"$1,463,251,055",0.01%,-8.43%,91.57%,"$1,597,922,937"
1993TGO,1993,Togo,"$1,233,496,846",0.00%,-1.01%,98.99%,"$1,246,043,025"
1993THA,1993,Thailand,"$128,889,318,946",0.51%,3.31%,103.31%,"$124,757,123,864"
1993TON,1993,Tonga,"$138,489,884",0.00%,0.96%,100.96%,"$137,171,794"
1993TTO,1993,Trinidad and Tobago,"$4,669,488,516",0.02%,10.84%,110.84%,"$4,213,000,024"
1993TUN,1993,Tunisia,"$14,608,946,896",0.06%,3.97%,103.97%,"$14,050,447,736"
1993TUR,1993,Turkey,"$180,169,736,363",0.71%,66.09%,166.09%,"$108,474,662,956"
1993TZA,1993,Tanzania,"$4,257,702,196",0.02%,25.28%,125.28%,"$3,398,623,221"
1993UKR,1993,Ukraine,"$65,607,522,123",0.26%,4734.91%,4834.91%,"$1,356,953,142"
1993URY,1993,Uruguay,"$15,002,106,518",0.06%,54.10%,154.10%,"$9,735,255,919"
1993USA,1993,the United States,"$6,858,559,000,000",26.90%,2.95%,102.95%,"$6,661,921,917,648"
1993VCT,1993,Saint Vincent and the Grenadines,"$286,307,407",0.00%,4.29%,104.29%,"$274,526,446"
1993VUT,1993,Vanuatu,"$200,491,853",0.00%,3.57%,103.57%,"$193,588,755"
1993WSM,1993,Samoa,"$133,122,897",0.00%,1.72%,101.72%,"$130,878,216"
1993YEM,1993,Yemen,"$5,368,270,614",0.02%,35.75%,135.75%,"$3,954,460,213"
1993ZAF,1993,South Africa,"$134,309,759,157",0.53%,9.72%,109.72%,"$122,414,199,330"
1993ZMB,1993,Zambia,"$3,273,237,853",0.01%,183.31%,283.31%,"$1,155,347,240"
1994ABW,1994,Aruba,"$1,245,688,268",0.00%,6.31%,106.31%,"$1,171,738,892"
1994AGO,1994,Angola,"$3,390,500,000",0.01%,949.79%,1049.79%,"$322,968,577"
1994ALB,1994,Albania,"$1,880,951,520",0.01%,22.57%,122.57%,"$1,534,655,661"
1994ARM,1994,Armenia,"$1,315,158,636",0.00%,3373.76%,3473.76%,"$37,859,807"
1994AUS,1994,Australia,"$322,213,766,862",1.18%,1.97%,101.97%,"$315,989,919,453"
1994AUT,1994,Austria,"$203,535,242,741",0.74%,2.95%,102.95%,"$197,696,457,058"
1994AZE,1994,Azerbaijan,"$3,313,939,553",0.01%,1662.22%,1762.22%,"$188,055,247"
1994BDI,1994,Burundi,"$925,030,590",0.00%,14.85%,114.85%,"$805,405,240"
1994BEL,1994,Belgium,"$244,884,129,491",0.89%,2.38%,102.38%,"$239,197,120,257"
1994BEN,1994,Benin,"$1,598,075,944",0.01%,38.53%,138.53%,"$1,153,588,358"
1994BFA,1994,Burkina Faso,"$1,895,290,623",0.01%,25.18%,125.18%,"$1,514,077,951"
1994BGD,1994,Bangladesh,"$33,768,660,882",0.12%,5.31%,105.31%,"$32,064,819,706"
1994BGR,1994,Bulgaria,"$9,697,416,974",0.04%,96.06%,196.06%,"$4,946,214,745"
1994BHR,1994,Bahrain,"$5,567,553,457",0.02%,0.82%,100.82%,"$5,522,440,042"
1994BHS,1994,Bahamas,"$3,259,000,000",0.01%,1.40%,101.40%,"$3,214,025,047"
1994BLR,1994,Belarus,"$17,793,000,000",0.06%,2221.02%,2321.02%,"$766,603,747"
1994BOL,1994,Bolivia,"$5,981,244,886",0.02%,7.87%,107.87%,"$5,544,656,205"
1994BRA,1994,Brazil,"$558,111,997,497",2.04%,2075.89%,2175.89%,"$25,649,844,818"
1994BRB,1994,Barbados,"$2,151,344,901",0.01%,0.08%,100.08%,"$2,149,685,250"
1994BRN,1994,Brunei,"$4,087,337,959",0.01%,2.46%,102.46%,"$3,989,105,500"
1994BTN,1994,Bhutan,"$258,985,597",0.00%,6.99%,106.99%,"$242,057,563"
1994BWA,1994,Botswana,"$4,259,330,999",0.02%,10.54%,110.54%,"$3,853,101,547"
1994CAF,1994,Central Africa,"$851,174,350",0.00%,24.57%,124.57%,"$683,284,437"
1994CAN,1994,Canada,"$578,139,279,437",2.11%,0.17%,100.17%,"$577,183,677,322"
1994CHE,1994,Switzerland,"$301,628,489,434",1.10%,0.85%,100.85%,"$299,079,978,112"
1994CHL,1994,Chile,"$57,008,425,295",0.21%,11.44%,111.44%,"$51,154,728,510"
1994CHN,1994,China,"$564,324,670,008",2.06%,24.26%,124.26%,"$454,159,296,213"
1994CIV,1994,C ô te d'Ivoire,"$8,313,557,450",0.03%,26.08%,126.08%,"$6,593,792,668"
1994CMR,1994,Cameroon,"$8,292,531,291",0.03%,35.09%,135.09%,"$6,138,320,681"
1994COD,1994,Congo (gold),"$5,840,529,411",0.02%,23773.13%,23873.13%,"$24,464,865"
1994COG,1994,Congo (Brazzaville),"$1,769,365,425",0.01%,42.44%,142.44%,"$1,242,185,806"
1994COL,1994,Columbia,"$81,703,500,846",0.30%,22.85%,122.85%,"$66,508,240,357"
1994CPV,1994,Cape Verde,"$406,580,652",0.00%,3.45%,103.45%,"$393,013,594"
1994CRI,1994,Costa Rica,"$10,486,784,804",0.04%,13.53%,113.53%,"$9,236,652,905"
1994CYP,1994,Cyprus,"$7,425,703,928",0.03%,4.70%,104.70%,"$7,092,458,434"
1994CZE,1994,Czech,"$47,850,203,856",0.17%,10.04%,110.04%,"$43,484,598,135"
1994DEU,1994,Germany,"$2,205,074,123,177",8.05%,2.69%,102.69%,"$2,147,247,515,473"
1994DMA,1994,Dominica,"$14,644,711,384",0.05%,0.02%,100.02%,"$14,642,494,988"
1994DMA,1994,Dominica,"$264,374,074",0.00%,0.02%,100.02%,"$264,334,062"
1994DNK,1994,Denmark,"$156,162,386,724",0.57%,1.99%,101.99%,"$153,112,365,981"
1994DZA,1994,Algeria,"$42,543,178,042",0.16%,29.05%,129.05%,"$32,967,028,864"
1994ECU,1994,Ecuador,"$22,708,673,336",0.08%,27.44%,127.44%,"$17,818,756,078"
1994EGY,1994,Egypt,"$51,897,983,392",0.19%,8.15%,108.15%,"$47,985,162,277"
1994ESP,1994,Spain,"$530,562,634,455",1.94%,4.72%,104.72%,"$506,656,485,241"
1994EST,1994,Estonia,"$4,116,734,613",0.02%,47.65%,147.65%,"$2,788,082,516"
1994ETH,1994,Ethiopia,"$6,927,950,564",0.03%,7.59%,107.59%,"$6,438,982,237"
1994FIN,1994,Finland,"$103,299,943,084",0.38%,1.09%,101.09%,"$102,187,573,330"
1994FJI,1994,Fiji Islands,"$1,825,763,267",0.01%,0.82%,100.82%,"$1,810,973,649"
1994FRA,1994,France,"$1,393,982,750,472",5.09%,1.66%,101.66%,"$1,371,280,983,585"
1994GAB,1994,Gabon,"$4,190,819,314",0.02%,36.12%,136.12%,"$3,078,853,147"
1994GBR,1994,United Kingdom,"$1,140,489,745,944",4.16%,2.22%,102.22%,"$1,115,731,522,815"
1994GHA,1994,Garner,"$5,444,560,669",0.02%,24.87%,124.87%,"$4,360,174,206"
1994GMB,1994,Gambia,"$746,491,692",0.00%,1.71%,101.71%,"$733,939,807"
1994GNB,1994,Guinea Bissau,"$235,620,043",0.00%,15.18%,115.18%,"$204,573,290"
1994GNQ,1994,Equatorial Guinea,"$100,807,001",0.00%,31.84%,131.84%,"$76,461,031"
1994GRC,1994,Greece,"$116,601,801,966",0.43%,10.87%,110.87%,"$105,165,974,328"
1994GRD,1994,Grenada,"$325,111,814",0.00%,3.77%,103.77%,"$313,298,404"
1994GTM,1994,Guatemala,"$12,983,235,568",0.05%,10.86%,110.86%,"$11,711,874,029"
1994HKG,1994,Hong Kong,"$135,812,069,768",0.50%,8.74%,108.74%,"$124,898,599,876"
1994HND,1994,Honduras,"$3,432,356,578",0.01%,21.73%,121.73%,"$2,819,662,362"
1994HTI,1994,Haiti,"$2,167,564,194",0.01%,39.33%,139.33%,"$1,555,687,217"
1994HUN,1994,Hungary,"$43,166,678,735",0.16%,18.87%,118.87%,"$36,314,779,001"
1994IDN,1994,Indonesia,"$176,892,143,931",0.65%,8.53%,108.53%,"$162,986,156,496"
1994IND,1994,India,"$327,275,583,539",1.20%,10.25%,110.25%,"$296,854,160,467"
1994IRL,1994,Ireland,"$57,106,606,595",0.21%,2.31%,102.31%,"$55,817,665,755"
1994IRN,1994,Iran,"$71,841,461,172",0.26%,31.45%,131.45%,"$54,654,306,024"
1994IRQ,1994,Iraq,"$3,991,349,282",0.01%,448.50%,548.50%,"$727,684,463"
1994ISL,1994,Iceland,"$6,389,460,285",0.02%,1.55%,101.55%,"$6,291,770,712"
1994ISR,1994,Israel,"$86,643,876,656",0.32%,12.28%,112.28%,"$77,168,550,617"
1994ITA,1994,Italy,"$1,099,216,688,280",4.01%,4.05%,104.05%,"$1,056,412,520,182"
1994JAM,1994,Jamaica,"$5,452,564,385",0.02%,35.06%,135.06%,"$4,037,040,839"
1994JOR,1994,Jordan,"$6,237,739,516",0.02%,3.52%,103.52%,"$6,025,829,400"
1994JPN,1994,Japan,"$4,907,039,384,469",17.92%,0.70%,100.70%,"$4,873,148,679,300"
1994KAZ,1994,Kazakhstan,"$21,250,792,886",0.08%,1877.37%,1977.37%,"$1,074,698,572"
1994KEN,1994,Kenya,"$7,148,145,375",0.03%,28.81%,128.81%,"$5,549,182,360"
1994KNA,1994,Saint Kitts and Nevis,"$295,159,259",0.00%,1.44%,101.44%,"$290,962,791"
1994KOR,1994,South Korea,"$463,617,399,962",1.69%,6.27%,106.27%,"$436,280,666,381"
1994KWT,1994,Kuwait,"$24,848,483,838",0.09%,2.53%,102.53%,"$24,234,281,658"
1994LAO,1994,Laos,"$1,543,606,345",0.01%,6.78%,106.78%,"$1,445,534,345"
1994LBY,1994,Libya,"$28,607,921,928",0.10%,5.11%,105.11%,"$27,216,453,809"
1994LCA,1994,Saint Lucia,"$713,703,703",0.00%,2.82%,102.82%,"$694,156,825"
1994LKA,1994,Sri Lanka,"$11,717,604,208",0.04%,8.45%,108.45%,"$10,804,742,573"
1994LSO,1994,Lesotho,"$878,250,450",0.00%,8.21%,108.21%,"$811,581,178"
1994LUX,1994,Luxembourg,"$18,325,790,933",0.07%,2.19%,102.19%,"$17,932,220,881"
1994MAC,1994,Macao,"$6,311,194,301",0.02%,6.25%,106.25%,"$5,939,831,917"
1994MDA,1994,Moldova,"$1,702,292,855",0.01%,486.43%,586.43%,"$290,282,823"
1994MDG,1994,Madagascar,"$3,522,226,902",0.01%,38.94%,138.94%,"$2,535,037,788"
1994MDV,1994,Maldives,"$355,884,383",0.00%,3.39%,103.39%,"$344,228,460"
1994MEX,1994,Mexico,"$527,813,238,126",1.93%,6.97%,106.97%,"$493,441,059,738"
1994MKD,1994,Macedonia,"$3,556,581,986",0.01%,126.58%,226.58%,"$1,569,657,126"
1994MLI,1994,Mali,"$2,081,846,482",0.01%,23.18%,123.18%,"$1,690,128,849"
1994MLT,1994,Malta,"$2,998,570,146",0.01%,4.13%,104.13%,"$2,879,643,136"
1994MNG,1994,Mongolia,"$925,817,092",0.00%,87.58%,187.58%,"$493,558,506"
1994MRT,1994,Mauritania,"$1,315,932,648",0.00%,4.13%,104.13%,"$1,263,761,313"
1994MUS,1994,Mauritius,"$3,558,137,040",0.01%,7.32%,107.32%,"$3,315,339,123"
1994MWI,1994,Malawi,"$1,181,802,596",0.00%,34.65%,134.65%,"$877,687,181"
1994MYS,1994,Malaysia,"$74,478,356,957",0.27%,3.72%,103.72%,"$71,803,690,625"
1994NER,1994,Niger,"$1,938,058,161",0.01%,36.04%,136.04%,"$1,424,612,676"
1994NGA,1994,Nigeria,"$18,086,400,535",0.07%,57.03%,157.03%,"$11,517,674,144"
1994NLD,1994,Netherlands,"$379,130,260,322",1.38%,2.80%,102.80%,"$368,798,285,507"
1994NOR,1994,Norway,"$127,131,461,119",0.46%,1.38%,101.38%,"$125,406,278,324"
1994NPL,1994,Nepal,"$4,066,775,510",0.01%,8.35%,108.35%,"$3,753,393,892"
1994NZL,1994,New Zealand,"$55,314,732,279",0.20%,1.75%,101.75%,"$54,365,842,868"
1994PAK,1994,Pakistan,"$52,293,456,906",0.19%,12.37%,112.37%,"$46,537,596,506"
1994PAN,1994,Panama,"$9,365,289,800",0.03%,1.27%,101.27%,"$9,247,985,403"
1994PER,1994,Peru,"$44,882,079,766",0.16%,23.74%,123.74%,"$36,272,185,525"
1994PHL,1994,Philippines,"$64,084,460,124",0.23%,10.39%,110.39%,"$58,054,631,272"
1994PNG,1994,Papua New Guinea,"$5,502,786,069",0.02%,2.85%,102.85%,"$5,350,160,844"
1994POL,1994,Poland,"$110,803,391,516",0.40%,32.99%,132.99%,"$83,316,285,354"
1994PRT,1994,Portugal,"$99,688,641,304",0.36%,5.42%,105.42%,"$94,562,915,050"
1994PRY,1994,Paraguay,"$7,870,982,004",0.03%,20.57%,120.57%,"$6,528,349,024"
1994QAT,1994,Qatar,"$7,374,450,769",0.03%,1.32%,101.32%,"$7,278,262,281"
1994ROU,1994,Romania,"$30,074,440,483",0.11%,136.76%,236.76%,"$12,702,533,204"
1994RUS,1994,Russia,"$395,077,301,248",1.44%,307.72%,407.72%,"$96,898,544,930"
1994SAU,1994,Saudi Arabia,"$135,174,886,488",0.49%,0.56%,100.56%,"$134,416,340,829"
1994SDN,1994,Sudan,"$12,794,192,334",0.05%,115.40%,215.40%,"$5,939,787,632"
1994SEN,1994,Senegal,"$3,877,196,914",0.01%,32.29%,132.29%,"$2,930,750,206"
1994SGP,1994,Singapore,"$73,690,847,191",0.27%,3.10%,103.10%,"$71,475,026,573"
1994SLB,1994,Solomon Islands,"$402,868,080",0.00%,13.26%,113.26%,"$355,714,456"
1994SLV,1994,El Salvador,"$7,679,384,000",0.03%,10.59%,110.59%,"$6,944,276,334"
1994SUR,1994,Suriname,"$605,492,537",0.00%,368.48%,468.48%,"$129,246,720"
1994SVK,1994,Slovakia,"$20,162,936,291",0.07%,13.42%,113.42%,"$17,777,933,946"
1994SVN,1994,Slovenia,"$15,049,620,465",0.05%,20.99%,120.99%,"$12,438,543,951"
1994SWE,1994,Sweden,"$229,033,566,614",0.84%,2.16%,102.16%,"$224,195,126,382"
1994SWZ,1994,Eswatini,"$1,419,293,454",0.01%,13.77%,113.77%,"$1,247,518,569"
1994SYC,1994,Seychelles,"$486,451,204",0.00%,1.74%,101.74%,"$478,145,940"
1994SYR,1994,Syria,"$10,122,020,000",0.04%,15.33%,115.33%,"$8,776,688,228"
1994TCD,1994,Chad,"$1,179,837,954",0.00%,41.72%,141.72%,"$832,484,607"
1994TGO,1994,Togo,"$982,624,324",0.00%,39.16%,139.16%,"$706,097,143"
1994THA,1994,Thailand,"$146,683,499,005",0.54%,5.05%,105.05%,"$139,635,071,130"
1994TON,1994,Tonga,"$195,990,986",0.00%,1.01%,101.01%,"$194,025,600"
1994TTO,1994,Trinidad and Tobago,"$4,947,205,860",0.02%,8.81%,108.81%,"$4,546,450,187"
1994TUN,1994,Tunisia,"$15,632,463,424",0.06%,4.73%,104.73%,"$14,925,982,258"
1994TUR,1994,Turkey,"$130,690,172,297",0.48%,105.21%,205.21%,"$63,684,516,675"
1994TZA,1994,Tanzania,"$4,510,846,967",0.02%,34.08%,134.08%,"$3,364,210,764"
1994UGA,1994,Uganda,"$3,990,430,446",0.01%,10.04%,110.04%,"$3,626,452,151"
1994UKR,1994,Ukraine,"$52,543,388,913",0.19%,891.19%,991.19%,"$5,301,053,107"
1994URY,1994,Uruguay,"$17,474,647,792",0.06%,44.74%,144.74%,"$12,073,459,750"
1994USA,1994,the United States,"$7,287,236,000,000",26.61%,2.61%,102.61%,"$7,102,054,087,828"
1994VCT,1994,Saint Vincent and the Grenadines,"$289,437,037",0.00%,1.01%,101.01%,"$286,545,933"
1994VUT,1994,Vanuatu,"$233,701,301",0.00%,2.30%,102.30%,"$228,441,301"
1994WSM,1994,Samoa,"$221,098,106",0.00%,12.08%,112.08%,"$197,267,445"
1994YEM,1994,Yemen,"$4,167,356,037",0.02%,49.39%,149.39%,"$2,789,504,065"
1994ZAF,1994,South Africa,"$139,752,450,152",0.51%,8.94%,108.94%,"$128,285,609,003"
1994ZMB,1994,Zambia,"$3,656,647,744",0.01%,54.60%,154.60%,"$2,365,211,177"
1995ABW,1995,Aruba,"$1,320,474,860",0.00%,3.36%,103.36%,"$1,277,532,013"
1995AGO,1995,Angola,"$5,561,222,222",0.02%,2666.45%,2766.45%,"$201,023,732"
1995ALB,1995,Albania,"$2,392,764,853",0.01%,7.79%,107.79%,"$2,219,773,085"
1995ARM,1995,Armenia,"$1,468,317,435",0.00%,175.95%,275.95%,"$532,092,909"
1995AUS,1995,Australia,"$367,216,364,716",1.20%,4.63%,104.63%,"$350,974,102,429"
1995AUT,1995,Austria,"$241,038,283,062",0.79%,2.24%,102.24%,"$235,749,556,914"
1995AZE,1995,Azerbaijan,"$2,417,355,840",0.01%,411.76%,511.76%,"$472,361,562"
1995BDI,1995,Burundi,"$1,000,428,393",0.00%,19.26%,119.26%,"$838,840,433"
1995BEL,1995,Belgium,"$288,025,588,396",0.94%,1.47%,101.47%,"$283,858,637,299"
1995BEN,1995,Benin,"$2,169,627,138",0.01%,14.46%,114.46%,"$1,895,490,859"
1995BFA,1995,Burkina Faso,"$2,379,518,099",0.01%,7.46%,107.46%,"$2,214,352,946"
1995BGD,1995,Bangladesh,"$37,939,748,768",0.12%,10.30%,110.30%,"$34,397,553,453"
1995BGR,1995,Bulgaria,"$13,063,422,619",0.04%,62.05%,162.05%,"$8,061,112,601"
1995BHR,1995,Bahrain,"$5,849,467,819",0.02%,2.70%,102.70%,"$5,695,460,586"
1995BHS,1995,Bahamas,"$3,429,000,000",0.01%,2.07%,102.07%,"$3,359,558,104"
1995BLR,1995,Belarus,"$13,489,222,222",0.04%,709.35%,809.35%,"$1,666,681,702"
1995BOL,1995,Bolivia,"$6,715,220,507",0.02%,10.19%,110.19%,"$6,094,042,187"
1995BRA,1995,Brazil,"$769,305,386,182",2.52%,66.01%,166.01%,"$463,417,344,272"
1995BRB,1995,Barbados,"$2,216,974,096",0.01%,1.88%,101.88%,"$2,176,088,381"
1995BRN,1995,Brunei,"$4,734,020,036",0.02%,5.97%,105.97%,"$4,467,462,565"
1995BTN,1995,Bhutan,"$290,464,801",0.00%,9.50%,109.50%,"$265,275,257"
1995BWA,1995,Botswana,"$4,730,611,067",0.02%,10.51%,110.51%,"$4,280,609,971"
1995CAF,1995,Central Africa,"$1,115,389,731",0.00%,19.19%,119.19%,"$935,812,827"
1995CAN,1995,Canada,"$604,031,623,433",1.98%,2.15%,102.15%,"$591,325,456,595"
1995CHE,1995,Switzerland,"$353,132,515,010",1.16%,1.80%,101.80%,"$346,889,108,507"
1995CHL,1995,Chile,"$73,447,063,319",0.24%,8.23%,108.23%,"$67,860,369,916"
1995CHN,1995,China,"$734,547,898,224",2.41%,16.79%,116.79%,"$628,940,998,910"
1995CIV,1995,C ô te d'Ivoire,"$11,000,146,839",0.04%,14.30%,114.30%,"$9,624,340,688"
1995CMR,1995,Cameroon,"$10,020,367,060",0.03%,9.07%,109.07%,"$9,187,123,383"
1995COD,1995,Congo (gold),"$5,647,034,188",0.02%,541.91%,641.91%,"$879,725,197"
1995COG,1995,Congo (Brazzaville),"$2,116,003,977",0.01%,9.42%,109.42%,"$1,933,871,788"
1995COL,1995,Columbia,"$92,507,279,383",0.30%,20.90%,120.90%,"$76,517,350,291"
1995CPV,1995,Cape Verde,"$487,148,993",0.00%,8.35%,108.35%,"$449,600,495"
1995CRI,1995,Costa Rica,"$11,578,594,259",0.04%,23.19%,123.19%,"$9,399,239,719"
1995CYP,1995,Cyprus,"$9,933,133,247",0.03%,2.62%,102.62%,"$9,679,924,063"
1995CZE,1995,Czech,"$60,147,174,076",0.20%,8.99%,108.99%,"$55,185,691,454"
1995DEU,1995,Germany,"$2,585,792,275,146",8.47%,1.71%,101.71%,"$2,542,414,600,870"
1995DMA,1995,Dominica,"$16,637,370,839",0.05%,1.32%,101.32%,"$16,421,017,779"
1995DMA,1995,Dominica,"$274,522,222",0.00%,1.32%,101.32%,"$270,952,324"
1995DNK,1995,Denmark,"$185,006,881,515",0.61%,2.08%,102.08%,"$181,230,742,497"
1995DZA,1995,Algeria,"$41,764,315,330",0.14%,29.78%,129.78%,"$32,180,948,936"
1995ECU,1995,Ecuador,"$24,432,884,442",0.08%,22.89%,122.89%,"$19,882,539,909"
1995EGY,1995,Egypt,"$60,159,245,060",0.20%,15.74%,115.74%,"$51,976,918,710"
1995ESP,1995,Spain,"$614,609,020,549",2.01%,4.67%,104.67%,"$587,166,034,601"
1995EST,1995,Estonia,"$4,497,823,760",0.01%,28.78%,128.78%,"$3,492,733,370"
1995ETH,1995,Ethiopia,"$7,663,984,567",0.03%,10.02%,110.02%,"$6,965,854,548"
1995FIN,1995,Finland,"$134,189,814,814",0.44%,0.79%,100.79%,"$133,136,387,253"
1995FJI,1995,Fiji Islands,"$1,970,347,720",0.01%,2.17%,102.17%,"$1,928,581,450"
1995FRA,1995,France,"$1,601,094,756,209",5.25%,1.80%,101.80%,"$1,572,838,995,866"
1995GAB,1995,Gabon,"$4,958,845,906",0.02%,9.65%,109.65%,"$4,522,574,366"
1995GBR,1995,United Kingdom,"$1,341,614,328,546",4.40%,2.70%,102.70%,"$1,306,374,927,797"
1995GEO,1995,Georgia,"$2,693,768,412",0.01%,162.72%,262.72%,"$1,025,349,274"
1995GHA,1995,Garner,"$6,465,137,614",0.02%,59.46%,159.46%,"$4,054,355,087"
1995GMB,1995,Gambia,"$785,996,982",0.00%,6.98%,106.98%,"$734,707,256"
1995GNB,1995,Guinea Bissau,"$253,966,922",0.00%,45.37%,145.37%,"$174,709,444"
1995GNQ,1995,Equatorial Guinea,"$141,853,368",0.00%,19.87%,119.87%,"$118,336,937"
1995GRC,1995,Greece,"$136,878,365,936",0.45%,8.93%,108.93%,"$125,651,972,647"
1995GRD,1995,Grenada,"$342,172,518",0.00%,1.87%,101.87%,"$335,895,225"
1995GTM,1995,Guatemala,"$14,655,404,433",0.05%,8.41%,108.41%,"$13,518,322,482"
1995GUY,1995,Guyana,"$621,626,785",0.00%,12.21%,112.21%,"$553,982,594"
1995HKG,1995,Hong Kong,"$144,652,912,433",0.47%,9.08%,109.08%,"$132,614,948,370"
1995HND,1995,Honduras,"$3,911,053,180",0.01%,29.46%,129.46%,"$3,020,945,740"
1995HRV,1995,Croatia,"$22,534,512,415",0.07%,3.95%,103.95%,"$21,678,200,943"
1995HTI,1995,Haiti,"$2,813,313,278",0.01%,27.61%,127.61%,"$2,204,649,548"
1995HUN,1995,Hungary,"$46,425,677,734",0.15%,28.31%,128.31%,"$36,183,709,334"
1995IDN,1995,Indonesia,"$202,132,028,723",0.66%,9.42%,109.42%,"$184,729,877,213"
1995IND,1995,India,"$360,281,952,716",1.18%,10.22%,110.22%,"$326,860,807,271"
1995IRL,1995,Ireland,"$69,150,661,616",0.23%,2.52%,102.52%,"$67,447,696,789"
1995IRN,1995,Iran,"$96,419,225,743",0.32%,49.66%,149.66%,"$64,427,243,050"
1995IRQ,1995,Iraq,"$12,894,029,888",0.04%,387.31%,487.31%,"$2,645,955,851"
1995ISL,1995,Iceland,"$7,123,633,356",0.02%,1.65%,101.65%,"$7,007,916,432"
1995ISR,1995,Israel,"$100,734,903,862",0.33%,9.94%,109.94%,"$91,626,948,026"
1995ITA,1995,Italy,"$1,174,662,070,605",3.85%,5.24%,105.24%,"$1,116,223,075,659"
1995JAM,1995,Jamaica,"$6,577,523,824",0.02%,19.91%,119.91%,"$5,485,441,127"
1995JOR,1995,Jordan,"$6,727,446,632",0.02%,2.35%,102.35%,"$6,572,780,913"
1995JPN,1995,Japan,"$5,449,116,304,981",17.85%,-0.13%,99.87%,"$5,456,094,597,866"
1995KAZ,1995,Kazakhstan,"$20,374,302,652",0.07%,176.16%,276.16%,"$7,377,842,371"
1995KEN,1995,Kenya,"$9,046,326,059",0.03%,1.55%,101.55%,"$8,907,868,550"
1995KHM,1995,Cambodia,"$3,441,205,692",0.01%,-0.80%,99.20%,"$3,468,920,435"
1995KNA,1995,Saint Kitts and Nevis,"$313,485,185",0.00%,2.96%,102.96%,"$304,482,253"
1995KOR,1995,South Korea,"$566,583,427,334",1.86%,4.48%,104.48%,"$542,285,038,797"
1995KWT,1995,Kuwait,"$27,191,353,887",0.09%,2.69%,102.69%,"$26,479,910,823"
1995LAO,1995,Laos,"$1,763,536,304",0.01%,19.59%,119.59%,"$1,474,603,658"
1995LBY,1995,Libya,"$25,544,128,198",0.08%,7.24%,107.24%,"$23,820,037,472"
1995LCA,1995,Saint Lucia,"$762,962,962",0.00%,5.63%,105.63%,"$722,299,937"
1995LKA,1995,Sri Lanka,"$13,029,697,560",0.04%,7.67%,107.67%,"$12,100,966,673"
1995LSO,1995,Lesotho,"$1,001,889,856",0.00%,9.27%,109.27%,"$916,886,808"
1995LTU,1995,Lithuania,"$7,867,140,395",0.03%,39.65%,139.65%,"$5,633,565,317"
1995LUX,1995,Luxembourg,"$21,588,170,498",0.07%,1.87%,101.87%,"$21,192,361,972"
1995LVA,1995,Latvia,"$5,785,775,812",0.02%,24.98%,124.98%,"$4,629,511,904"
1995MAC,1995,Macao,"$7,046,110,595",0.02%,8.56%,108.56%,"$6,490,601,674"
1995MDA,1995,Moldova,"$1,752,979,926",0.01%,29.87%,129.87%,"$1,349,841,517"
1995MDG,1995,Madagascar,"$3,838,101,052",0.01%,49.08%,149.08%,"$2,574,520,824"
1995MDV,1995,Maldives,"$398,988,954",0.00%,5.49%,105.49%,"$378,228,515"
1995MEX,1995,Mexico,"$360,073,909,243",1.18%,35.00%,135.00%,"$266,722,853,985"
1995MKD,1995,Macedonia,"$4,680,078,740",0.02%,16.37%,116.37%,"$4,021,598,699"
1995MLI,1995,Mali,"$2,706,425,298",0.01%,13.44%,113.44%,"$2,385,739,667"
1995MLT,1995,Malta,"$3,720,400,535",0.01%,4.43%,104.43%,"$3,562,692,756"
1995MNG,1995,Mongolia,"$1,452,165,005",0.00%,0.04%,100.04%,"$1,451,533,354"
1995MRT,1995,Mauritania,"$1,415,296,706",0.00%,6.54%,106.54%,"$1,328,370,895"
1995MUS,1995,Mauritius,"$4,040,345,933",0.01%,6.03%,106.03%,"$3,810,592,655"
1995MWI,1995,Malawi,"$1,397,457,932",0.00%,83.33%,183.33%,"$762,281,209"
1995MYS,1995,Malaysia,"$88,705,342,902",0.29%,3.45%,103.45%,"$85,746,592,341"
1995NER,1995,Niger,"$2,302,537,682",0.01%,10.56%,110.56%,"$2,082,551,731"
1995NGA,1995,Nigeria,"$28,546,958,641",0.09%,72.84%,172.84%,"$16,516,837,259"
1995NLD,1995,Netherlands,"$452,301,674,444",1.48%,1.92%,101.92%,"$443,767,057,486"
1995NOR,1995,Norway,"$152,029,612,324",0.50%,2.46%,102.46%,"$148,378,944,569"
1995NPL,1995,Nepal,"$4,401,104,417",0.01%,7.62%,107.62%,"$4,089,372,777"
1995NZL,1995,New Zealand,"$63,918,703,506",0.21%,3.75%,103.75%,"$61,605,453,155"
1995PAK,1995,Pakistan,"$60,636,022,422",0.20%,12.34%,112.34%,"$53,973,732,385"
1995PAN,1995,Panama,"$9,573,813,700",0.03%,0.99%,100.99%,"$9,479,567,181"
1995PER,1995,Peru,"$53,312,793,687",0.17%,11.13%,111.13%,"$47,973,918,765"
1995PHL,1995,Philippines,"$74,119,987,244",0.24%,6.83%,106.83%,"$69,379,951,646"
1995PNG,1995,Papua New Guinea,"$4,636,057,476",0.02%,17.28%,117.28%,"$3,952,950,723"
1995POL,1995,Poland,"$142,292,783,505",0.47%,27.95%,127.95%,"$111,208,471,519"
1995PRT,1995,Portugal,"$118,122,007,430",0.39%,4.22%,104.22%,"$113,336,035,048"
1995PRY,1995,Paraguay,"$9,062,131,475",0.03%,13.43%,113.43%,"$7,989,507,048"
1995QAT,1995,Qatar,"$8,137,911,978",0.03%,2.96%,102.96%,"$7,904,221,938"
1995ROU,1995,Romania,"$37,435,317,265",0.12%,32.24%,132.24%,"$28,308,086,725"
1995RUS,1995,Russia,"$395,537,185,734",1.30%,197.41%,297.41%,"$132,992,000,774"
1995SAU,1995,Saudi Arabia,"$143,343,036,341",0.47%,4.87%,104.87%,"$136,688,453,266"
1995SDN,1995,Sudan,"$13,829,744,878",0.05%,68.38%,168.38%,"$8,213,647,531"
1995SEN,1995,Senegal,"$4,878,719,133",0.02%,7.86%,107.86%,"$4,523,027,867"
1995SGP,1995,Singapore,"$87,810,991,957",0.29%,1.72%,101.72%,"$86,325,728,577"
1995SLB,1995,Solomon Islands,"$469,479,432",0.00%,9.63%,109.63%,"$428,242,975"
1995SLV,1995,El Salvador,"$8,921,947,100",0.03%,10.03%,110.03%,"$8,108,674,868"
1995SRB,1995,Serbia,"$16,832,598,870",0.06%,82.66%,182.66%,"$9,215,236,721"
1995SUR,1995,Suriname,"$691,590,497",0.00%,235.56%,335.56%,"$206,101,126"
1995SVK,1995,Slovakia,"$25,840,146,405",0.08%,9.84%,109.84%,"$23,525,026,054"
1995SVN,1995,Slovenia,"$21,352,224,019",0.07%,13.46%,113.46%,"$18,818,545,883"
1995SWE,1995,Sweden,"$267,305,875,261",0.88%,2.46%,102.46%,"$260,900,383,213"
1995SWZ,1995,Eswatini,"$1,698,982,437",0.01%,12.29%,112.29%,"$1,513,049,917"
1995SYC,1995,Seychelles,"$508,221,508",0.00%,-0.24%,99.76%,"$509,464,103"
1995SYR,1995,Syria,"$11,396,706,586",0.04%,7.98%,107.98%,"$10,554,464,752"
1995TCD,1995,Chad,"$1,445,919,969",0.00%,9.23%,109.23%,"$1,323,734,920"
1995TGO,1995,Togo,"$1,309,382,885",0.00%,16.43%,116.43%,"$1,124,575,699"
1995THA,1995,Thailand,"$169,278,753,531",0.55%,5.82%,105.82%,"$159,971,330,657"
1995TON,1995,Tonga,"$208,871,665",0.00%,1.46%,101.46%,"$205,866,008"
1995TTO,1995,Trinidad and Tobago,"$5,329,214,163",0.02%,5.18%,105.18%,"$5,066,649,956"
1995TUN,1995,Tunisia,"$18,030,876,599",0.06%,6.24%,106.24%,"$16,971,171,166"
1995TUR,1995,Turkey,"$169,485,941,048",0.56%,89.11%,189.11%,"$89,621,367,516"
1995TZA,1995,Tanzania,"$5,255,221,424",0.02%,27.43%,127.43%,"$4,124,078,125"
1995UGA,1995,Uganda,"$5,755,818,947",0.02%,6.55%,106.55%,"$5,401,981,580"
1995UKR,1995,Ukraine,"$48,214,752,454",0.16%,376.75%,476.75%,"$10,113,296,132"
1995URY,1995,Uruguay,"$19,297,663,096",0.06%,42.25%,142.25%,"$13,566,179,989"
1995USA,1995,the United States,"$7,639,749,000,000",25.03%,2.81%,102.81%,"$7,431,270,669,495"
1995VCT,1995,Saint Vincent and the Grenadines,"$316,007,407",0.00%,1.74%,101.74%,"$310,607,884"
1995VUT,1995,Vanuatu,"$249,333,250",0.00%,2.23%,102.23%,"$243,895,117"
1995WSM,1995,Samoa,"$224,865,731",0.00%,-2.90%,97.10%,"$231,590,013"
1995YEM,1995,Yemen,"$4,258,788,725",0.01%,55.08%,155.08%,"$2,746,168,641"
1995ZAF,1995,South Africa,"$155,460,285,076",0.51%,8.68%,108.68%,"$143,043,475,929"
1995ZMB,1995,Zambia,"$3,807,067,121",0.01%,34.93%,134.93%,"$2,821,521,353"
1996ABW,1996,Aruba,"$1,379,960,893",0.00%,3.23%,103.23%,"$1,336,843,830"
1996AGO,1996,Angola,"$7,526,963,963",0.02%,4145.11%,4245.11%,"$177,309,212"
1996ALB,1996,Albania,"$3,199,642,579",0.01%,12.73%,112.73%,"$2,838,437,806"
1996ARM,1996,Armenia,"$1,596,968,946",0.01%,18.68%,118.68%,"$1,345,595,713"
1996AUS,1996,Australia,"$400,302,731,411",1.28%,2.62%,102.62%,"$390,100,113,071"
1996AUT,1996,Austria,"$237,250,948,791",0.76%,1.86%,101.86%,"$232,916,441,002"
1996AZE,1996,Azerbaijan,"$3,176,333,837",0.01%,19.79%,119.79%,"$2,651,478,831"
1996BDI,1996,Burundi,"$869,033,856",0.00%,26.44%,126.44%,"$687,326,777"
1996BEL,1996,Belgium,"$279,201,433,224",0.89%,2.08%,102.08%,"$273,520,357,752"
1996BEN,1996,Benin,"$2,361,116,448",0.01%,4.91%,104.91%,"$2,250,520,477"
1996BFA,1996,Burkina Faso,"$2,586,550,747",0.01%,6.10%,106.10%,"$2,437,892,812"
1996BGD,1996,Bangladesh,"$46,438,484,107",0.15%,2.38%,102.38%,"$45,360,213,308"
1996BGR,1996,Bulgaria,"$12,294,221,472",0.04%,121.61%,221.61%,"$5,547,745,054"
1996BHR,1996,Bahrain,"$6,101,861,436",0.02%,-0.45%,99.55%,"$6,129,581,080"
1996BHS,1996,Bahamas,"$3,609,000,000",0.01%,1.38%,101.38%,"$3,559,904,032"
1996BLR,1996,Belarus,"$14,756,846,153",0.05%,52.71%,152.71%,"$9,663,182,158"
1996BOL,1996,Bolivia,"$7,396,966,657",0.02%,12.43%,112.43%,"$6,579,439,306"
1996BRA,1996,Brazil,"$850,426,432,991",2.73%,15.76%,115.76%,"$734,661,008,049"
1996BRB,1996,Barbados,"$2,363,645,403",0.01%,2.39%,102.39%,"$2,308,559,655"
1996BRN,1996,Brunei,"$5,115,602,836",0.02%,2.00%,102.00%,"$5,015,486,871"
1996BTN,1996,Bhutan,"$303,435,517",0.00%,8.79%,108.79%,"$278,919,448"
1996BWA,1996,Botswana,"$4,847,752,842",0.02%,10.08%,110.08%,"$4,403,730,905"
1996CAF,1996,Central Africa,"$1,007,791,186",0.00%,3.72%,103.72%,"$971,599,671"
1996CAN,1996,Canada,"$628,546,387,972",2.01%,1.57%,101.57%,"$618,827,509,328"
1996CHE,1996,Switzerland,"$340,471,241,909",1.09%,0.81%,100.81%,"$337,730,109,294"
1996CHL,1996,Chile,"$78,039,572,221",0.25%,7.36%,107.36%,"$72,690,213,749"
1996CHN,1996,China,"$863,746,717,507",2.77%,8.31%,108.31%,"$797,453,158,233"
1996CIV,1996,C ô te d'Ivoire,"$12,139,234,938",0.04%,2.48%,102.48%,"$11,845,374,105"
1996CMR,1996,Cameroon,"$10,313,258,944",0.03%,3.92%,103.92%,"$9,923,841,095"
1996COD,1996,Congo (gold),"$5,772,020,526",0.02%,492.44%,592.44%,"$974,276,298"
1996COG,1996,Congo (Brazzaville),"$2,540,697,688",0.01%,10.03%,110.03%,"$2,309,071,907"
1996COL,1996,Columbia,"$97,160,109,277",0.31%,20.80%,120.80%,"$80,432,493,745"
1996CPV,1996,Cape Verde,"$501,979,069",0.00%,5.96%,105.96%,"$473,727,748"
1996CRI,1996,Costa Rica,"$11,678,424,512",0.04%,17.51%,117.51%,"$9,938,116,044"
1996CYP,1996,Cyprus,"$10,011,918,444",0.03%,2.98%,102.98%,"$9,722,298,477"
1996CZE,1996,Czech,"$67,387,788,632",0.22%,8.76%,108.76%,"$61,960,783,210"
1996DEU,1996,Germany,"$2,497,244,606,186",8.00%,1.45%,101.45%,"$2,461,558,737,520"
1996DMA,1996,Dominica,"$18,241,691,857",0.06%,1.68%,101.68%,"$17,940,795,208"
1996DMA,1996,Dominica,"$292,285,185",0.00%,1.68%,101.68%,"$287,463,942"
1996DNK,1996,Denmark,"$187,632,346,387",0.60%,2.13%,102.13%,"$183,725,788,577"
1996DZA,1996,Algeria,"$46,941,582,519",0.15%,18.68%,118.68%,"$39,553,377,189"
1996ECU,1996,Ecuador,"$25,226,393,196",0.08%,24.37%,124.37%,"$20,282,838,886"
1996EGY,1996,Egypt,"$67,629,716,981",0.22%,7.19%,107.19%,"$63,095,012,971"
1996ESP,1996,Spain,"$642,588,992,512",2.06%,3.56%,103.56%,"$620,506,137,194"
1996EST,1996,Estonia,"$4,780,170,373",0.02%,23.05%,123.05%,"$3,884,727,375"
1996ETH,1996,Ethiopia,"$8,547,939,730",0.03%,-8.48%,91.52%,"$9,340,402,726"
1996FIN,1996,Finland,"$132,129,174,216",0.42%,0.63%,100.63%,"$131,303,023,160"
1996FJI,1996,Fiji Islands,"$2,128,696,643",0.01%,3.05%,103.05%,"$2,065,689,763"
1996FRA,1996,France,"$1,605,675,086,549",5.15%,1.98%,101.98%,"$1,574,455,466,511"
1996GAB,1996,Gabon,"$5,694,040,336",0.02%,0.69%,100.69%,"$5,655,037,914"
1996GBR,1996,United Kingdom,"$1,415,390,015,600",4.54%,2.85%,102.85%,"$1,376,145,345,339"
1996GEO,1996,Georgia,"$3,095,047,603",0.01%,39.36%,139.36%,"$2,220,940,820"
1996GHA,1996,Garner,"$6,934,984,709",0.02%,46.56%,146.56%,"$4,731,807,082"
1996GMB,1996,Gambia,"$848,237,108",0.00%,1.10%,101.10%,"$839,012,263"
1996GNB,1996,Guinea Bissau,"$270,419,779",0.00%,50.73%,150.73%,"$179,401,914"
1996GNQ,1996,Equatorial Guinea,"$232,463,036",0.00%,4.54%,104.54%,"$222,366,001"
1996GRC,1996,Greece,"$145,861,612,400",0.47%,8.19%,108.19%,"$134,814,193,013"
1996GRD,1996,Grenada,"$366,911,444",0.00%,2.03%,102.03%,"$359,603,045"
1996GTM,1996,Guatemala,"$15,674,835,615",0.05%,11.06%,111.06%,"$14,114,236,290"
1996GUY,1996,Guyana,"$705,406,001",0.00%,7.09%,107.09%,"$658,674,913"
1996HKG,1996,Hong Kong,"$159,717,233,621",0.51%,6.28%,106.28%,"$150,285,920,724"
1996HND,1996,Honduras,"$4,034,037,162",0.01%,23.84%,123.84%,"$3,257,515,889"
1996HRV,1996,Croatia,"$23,846,613,059",0.08%,4.30%,104.30%,"$22,863,483,278"
1996HTI,1996,Haiti,"$2,907,514,522",0.01%,20.58%,120.58%,"$2,411,202,364"
1996HUN,1996,Hungary,"$46,658,755,151",0.15%,23.47%,123.47%,"$37,789,845,016"
1996IDN,1996,Indonesia,"$227,369,679,374",0.73%,7.97%,107.97%,"$210,579,578,180"
1996IND,1996,India,"$392,897,054,348",1.26%,8.98%,108.98%,"$360,531,584,758"
1996IRL,1996,Ireland,"$75,786,499,495",0.24%,1.75%,101.75%,"$74,480,314,286"
1996IRN,1996,Iran,"$120,403,931,885",0.39%,28.94%,128.94%,"$93,381,737,308"
1996IRQ,1996,Iraq,"$10,433,698,621",0.03%,-16.12%,83.88%,"$12,438,442,997"
1996ISL,1996,Iceland,"$7,426,081,278",0.02%,2.26%,102.26%,"$7,261,931,206"
1996ISR,1996,Israel,"$110,428,661,215",0.35%,11.40%,111.40%,"$99,131,420,124"
1996ITA,1996,Italy,"$1,312,426,527,795",4.21%,4.01%,104.01%,"$1,261,863,934,096"
1996JAM,1996,Jamaica,"$7,393,883,554",0.02%,26.41%,126.41%,"$5,849,283,378"
1996JOR,1996,Jordan,"$6,928,359,238",0.02%,6.50%,106.50%,"$6,505,427,230"
1996JPN,1996,Japan,"$4,833,712,542,207",15.49%,0.14%,100.14%,"$4,827,118,680,760"
1996KAZ,1996,Kazakhstan,"$21,035,368,250",0.07%,39.18%,139.18%,"$15,113,510,568"
1996KEN,1996,Kenya,"$12,045,858,436",0.04%,8.86%,108.86%,"$11,065,043,323"
1996KGZ,1996,Kyrgyzstan,"$1,827,570,586",0.01%,31.95%,131.95%,"$1,385,075,756"
1996KHM,1996,Cambodia,"$3,506,695,719",0.01%,7.15%,107.15%,"$3,272,671,515"
1996KNA,1996,Saint Kitts and Nevis,"$333,944,444",0.00%,2.09%,102.09%,"$327,118,867"
1996KOR,1996,South Korea,"$610,169,556,840",1.96%,4.92%,104.92%,"$581,531,771,534"
1996KWT,1996,Kuwait,"$31,493,319,973",0.10%,3.55%,103.55%,"$30,412,465,306"
1996LAO,1996,Laos,"$1,873,671,550",0.01%,13.02%,113.02%,"$1,657,758,227"
1996LBY,1996,Libya,"$27,884,615,384",0.09%,4.03%,104.03%,"$26,804,893,435"
1996LCA,1996,Saint Lucia,"$788,888,888",0.00%,0.92%,100.92%,"$781,659,765"
1996LKA,1996,Sri Lanka,"$13,897,738,375",0.04%,15.94%,115.94%,"$11,987,440,164"
1996LSO,1996,Lesotho,"$946,123,275",0.00%,9.33%,109.33%,"$865,380,548"
1996LTU,1996,Lithuania,"$8,382,519,637",0.03%,24.63%,124.63%,"$6,726,183,747"
1996LUX,1996,Luxembourg,"$21,776,609,771",0.07%,1.18%,101.18%,"$21,521,821,601"
1996LVA,1996,Latvia,"$5,969,114,344",0.02%,17.61%,117.61%,"$5,075,325,651"
1996MAC,1996,Macao,"$7,176,892,950",0.02%,4.82%,104.82%,"$6,846,711,208"
1996MAR,1996,Morocco,"$43,161,452,678",0.14%,2.99%,102.99%,"$41,909,690,184"
1996MDA,1996,Moldova,"$1,695,122,173",0.01%,23.51%,123.51%,"$1,372,505,467"
1996MDG,1996,Madagascar,"$4,931,861,239",0.02%,19.76%,119.76%,"$4,118,245,965"
1996MDV,1996,Maldives,"$450,382,327",0.00%,6.24%,106.24%,"$423,924,177"
1996MEX,1996,Mexico,"$410,975,595,310",1.32%,34.38%,134.38%,"$305,834,603,351"
1996MKD,1996,Macedonia,"$4,651,453,634",0.01%,2.47%,102.47%,"$4,539,482,749"
1996MLI,1996,Mali,"$2,780,422,212",0.01%,6.81%,106.81%,"$2,603,258,497"
1996MLT,1996,Malta,"$3,822,882,801",0.01%,2.05%,102.05%,"$3,745,941,169"
1996MNG,1996,Mongolia,"$1,345,719,472",0.00%,46.89%,146.89%,"$916,141,269"
1996MRT,1996,Mauritania,"$1,442,598,431",0.00%,4.68%,104.68%,"$1,378,086,005"
1996MUS,1996,Mauritius,"$4,421,943,910",0.01%,6.55%,106.55%,"$4,150,073,688"
1996MWI,1996,Malawi,"$2,281,034,131",0.01%,37.60%,137.60%,"$1,657,703,656"
1996MYS,1996,Malaysia,"$100,855,393,910",0.32%,3.49%,103.49%,"$97,455,597,447"
1996NER,1996,Niger,"$2,405,687,081",0.01%,5.29%,105.29%,"$2,284,844,890"
1996NGA,1996,Nigeria,"$34,987,951,375",0.11%,29.27%,129.27%,"$27,066,151,064"
1996NLD,1996,Netherlands,"$450,490,196,078",1.44%,1.95%,101.95%,"$441,876,402,719"
1996NOR,1996,Norway,"$163,520,109,150",0.52%,1.26%,101.26%,"$161,481,354,580"
1996NPL,1996,Nepal,"$4,521,580,381",0.01%,9.22%,109.22%,"$4,139,865,467"
1996NZL,1996,New Zealand,"$70,140,835,299",0.22%,2.29%,102.29%,"$68,573,443,157"
1996PAK,1996,Pakistan,"$63,320,122,807",0.20%,10.37%,110.37%,"$57,368,793,934"
1996PAN,1996,Panama,"$9,870,494,000",0.03%,1.26%,101.26%,"$9,748,085,669"
1996PER,1996,Peru,"$55,252,414,130",0.18%,11.54%,111.54%,"$49,536,877,708"
1996PHL,1996,Philippines,"$82,848,140,618",0.27%,7.48%,107.48%,"$77,085,173,081"
1996PNG,1996,Papua New Guinea,"$5,155,311,077",0.02%,11.62%,111.62%,"$4,618,453,776"
1996POL,1996,Poland,"$160,193,242,090",0.51%,19.79%,119.79%,"$133,722,848,471"
1996PRT,1996,Portugal,"$122,630,089,680",0.39%,3.07%,103.07%,"$118,978,661,536"
1996PRY,1996,Paraguay,"$9,788,391,780",0.03%,9.80%,109.80%,"$8,914,772,318"
1996QAT,1996,Qatar,"$9,059,340,384",0.03%,4.90%,104.90%,"$8,635,794,838"
1996ROU,1996,Romania,"$36,937,074,278",0.12%,38.83%,138.83%,"$26,606,108,308"
1996RUS,1996,Russia,"$391,724,890,744",1.26%,47.75%,147.75%,"$265,123,218,907"
1996RWA,1996,Rwanda,"$1,382,334,879",0.00%,7.41%,107.41%,"$1,286,953,939"
1996SAU,1996,Saudi Arabia,"$158,662,398,744",0.51%,1.22%,101.22%,"$156,746,842,783"
1996SDN,1996,Sudan,"$9,018,243,044",0.03%,132.82%,232.82%,"$3,873,420,123"
1996SEN,1996,Senegal,"$5,065,830,414",0.02%,2.75%,102.75%,"$4,930,041,942"
1996SGP,1996,Singapore,"$96,295,886,524",0.31%,1.38%,101.38%,"$94,982,112,442"
1996SLB,1996,Solomon Islands,"$510,598,923",0.00%,11.77%,111.77%,"$456,812,224"
1996SLV,1996,El Salvador,"$9,586,327,800",0.03%,9.79%,109.79%,"$8,731,598,567"
1996SRB,1996,Serbia,"$21,818,007,448",0.07%,95.60%,195.60%,"$11,154,347,723"
1996SUR,1996,Suriname,"$861,411,471",0.00%,-0.70%,99.30%,"$867,500,345"
1996SVK,1996,Slovakia,"$27,925,036,755",0.09%,5.78%,105.78%,"$26,400,206,285"
1996SVN,1996,Slovenia,"$21,507,232,648",0.07%,9.86%,109.86%,"$19,576,152,730"
1996SWE,1996,Sweden,"$291,743,811,512",0.94%,0.53%,100.53%,"$290,196,680,208"
1996SWZ,1996,Eswatini,"$1,602,760,100",0.01%,6.43%,106.43%,"$1,505,996,606"
1996SYC,1996,Seychelles,"$503,068,472",0.00%,-1.10%,98.90%,"$508,665,031"
1996SYR,1996,Syria,"$13,789,560,878",0.04%,8.25%,108.25%,"$12,738,637,301"
1996TCD,1996,Chad,"$1,607,345,450",0.01%,11.33%,111.33%,"$1,443,755,287"
1996TGO,1996,Togo,"$1,465,448,290",0.00%,4.69%,104.69%,"$1,399,831,202"
1996THA,1996,Thailand,"$183,035,114,648",0.59%,5.81%,105.81%,"$172,992,705,505"
1996TON,1996,Tonga,"$222,100,576",0.00%,3.00%,103.00%,"$215,641,509"
1996TTO,1996,Trinidad and Tobago,"$5,759,537,726",0.02%,3.40%,103.40%,"$5,569,906,126"
1996TUN,1996,Tunisia,"$19,587,322,786",0.06%,3.73%,103.73%,"$18,883,871,252"
1996TUR,1996,Turkey,"$181,475,555,282",0.58%,80.41%,180.41%,"$100,589,430,443"
1996TZA,1996,Tanzania,"$6,496,195,450",0.02%,20.98%,120.98%,"$5,369,765,747"
1996UGA,1996,Uganda,"$6,044,585,326",0.02%,7.19%,107.19%,"$5,639,045,129"
1996UKR,1996,Ukraine,"$44,558,076,851",0.14%,80.33%,180.33%,"$24,709,803,378"
1996URY,1996,Uruguay,"$20,515,543,039",0.07%,28.34%,128.34%,"$15,985,051,869"
1996USA,1996,the United States,"$8,073,122,000,000",25.88%,2.93%,102.93%,"$7,843,221,171,603"
1996VCT,1996,Saint Vincent and the Grenadines,"$331,488,888",0.00%,4.41%,104.41%,"$317,494,064"
1996VNM,1996,Vietnam,"$24,657,470,574",0.08%,5.68%,105.68%,"$23,333,305,488"
1996VUT,1996,Vanuatu,"$261,370,044",0.00%,0.91%,100.91%,"$259,022,409"
1996WSM,1996,Samoa,"$249,908,970",0.00%,5.37%,105.37%,"$237,162,393"
1996YEM,1996,Yemen,"$5,785,685,310",0.02%,30.73%,130.73%,"$4,425,548,912"
1996ZAF,1996,South Africa,"$147,607,982,694",0.47%,7.35%,107.35%,"$137,496,345,540"
1996ZMB,1996,Zambia,"$3,597,220,962",0.01%,43.07%,143.07%,"$2,514,253,911"
1997ABW,1997,Aruba,"$1,531,944,134",0.00%,3.00%,103.00%,"$1,487,325,151"
1997AGO,1997,Angola,"$7,649,716,157",0.02%,219.18%,319.18%,"$2,396,702,406"
1997ALB,1997,Albania,"$2,258,515,610",0.01%,33.18%,133.18%,"$1,695,833,426"
1997ARM,1997,Armenia,"$1,639,492,444",0.01%,13.96%,113.96%,"$1,438,646,412"
1997AUS,1997,Australia,"$434,568,007,512",1.40%,0.22%,100.22%,"$433,592,911,011"
1997AUT,1997,Austria,"$212,790,348,404",0.68%,1.31%,101.31%,"$210,047,177,278"
1997AZE,1997,Azerbaijan,"$3,962,238,113",0.01%,3.67%,103.67%,"$3,821,811,456"
1997BDI,1997,Burundi,"$972,896,267",0.00%,31.11%,131.11%,"$742,036,816"
1997BEL,1997,Belgium,"$252,708,051,420",0.81%,1.63%,101.63%,"$248,659,476,064"
1997BEN,1997,Benin,"$2,268,301,645",0.01%,3.47%,103.47%,"$2,192,309,704"
1997BFA,1997,Burkina Faso,"$2,447,668,984",0.01%,2.32%,102.32%,"$2,392,201,238"
1997BGD,1997,Bangladesh,"$48,244,309,133",0.16%,5.31%,105.31%,"$45,813,621,164"
1997BGR,1997,Bulgaria,"$11,315,986,087",0.04%,1058.37%,1158.37%,"$976,885,738"
1997BHR,1997,Bahrain,"$6,349,202,393",0.02%,2.43%,102.43%,"$6,198,483,094"
1997BHS,1997,Bahamas,"$6,332,360,000",0.02%,0.54%,100.54%,"$6,298,088,925"
1997BLR,1997,Belarus,"$14,108,846,153",0.05%,63.94%,163.94%,"$8,606,241,803"
1997BOL,1997,Bolivia,"$7,925,673,448",0.03%,4.71%,104.71%,"$7,569,278,196"
1997BRA,1997,Brazil,"$883,199,625,324",2.84%,6.93%,106.93%,"$825,985,952,941"
1997BRB,1997,Barbados,"$2,498,384,129",0.01%,7.71%,107.71%,"$2,319,535,448"
1997BRN,1997,Brunei,"$5,197,332,974",0.02%,1.71%,101.71%,"$5,109,874,405"
1997BTN,1997,Bhutan,"$352,260,952",0.00%,6.51%,106.51%,"$330,720,200"
1997BWA,1997,Botswana,"$5,020,214,747",0.02%,8.72%,108.72%,"$4,617,566,152"
1997CAF,1997,Central Africa,"$937,741,468",0.00%,1.61%,101.61%,"$922,871,121"
1997CAN,1997,Canada,"$654,986,999,855",2.11%,1.62%,101.62%,"$644,537,649,893"
1997CHE,1997,Switzerland,"$295,121,356,714",0.95%,0.52%,100.52%,"$293,594,006,054"
1997CHL,1997,Chile,"$84,952,360,922",0.27%,6.13%,106.13%,"$80,042,652,934"
1997CHN,1997,China,"$961,603,952,954",3.09%,2.79%,102.79%,"$935,535,580,915"
1997CIV,1997,C ô te d'Ivoire,"$11,722,142,706",0.04%,4.02%,104.02%,"$11,269,033,645"
1997CMR,1997,Cameroon,"$10,043,438,502",0.03%,4.79%,104.79%,"$9,584,692,241"
1997COD,1997,Congo (gold),"$6,091,061,291",0.02%,198.52%,298.52%,"$2,040,442,340"
1997COL,1997,Columbia,"$106,659,508,271",0.34%,18.46%,118.46%,"$90,036,463,922"
1997CPV,1997,Cape Verde,"$490,608,657",0.00%,8.56%,108.56%,"$451,940,357"
1997CRI,1997,Costa Rica,"$12,614,602,386",0.04%,13.25%,113.25%,"$11,138,914,132"
1997CYP,1997,Cyprus,"$9,547,818,700",0.03%,3.61%,103.61%,"$9,215,565,810"
1997CZE,1997,Czech,"$62,180,159,376",0.20%,8.60%,108.60%,"$57,258,158,377"
1997DEU,1997,Germany,"$2,211,989,623,279",7.12%,1.94%,101.94%,"$2,169,907,108,270"
1997DMA,1997,Dominica,"$20,017,480,054",0.06%,2.44%,102.44%,"$19,541,393,637"
1997DMA,1997,Dominica,"$302,988,888",0.00%,2.44%,102.44%,"$295,782,741"
1997DNK,1997,Denmark,"$173,537,647,058",0.56%,2.18%,102.18%,"$169,831,637,485"
1997DZA,1997,Algeria,"$48,177,612,042",0.16%,5.73%,105.73%,"$45,565,125,220"
1997ECU,1997,Ecuador,"$28,162,053,026",0.09%,30.64%,130.64%,"$21,556,499,254"
1997EGY,1997,Egypt,"$78,436,578,171",0.25%,4.63%,104.63%,"$74,968,816,267"
1997ESP,1997,Spain,"$590,077,272,727",1.90%,1.97%,101.97%,"$578,671,234,728"
1997EST,1997,Estonia,"$5,147,710,775",0.02%,10.58%,110.58%,"$4,655,112,415"
1997ETH,1997,Ethiopia,"$8,589,211,390",0.03%,2.40%,102.40%,"$8,388,294,164"
1997FIN,1997,Finland,"$126,912,152,101",0.41%,1.19%,101.19%,"$125,416,486,709"
1997FJI,1997,Fiji Islands,"$2,090,184,941",0.01%,3.37%,103.37%,"$2,022,078,505"
1997FRA,1997,France,"$1,452,884,917,959",4.67%,1.20%,101.20%,"$1,435,601,099,871"
1997GAB,1997,Gabon,"$5,326,816,858",0.02%,3.97%,103.97%,"$5,123,247,189"
1997GBR,1997,United Kingdom,"$1,558,202,357,563",5.01%,2.20%,102.20%,"$1,524,642,787,512"
1997GEO,1997,Georgia,"$3,510,520,231",0.01%,7.09%,107.09%,"$3,278,175,674"
1997GHA,1997,Garner,"$6,891,308,593",0.02%,27.89%,127.89%,"$5,388,667,436"
1997GMB,1997,Gambia,"$803,630,742",0.00%,2.78%,102.78%,"$781,884,745"
1997GNB,1997,Guinea Bissau,"$268,550,998",0.00%,49.10%,149.10%,"$180,113,571"
1997GNQ,1997,Equatorial Guinea,"$442,337,849",0.00%,3.02%,103.02%,"$429,385,415"
1997GRC,1997,Greece,"$143,157,600,149",0.46%,5.54%,105.54%,"$135,648,116,785"
1997GRD,1997,Grenada,"$392,190,592",0.00%,1.24%,101.24%,"$387,369,669"
1997GTM,1997,Guatemala,"$17,790,026,221",0.06%,9.23%,109.23%,"$16,286,325,586"
1997GUY,1997,Guyana,"$749,138,009",0.00%,3.56%,103.56%,"$723,415,726"
1997HKG,1997,Hong Kong,"$177,352,785,419",0.57%,5.78%,105.78%,"$167,667,257,089"
1997HND,1997,Honduras,"$5,737,099,650",0.02%,20.20%,120.20%,"$4,772,966,730"
1997HRV,1997,Croatia,"$23,869,311,078",0.08%,4.17%,104.17%,"$22,913,659,875"
1997HTI,1997,Haiti,"$3,338,938,830",0.01%,20.56%,120.56%,"$2,769,547,381"
1997HUN,1997,Hungary,"$47,296,952,928",0.15%,18.31%,118.31%,"$39,978,803,246"
1997IDN,1997,Indonesia,"$215,748,998,609",0.69%,6.23%,106.23%,"$203,103,487,795"
1997IND,1997,India,"$415,867,753,863",1.34%,7.16%,107.16%,"$388,065,745,485"
1997IRL,1997,Ireland,"$82,821,063,753",0.27%,1.53%,101.53%,"$81,576,527,986"
1997IRN,1997,Iran,"$113,919,163,421",0.37%,17.35%,117.35%,"$97,077,047,329"
1997IRQ,1997,Iraq,"$20,764,857,056",0.07%,23.06%,123.06%,"$16,873,327,778"
1997ISL,1997,Iceland,"$7,569,666,973",0.02%,1.82%,101.82%,"$7,434,695,226"
1997ISR,1997,Israel,"$114,976,879,747",0.37%,8.96%,108.96%,"$105,525,354,127"
1997ITA,1997,Italy,"$1,241,879,604,365",4.00%,2.04%,102.04%,"$1,217,014,682,484"
1997JAM,1997,Jamaica,"$8,400,033,893",0.03%,9.66%,109.66%,"$7,660,241,992"
1997JOR,1997,Jordan,"$7,246,188,575",0.02%,3.04%,103.04%,"$7,032,547,913"
1997JPN,1997,Japan,"$4,414,732,843,544",14.20%,1.75%,101.75%,"$4,338,897,395,834"
1997KAZ,1997,Kazakhstan,"$22,165,932,062",0.07%,17.41%,117.41%,"$18,879,398,602"
1997KEN,1997,Kenya,"$13,115,773,737",0.04%,11.36%,111.36%,"$11,777,618,924"
1997KGZ,1997,Kyrgyzstan,"$1,767,864,035",0.01%,23.44%,123.44%,"$1,432,217,691"
1997KHM,1997,Cambodia,"$3,443,413,388",0.01%,7.96%,107.96%,"$3,189,520,714"
1997KNA,1997,Saint Kitts and Nevis,"$374,641,307",0.00%,8.91%,108.91%,"$344,006,865"
1997KOR,1997,South Korea,"$569,754,543,829",1.83%,4.44%,104.44%,"$545,538,463,252"
1997KWT,1997,Kuwait,"$30,355,093,966",0.10%,0.68%,100.68%,"$30,149,417,224"
1997LAO,1997,Laos,"$1,747,011,857",0.01%,27.51%,127.51%,"$1,370,110,142"
1997LBY,1997,Libya,"$30,698,633,109",0.10%,3.55%,103.55%,"$29,646,108,545"
1997LCA,1997,Saint Lucia,"$805,925,925",0.00%,-0.01%,99.99%,"$805,970,417"
1997LKA,1997,Sri Lanka,"$15,091,913,883",0.05%,9.57%,109.57%,"$13,773,299,978"
1997LTU,1997,Lithuania,"$10,118,631,851",0.03%,8.88%,108.88%,"$9,293,290,239"
1997LUX,1997,Luxembourg,"$19,731,912,494",0.06%,1.37%,101.37%,"$19,465,716,368"
1997LVA,1997,Latvia,"$6,521,609,000",0.02%,8.45%,108.45%,"$6,013,615,815"
1997MAC,1997,Macao,"$7,267,563,602",0.02%,3.49%,103.49%,"$7,022,415,491"
1997MDA,1997,Moldova,"$1,930,081,168",0.01%,11.77%,111.77%,"$1,726,789,172"
1997MDG,1997,Madagascar,"$4,262,965,281",0.01%,4.49%,104.49%,"$4,079,924,268"
1997MDV,1997,Maldives,"$508,223,602",0.00%,7.57%,107.57%,"$472,446,044"
1997MEX,1997,Mexico,"$500,413,483,109",1.61%,20.63%,120.63%,"$414,848,393,644"
1997MKD,1997,Macedonia,"$3,928,975,903",0.01%,1.29%,101.29%,"$3,878,770,461"
1997MLI,1997,Mali,"$2,697,105,694",0.01%,-0.36%,99.64%,"$2,706,931,851"
1997MLT,1997,Malta,"$3,793,418,418",0.01%,3.11%,103.11%,"$3,678,927,333"
1997MNG,1997,Mongolia,"$1,180,934,202",0.00%,36.56%,136.56%,"$864,797,745"
1997MRT,1997,Mauritania,"$1,401,946,856",0.00%,4.63%,104.63%,"$1,339,968,657"
1997MUS,1997,Mauritius,"$4,187,367,601",0.01%,6.83%,106.83%,"$3,919,532,488"
1997MWI,1997,Malawi,"$2,663,234,933",0.01%,9.14%,109.14%,"$2,440,259,795"
1997MYS,1997,Malaysia,"$100,005,323,301",0.32%,2.66%,102.66%,"$97,411,721,984"
1997NER,1997,Niger,"$2,290,318,800",0.01%,2.93%,102.93%,"$2,225,048,071"
1997NGA,1997,Nigeria,"$35,822,342,617",0.12%,8.53%,108.53%,"$33,006,895,914"
1997NLD,1997,Netherlands,"$416,812,740,004",1.34%,2.11%,102.11%,"$408,202,741,529"
1997NOR,1997,Norway,"$161,356,631,888",0.52%,2.57%,102.57%,"$157,318,389,402"
1997NPL,1997,Nepal,"$4,918,691,916",0.02%,4.01%,104.01%,"$4,729,057,259"
1997NZL,1997,New Zealand,"$66,075,143,415",0.21%,1.19%,101.19%,"$65,299,936,311"
1997PAK,1997,Pakistan,"$62,433,300,338",0.20%,11.38%,111.38%,"$56,056,587,242"
1997PAN,1997,Panama,"$10,677,286,100",0.03%,1.32%,101.32%,"$10,537,729,550"
1997PER,1997,Peru,"$58,147,522,522",0.19%,8.56%,108.56%,"$53,561,486,550"
1997PHL,1997,Philippines,"$82,344,260,570",0.26%,5.59%,105.59%,"$77,984,712,833"
1997PNG,1997,Papua New Guinea,"$4,936,615,298",0.02%,3.96%,103.96%,"$4,748,371,885"
1997POL,1997,Poland,"$159,357,789,772",0.51%,14.91%,114.91%,"$138,676,711,788"
1997PRT,1997,Portugal,"$117,016,535,162",0.38%,2.34%,102.34%,"$114,344,461,762"
1997PRY,1997,Paraguay,"$9,965,225,678",0.03%,6.95%,106.95%,"$9,317,686,871"
1997QAT,1997,Qatar,"$11,297,802,115",0.04%,4.83%,104.83%,"$10,776,798,871"
1997ROU,1997,Romania,"$35,574,916,294",0.11%,154.76%,254.76%,"$13,963,899,472"
1997RUS,1997,Russia,"$404,928,954,191",1.30%,14.76%,114.76%,"$352,844,426,574"
1997RWA,1997,Rwanda,"$1,851,558,301",0.01%,12.02%,112.02%,"$1,652,949,442"
1997SAU,1997,Saudi Arabia,"$165,963,557,409",0.53%,0.06%,100.06%,"$165,868,755,613"
1997SDN,1997,Sudan,"$11,681,494,637",0.04%,47.17%,147.17%,"$7,937,494,575"
1997SEN,1997,Senegal,"$4,672,503,920",0.02%,1.75%,101.75%,"$4,591,998,617"
1997SGP,1997,Singapore,"$100,124,191,810",0.32%,2.00%,102.00%,"$98,157,521,274"
1997SLB,1997,Solomon Islands,"$526,514,030",0.00%,8.08%,108.08%,"$487,134,103"
1997SLV,1997,El Salvador,"$10,221,705,900",0.03%,4.49%,104.49%,"$9,782,460,110"
1997SRB,1997,Serbia,"$25,676,487,999",0.08%,23.31%,123.31%,"$20,823,073,826"
1997SUR,1997,Suriname,"$926,422,500",0.00%,7.15%,107.15%,"$864,642,806"
1997SVK,1997,Slovakia,"$27,706,028,095",0.09%,6.14%,106.14%,"$26,102,796,920"
1997SVN,1997,Slovenia,"$20,763,101,740",0.07%,8.36%,108.36%,"$19,161,280,061"
1997SWE,1997,Sweden,"$268,146,144,677",0.86%,0.66%,100.66%,"$266,392,191,169"
1997SWZ,1997,Eswatini,"$1,716,699,913",0.01%,7.13%,107.13%,"$1,602,515,444"
1997SYC,1997,Seychelles,"$562,958,836",0.00%,0.62%,100.62%,"$559,500,858"
1997SYR,1997,Syria,"$14,505,233,968",0.05%,1.89%,101.89%,"$14,236,713,693"
1997TCD,1997,Chad,"$1,544,689,502",0.00%,5.57%,105.57%,"$1,463,158,546"
1997TGO,1997,Togo,"$1,498,950,899",0.00%,8.25%,108.25%,"$1,384,701,593"
1997THA,1997,Thailand,"$150,180,619,366",0.48%,5.63%,105.63%,"$142,181,761,427"
1997TON,1997,Tonga,"$214,991,452",0.00%,2.12%,102.12%,"$210,518,499"
1997TTO,1997,Trinidad and Tobago,"$5,737,751,331",0.02%,3.63%,103.63%,"$5,536,976,213"
1997TUN,1997,Tunisia,"$20,746,360,430",0.07%,3.65%,103.65%,"$20,015,393,031"
1997TUR,1997,Turkey,"$189,834,649,111",0.61%,85.67%,185.67%,"$102,243,389,768"
1997TZA,1997,Tanzania,"$7,683,852,496",0.02%,16.09%,116.09%,"$6,618,838,097"
1997UGA,1997,Uganda,"$6,269,333,313",0.02%,8.17%,108.17%,"$5,795,867,643"
1997UKR,1997,Ukraine,"$50,150,401,353",0.16%,15.94%,115.94%,"$43,255,254,508"
1997URY,1997,Uruguay,"$23,969,823,010",0.08%,19.82%,119.82%,"$20,005,058,593"
1997USA,1997,the United States,"$8,577,554,457,000",27.60%,2.34%,102.34%,"$8,381,618,211,512"
1997VCT,1997,Saint Vincent and the Grenadines,"$347,770,370",0.00%,0.44%,100.44%,"$346,234,419"
1997VNM,1997,Vietnam,"$26,843,700,441",0.09%,3.21%,103.21%,"$26,008,936,835"
1997VUT,1997,Vanuatu,"$272,771,209",0.00%,2.83%,102.83%,"$265,262,420"
1997WSM,1997,Samoa,"$285,475,591",0.00%,6.86%,106.86%,"$267,144,600"
1997YEM,1997,Yemen,"$6,838,557,384",0.02%,2.18%,102.18%,"$6,692,871,857"
1997ZAF,1997,South Africa,"$152,586,154,513",0.49%,8.60%,108.60%,"$140,505,773,520"
1997ZMB,1997,Zambia,"$4,303,281,932",0.01%,24.42%,124.42%,"$3,458,709,331"
1998ABW,1998,Aruba,"$1,665,100,558",0.01%,1.87%,101.87%,"$1,634,542,965"
1998AGO,1998,Angola,"$6,506,619,144",0.02%,107.28%,207.28%,"$3,138,975,202"
1998ALB,1998,Albania,"$2,545,967,253",0.01%,20.64%,120.64%,"$2,110,333,986"
1998ARM,1998,Armenia,"$1,893,726,437",0.01%,8.67%,108.67%,"$1,742,599,715"
1998AUS,1998,Australia,"$398,899,138,574",1.29%,0.86%,100.86%,"$395,497,329,086"
1998AUT,1998,Austria,"$218,259,904,401",0.70%,0.92%,100.92%,"$216,264,931,351"
1998AZE,1998,Azerbaijan,"$4,446,368,570",0.01%,-0.77%,99.23%,"$4,480,993,109"
1998BDI,1998,Burundi,"$893,770,806",0.00%,12.50%,112.50%,"$794,460,038"
1998BEL,1998,Belgium,"$258,528,339,631",0.83%,0.95%,100.95%,"$256,097,334,942"
1998BEN,1998,Benin,"$2,455,092,688",0.01%,5.75%,105.75%,"$2,321,527,886"
1998BFA,1998,Burkina Faso,"$2,804,902,248",0.01%,5.08%,105.08%,"$2,669,191,645"
1998BGD,1998,Bangladesh,"$49,984,559,471",0.16%,8.40%,108.40%,"$46,110,265,262"
1998BGR,1998,Bulgaria,"$15,030,695,296",0.05%,18.67%,118.67%,"$12,665,725,194"
1998BHR,1998,Bahrain,"$6,183,776,595",0.02%,-0.37%,99.63%,"$6,206,525,613"
1998BHS,1998,Bahamas,"$6,833,220,000",0.02%,1.34%,101.34%,"$6,743,090,945"
1998BLR,1998,Belarus,"$15,264,369,565",0.05%,72.87%,172.87%,"$8,829,984,699"
1998BOL,1998,Bolivia,"$8,497,545,598",0.03%,7.67%,107.67%,"$7,891,976,195"
1998BRA,1998,Brazil,"$863,723,411,632",2.78%,3.20%,103.20%,"$836,981,222,999"
1998BRB,1998,Barbados,"$2,817,083,478",0.01%,-1.27%,98.73%,"$2,853,288,473"
1998BRN,1998,Brunei,"$4,051,147,227",0.01%,-0.44%,99.56%,"$4,069,107,425"
1998BTN,1998,Bhutan,"$363,452,787",0.00%,10.58%,110.58%,"$328,687,448"
1998BWA,1998,Botswana,"$4,790,458,837",0.02%,6.66%,106.66%,"$4,491,276,973"
1998CAF,1998,Central Africa,"$967,338,348",0.00%,-1.89%,98.11%,"$985,925,016"
1998CAN,1998,Canada,"$634,000,000,000",2.04%,1.00%,101.00%,"$627,747,991,232"
1998CHE,1998,Switzerland,"$303,882,354,117",0.98%,0.02%,100.02%,"$303,827,852,146"
1998CHL,1998,Chile,"$81,577,430,181",0.26%,5.11%,105.11%,"$77,611,299,121"
1998CHN,1998,China,"$1,029,043,097,558",3.32%,-0.77%,99.23%,"$1,037,061,512,105"
1998CIV,1998,C ô te d'Ivoire,"$12,612,033,728",0.04%,4.61%,104.61%,"$12,056,074,185"
1998CMR,1998,Cameroon,"$10,831,221,907",0.03%,3.17%,103.17%,"$10,498,345,425"
1998COD,1998,Congo (gold),"$6,215,716,712",0.02%,29.15%,129.15%,"$4,812,833,243"
1998COL,1998,Columbia,"$98,443,739,941",0.32%,18.68%,118.68%,"$82,948,009,493"
1998CPV,1998,Cape Verde,"$521,910,560",0.00%,4.39%,104.39%,"$499,941,936"
1998CRI,1998,Costa Rica,"$13,684,255,950",0.04%,11.66%,111.66%,"$12,255,366,081"
1998CYP,1998,Cyprus,"$10,248,617,647",0.03%,2.23%,102.23%,"$10,025,283,668"
1998CZE,1998,Czech,"$66,807,429,711",0.22%,10.70%,110.70%,"$60,350,872,744"
1998DEU,1998,Germany,"$2,238,990,774,702",7.21%,0.91%,100.91%,"$2,218,773,635,473"
1998DMA,1998,Dominica,"$21,672,231,760",0.07%,1.00%,101.00%,"$21,457,836,334"
1998DMA,1998,Dominica,"$322,411,111",0.00%,1.00%,101.00%,"$319,221,616"
1998DNK,1998,Denmark,"$176,991,934,992",0.57%,1.85%,101.85%,"$173,784,479,624"
1998DZA,1998,Algeria,"$48,187,747,528",0.16%,4.95%,104.95%,"$45,914,886,434"
1998ECU,1998,Ecuador,"$27,981,896,948",0.09%,36.10%,136.10%,"$20,560,043,417"
1998EGY,1998,Egypt,"$84,828,807,556",0.27%,3.87%,103.87%,"$81,666,221,500"
1998ESP,1998,Spain,"$619,214,834,614",2.00%,1.83%,101.83%,"$608,060,989,472"
1998EST,1998,Estonia,"$5,665,917,232",0.02%,8.21%,108.21%,"$5,236,119,121"
1998ETH,1998,Ethiopia,"$7,818,224,905",0.03%,0.89%,100.89%,"$7,748,887,726"
1998FIN,1998,Finland,"$134,038,718,291",0.43%,1.40%,101.40%,"$132,188,771,092"
1998FJI,1998,Fiji Islands,"$1,653,160,861",0.01%,5.71%,105.71%,"$1,563,839,337"
1998FRA,1998,France,"$1,503,108,739,159",4.84%,0.65%,100.65%,"$1,493,384,908,775"
1998GAB,1998,Gabon,"$4,483,417,119",0.01%,1.45%,101.45%,"$4,419,391,688"
1998GBR,1998,United Kingdom,"$1,651,618,085,458",5.32%,1.82%,101.82%,"$1,622,086,991,964"
1998GEO,1998,Georgia,"$3,613,541,516",0.01%,3.57%,103.57%,"$3,489,092,299"
1998GHA,1998,Garner,"$7,480,968,858",0.02%,14.62%,114.62%,"$6,526,519,734"
1998GMB,1998,Gambia,"$840,285,264",0.00%,1.11%,101.11%,"$831,026,068"
1998GNB,1998,Guinea Bissau,"$206,457,544",0.00%,8.01%,108.01%,"$191,140,048"
1998GNQ,1998,Equatorial Guinea,"$370,687,618",0.00%,7.94%,107.94%,"$343,433,712"
1998GRC,1998,Greece,"$144,428,172,489",0.47%,4.77%,104.77%,"$137,857,569,547"
1998GRD,1998,Grenada,"$445,903,592",0.00%,1.38%,101.38%,"$439,843,892"
1998GTM,1998,Guatemala,"$19,395,491,992",0.06%,6.61%,106.61%,"$18,192,348,193"
1998GUY,1998,Guyana,"$717,530,683",0.00%,4.59%,104.59%,"$686,064,564"
1998HKG,1998,Hong Kong,"$168,886,163,221",0.54%,2.91%,102.91%,"$164,106,366,149"
1998HND,1998,Honduras,"$6,366,340,265",0.02%,13.67%,113.67%,"$5,600,814,856"
1998HRV,1998,Croatia,"$25,562,732,258",0.08%,6.40%,106.40%,"$24,025,872,490"
1998HTI,1998,Haiti,"$3,723,909,226",0.01%,5.27%,105.27%,"$3,537,516,241"
1998HUN,1998,Hungary,"$48,706,787,306",0.16%,14.15%,114.15%,"$42,667,691,940"
1998IDN,1998,Indonesia,"$95,445,547,872",0.31%,58.45%,158.45%,"$60,236,616,421"
1998IND,1998,India,"$421,351,477,504",1.36%,13.23%,113.23%,"$372,117,244,118"
1998IRL,1998,Ireland,"$90,121,737,131",0.29%,2.42%,102.42%,"$87,996,173,826"
1998IRN,1998,Iran,"$110,276,913,362",0.36%,17.87%,117.87%,"$93,561,152,320"
1998IRQ,1998,Iraq,"$20,617,405,044",0.07%,14.77%,114.77%,"$17,964,298,480"
1998ISL,1998,Iceland,"$8,503,693,098",0.03%,1.66%,101.66%,"$8,364,899,201"
1998ISR,1998,Israel,"$116,207,999,000",0.37%,5.50%,105.50%,"$110,153,073,200"
1998ITA,1998,Italy,"$1,270,052,525,928",4.09%,1.96%,101.96%,"$1,245,698,062,770"
1998JAM,1998,Jamaica,"$8,787,195,622",0.03%,8.63%,108.63%,"$8,088,964,600"
1998JOR,1998,Jordan,"$7,912,327,362",0.03%,3.09%,103.09%,"$7,675,040,687"
1998JPN,1998,Japan,"$4,032,509,760,872",12.99%,0.66%,100.66%,"$4,005,991,133,475"
1998KAZ,1998,Kazakhstan,"$22,135,254,836",0.07%,7.15%,107.15%,"$20,658,902,201"
1998KEN,1998,Kenya,"$14,093,998,843",0.05%,6.72%,106.72%,"$13,206,219,146"
1998KGZ,1998,Kyrgyzstan,"$1,645,963,749",0.01%,10.46%,110.46%,"$1,490,134,666"
1998KHM,1998,Cambodia,"$3,120,425,502",0.01%,14.81%,114.81%,"$2,717,986,704"
1998KNA,1998,Saint Kitts and Nevis,"$383,257,331",0.00%,3.45%,103.45%,"$370,488,953"
1998KOR,1998,South Korea,"$383,330,931,042",1.24%,7.51%,107.51%,"$356,541,871,969"
1998KWT,1998,Kuwait,"$25,939,960,629",0.08%,0.13%,100.13%,"$25,906,370,872"
1998LAO,1998,Laos,"$1,280,177,838",0.00%,90.98%,190.98%,"$670,317,789"
1998LBY,1998,Libya,"$27,249,786,142",0.09%,3.71%,103.71%,"$26,275,168,368"
1998LCA,1998,Saint Lucia,"$877,407,407",0.00%,3.20%,103.20%,"$850,184,965"
1998LKA,1998,Sri Lanka,"$15,794,972,847",0.05%,9.36%,109.36%,"$14,442,538,450"
1998LTU,1998,Lithuania,"$11,239,547,690",0.04%,5.07%,105.07%,"$10,697,448,715"
1998LUX,1998,Luxembourg,"$20,209,122,027",0.07%,0.96%,100.96%,"$20,017,242,721"
1998LVA,1998,Latvia,"$7,159,169,546",0.02%,4.64%,104.64%,"$6,841,438,486"
1998MAC,1998,Macao,"$6,797,764,074",0.02%,0.17%,100.17%,"$6,786,049,291"
1998MDA,1998,Moldova,"$1,698,717,504",0.01%,7.70%,107.70%,"$1,577,329,899"
1998MDG,1998,Madagascar,"$4,401,967,499",0.01%,6.21%,106.21%,"$4,144,665,969"
1998MDV,1998,Maldives,"$540,096,397",0.00%,-1.40%,98.60%,"$547,788,733"
1998MEX,1998,Mexico,"$526,502,129,378",1.70%,15.93%,115.93%,"$454,161,492,819"
1998MKD,1998,Macedonia,"$3,756,208,791",0.01%,0.54%,100.54%,"$3,735,878,155"
1998MLI,1998,Mali,"$2,920,358,586",0.01%,4.04%,104.04%,"$2,807,049,521"
1998MLT,1998,Malta,"$4,010,571,223",0.01%,2.39%,102.39%,"$3,917,137,644"
1998MNG,1998,Mongolia,"$1,124,440,248",0.00%,9.36%,109.36%,"$1,028,228,476"
1998MRT,1998,Mauritania,"$1,375,115,531",0.00%,8.03%,108.03%,"$1,272,881,900"
1998MUS,1998,Mauritius,"$4,169,664,285",0.01%,6.81%,106.81%,"$3,903,785,524"
1998MWI,1998,Malawi,"$1,750,584,265",0.01%,29.75%,129.75%,"$1,349,211,917"
1998MYS,1998,Malaysia,"$72,167,498,980",0.23%,5.27%,105.27%,"$68,554,445,257"
1998NER,1998,Niger,"$2,076,737,356",0.01%,4.55%,104.55%,"$1,986,395,763"
1998NGA,1998,Nigeria,"$32,004,613,750",0.10%,10.00%,110.00%,"$29,096,061,430"
1998NLD,1998,Netherlands,"$438,008,220,395",1.41%,1.96%,101.96%,"$429,591,928,876"
1998NOR,1998,Norway,"$154,163,364,302",0.50%,2.25%,102.25%,"$150,767,458,025"
1998NPL,1998,Nepal,"$4,856,255,044",0.02%,11.24%,111.24%,"$4,365,390,155"
1998NZL,1998,New Zealand,"$56,227,169,851",0.18%,1.27%,101.27%,"$55,524,647,525"
1998PAK,1998,Pakistan,"$62,191,955,814",0.20%,6.23%,106.23%,"$58,545,725,592"
1998PAN,1998,Panama,"$11,575,486,400",0.04%,0.56%,100.56%,"$11,511,129,827"
1998PER,1998,Peru,"$55,501,467,877",0.18%,7.25%,107.25%,"$51,750,671,455"
1998PHL,1998,Philippines,"$72,207,028,767",0.23%,9.23%,109.23%,"$66,102,505,773"
1998PNG,1998,Papua New Guinea,"$3,789,443,014",0.01%,13.57%,113.57%,"$3,336,535,312"
1998POL,1998,Poland,"$174,685,791,563",0.56%,11.60%,111.60%,"$156,531,495,063"
1998PRT,1998,Portugal,"$123,946,327,916",0.40%,2.57%,102.57%,"$120,837,478,947"
1998PRY,1998,Paraguay,"$9,260,481,572",0.03%,11.55%,111.55%,"$8,301,398,696"
1998QAT,1998,Qatar,"$10,255,495,027",0.03%,2.95%,102.95%,"$9,961,492,640"
1998ROU,1998,Romania,"$41,694,118,972",0.13%,59.10%,159.10%,"$26,206,797,312"
1998RUS,1998,Russia,"$270,955,486,862",0.87%,27.69%,127.69%,"$212,205,070,502"
1998RWA,1998,Rwanda,"$1,989,343,495",0.01%,6.21%,106.21%,"$1,873,027,246"
1998SAU,1998,Saudi Arabia,"$146,775,498,080",0.47%,-0.37%,99.63%,"$147,322,461,793"
1998SDN,1998,Sudan,"$11,250,327,988",0.04%,24.62%,124.62%,"$9,027,570,535"
1998SEN,1998,Senegal,"$5,030,344,074",0.02%,1.16%,101.16%,"$4,972,819,458"
1998SGP,1998,Singapore,"$85,728,310,229",0.28%,-0.27%,99.73%,"$85,958,250,520"
1998SLB,1998,Solomon Islands,"$457,679,209",0.00%,12.40%,112.40%,"$407,189,706"
1998SLV,1998,El Salvador,"$10,936,669,900",0.04%,2.55%,102.55%,"$10,665,025,330"
1998SRB,1998,Serbia,"$19,457,979,423",0.06%,30.16%,130.16%,"$14,949,311,848"
1998SUR,1998,Suriname,"$1,110,850,000",0.00%,18.98%,118.98%,"$933,680,650"
1998SVK,1998,Slovakia,"$29,856,000,671",0.10%,6.67%,106.67%,"$27,990,267,088"
1998SVN,1998,Slovenia,"$22,146,231,967",0.07%,7.89%,107.89%,"$20,526,455,147"
1998SWE,1998,Sweden,"$270,809,066,780",0.87%,-0.27%,99.73%,"$271,534,423,931"
1998SWZ,1998,Eswatini,"$1,576,904,292",0.01%,8.11%,108.11%,"$1,458,611,408"
1998SYC,1998,Seychelles,"$608,369,282",0.00%,2.58%,102.58%,"$593,068,977"
1998SYR,1998,Syria,"$15,200,846,138",0.05%,-0.80%,99.20%,"$15,322,995,794"
1998TCD,1998,Chad,"$1,744,794,457",0.01%,4.26%,104.26%,"$1,673,521,661"
1998TGO,1998,Togo,"$1,587,345,950",0.01%,0.98%,100.98%,"$1,572,013,499"
1998THA,1998,Thailand,"$113,675,561,057",0.37%,7.99%,107.99%,"$105,260,286,657"
1998TON,1998,Tonga,"$191,504,892",0.00%,3.27%,103.27%,"$185,432,990"
1998TTO,1998,Trinidad and Tobago,"$6,043,694,330",0.02%,5.61%,105.61%,"$5,722,506,678"
1998TUN,1998,Tunisia,"$21,803,372,266",0.07%,3.13%,103.13%,"$21,142,589,020"
1998TUR,1998,Turkey,"$275,967,393,939",0.89%,84.64%,184.64%,"$149,461,322,550"
1998TZA,1998,Tanzania,"$9,345,174,219",0.03%,12.80%,112.80%,"$8,284,746,982"
1998UGA,1998,Uganda,"$6,584,815,846",0.02%,0.07%,100.07%,"$6,580,288,333"
1998UKR,1998,Ukraine,"$41,883,242,906",0.13%,10.58%,110.58%,"$37,876,938,122"
1998URY,1998,Uruguay,"$25,385,928,188",0.08%,10.81%,110.81%,"$22,909,198,618"
1998USA,1998,the United States,"$9,062,818,202,000",29.20%,1.55%,101.55%,"$8,924,288,339,373"
1998VCT,1998,Saint Vincent and the Grenadines,"$373,618,518",0.00%,2.14%,102.14%,"$365,781,981"
1998VNM,1998,Vietnam,"$27,209,602,050",0.09%,7.27%,107.27%,"$25,366,427,212"
1998VUT,1998,Vanuatu,"$262,293,410",0.00%,3.28%,103.28%,"$253,958,099"
1998WSM,1998,Samoa,"$269,481,523",0.00%,2.22%,102.22%,"$263,631,966"
1998YEM,1998,Yemen,"$6,325,141,675",0.02%,5.98%,105.98%,"$5,968,437,499"
1998ZAF,1998,South Africa,"$137,774,361,015",0.44%,6.88%,106.88%,"$128,904,993,176"
1998ZMB,1998,Zambia,"$3,537,683,046",0.01%,24.46%,124.46%,"$2,842,460,970"
1999ABW,1999,Aruba,"$1,722,798,882",0.01%,2.28%,102.28%,"$1,684,388,557"
1999AGO,1999,Angola,"$6,152,936,539",0.02%,248.20%,348.20%,"$1,767,090,450"
1999ALB,1999,Albania,"$3,212,119,044",0.01%,0.39%,100.39%,"$3,199,658,370"
1999ARM,1999,Armenia,"$1,845,482,173",0.01%,0.65%,100.65%,"$1,833,595,965"
1999ATG,1999,Antigua and Barbuda,"$766,200,000",0.00%,1.12%,101.12%,"$757,703,957"
1999AUS,1999,Australia,"$388,608,221,581",1.21%,1.48%,101.48%,"$382,928,890,612"
1999AUT,1999,Austria,"$217,185,787,342",0.67%,0.57%,100.57%,"$215,957,005,444"
1999AZE,1999,Azerbaijan,"$4,581,432,038",0.01%,-8.53%,91.47%,"$5,008,407,273"
1999BDI,1999,Burundi,"$808,077,223",0.00%,3.39%,103.39%,"$781,616,198"
1999BEL,1999,Belgium,"$258,158,533,986",0.80%,1.12%,101.12%,"$255,297,041,604"
1999BEN,1999,Benin,"$2,689,787,917",0.01%,0.33%,100.33%,"$2,681,028,384"
1999BFA,1999,Burkina Faso,"$3,389,566,982",0.01%,-1.07%,98.93%,"$3,426,318,137"
1999BGD,1999,Bangladesh,"$51,270,569,883",0.16%,6.11%,106.11%,"$48,319,825,105"
1999BGR,1999,Bulgaria,"$13,627,323,284",0.04%,2.57%,102.57%,"$13,285,482,140"
1999BHR,1999,Bahrain,"$6,621,010,372",0.02%,-1.29%,98.71%,"$6,707,373,709"
1999BHS,1999,Bahamas,"$7,683,870,000",0.02%,1.25%,101.25%,"$7,588,689,000"
1999BLR,1999,Belarus,"$12,152,867,469",0.04%,293.68%,393.68%,"$3,087,001,125"
1999BOL,1999,Bolivia,"$8,285,075,872",0.03%,2.16%,102.16%,"$8,109,940,390"
1999BRA,1999,Brazil,"$599,388,579,985",1.86%,4.86%,104.86%,"$571,616,874,254"
1999BRB,1999,Barbados,"$2,951,822,204",0.01%,1.56%,101.56%,"$2,906,479,313"
1999BRN,1999,Brunei,"$4,600,000,000",0.01%,-0.42%,99.58%,"$4,619,198,664"
1999BTN,1999,Bhutan,"$399,268,801",0.00%,6.78%,106.78%,"$373,926,566"
1999BWA,1999,Botswana,"$5,484,257,417",0.02%,7.75%,107.75%,"$5,089,831,313"
1999CAF,1999,Central Africa,"$999,477,510",0.00%,-1.41%,98.59%,"$1,013,814,903"
1999CAN,1999,Canada,"$678,412,196,271",2.11%,1.73%,101.73%,"$666,843,508,667"
1999CHE,1999,Switzerland,"$298,520,480,628",0.93%,0.81%,100.81%,"$296,132,338,028"
1999CHL,1999,Chile,"$75,173,794,497",0.23%,3.34%,103.34%,"$72,746,337,123"
1999CHN,1999,China,"$1,093,997,267,277",3.40%,-1.40%,98.60%,"$1,109,547,269,159"
1999CIV,1999,C ô te d'Ivoire,"$12,376,639,822",0.04%,0.70%,100.70%,"$12,290,315,619"
1999CMR,1999,Cameroon,"$10,706,445,653",0.03%,1.87%,101.87%,"$10,509,730,301"
1999COD,1999,Congo (gold),"$4,711,259,427",0.01%,284.89%,384.89%,"$1,224,037,652"
1999COG,1999,Congo (Brazzaville),"$2,353,909,563",0.01%,4.14%,104.14%,"$2,260,273,845"
1999COL,1999,Columbia,"$86,186,158,684",0.27%,10.87%,110.87%,"$77,733,848,135"
1999CPV,1999,Cape Verde,"$592,416,703",0.00%,4.36%,104.36%,"$567,685,845"
1999CRI,1999,Costa Rica,"$14,254,866,288",0.04%,10.05%,110.05%,"$12,953,636,961"
1999CYP,1999,Cyprus,"$10,497,908,306",0.03%,1.63%,101.63%,"$10,329,536,855"
1999CZE,1999,Czech,"$65,173,130,995",0.20%,2.14%,102.14%,"$63,810,490,861"
1999DEU,1999,Germany,"$2,194,204,133,816",6.81%,0.59%,100.59%,"$2,181,433,300,262"
1999DMA,1999,Dominica,"$22,136,621,337",0.07%,1.18%,101.18%,"$21,878,568,463"
1999DMA,1999,Dominica,"$331,759,259",0.00%,1.18%,101.18%,"$327,891,847"
1999DNK,1999,Denmark,"$177,965,188,354",0.55%,2.50%,102.50%,"$173,628,308,378"
1999DZA,1999,Algeria,"$48,640,653,469",0.15%,2.65%,102.65%,"$47,387,024,461"
1999ECU,1999,Ecuador,"$19,645,272,636",0.06%,52.24%,152.24%,"$12,903,947,238"
1999EGY,1999,Egypt,"$90,710,704,806",0.28%,3.08%,103.08%,"$88,000,723,301"
1999ESP,1999,Spain,"$634,693,160,025",1.97%,2.31%,102.31%,"$620,360,668,851"
1999EST,1999,Estonia,"$5,762,048,551",0.02%,3.30%,103.30%,"$5,578,185,375"
1999ETH,1999,Ethiopia,"$7,700,833,482",0.02%,7.94%,107.94%,"$7,134,269,161"
1999FIN,1999,Finland,"$135,218,410,398",0.42%,1.16%,101.16%,"$133,664,914,580"
1999FJI,1999,Fiji Islands,"$1,936,484,565",0.01%,1.97%,101.97%,"$1,899,097,532"
1999FRA,1999,France,"$1,492,647,560,196",4.64%,0.54%,100.54%,"$1,484,672,764,575"
1999GAB,1999,Gabon,"$4,662,992,036",0.01%,-1.94%,98.06%,"$4,755,079,087"
1999GBR,1999,United Kingdom,"$1,682,174,405,436",5.22%,1.75%,101.75%,"$1,653,194,715,430"
1999GEO,1999,Georgia,"$2,800,049,394",0.01%,19.19%,119.19%,"$2,349,179,071"
1999GHA,1999,Garner,"$7,719,354,838",0.02%,4.87%,104.87%,"$7,361,203,024"
1999GMB,1999,Gambia,"$814,723,460",0.00%,3.81%,103.81%,"$784,803,819"
1999GNB,1999,Guinea Bissau,"$224,446,663",0.00%,-2.09%,97.91%,"$229,229,081"
1999GNQ,1999,Equatorial Guinea,"$621,117,885",0.00%,0.37%,100.37%,"$618,814,249"
1999GRC,1999,Greece,"$142,540,728,744",0.44%,2.64%,102.64%,"$138,878,999,139"
1999GRD,1999,Grenada,"$482,009,370",0.00%,0.58%,100.58%,"$479,242,094"
1999GTM,1999,Guatemala,"$18,318,412,251",0.06%,5.21%,105.21%,"$17,410,686,839"
1999GUY,1999,Guyana,"$694,754,988",0.00%,7.54%,107.54%,"$646,054,019"
1999HKG,1999,Hong Kong,"$165,768,095,391",0.51%,-4.01%,95.99%,"$172,692,069,891"
1999HND,1999,Honduras,"$6,414,520,529",0.02%,11.66%,111.66%,"$5,744,497,249"
1999HRV,1999,Croatia,"$23,456,897,701",0.07%,4.02%,104.02%,"$22,550,559,427"
1999HTI,1999,Haiti,"$4,153,736,347",0.01%,3.00%,103.00%,"$4,032,581,696"
1999HUN,1999,Hungary,"$49,073,380,173",0.15%,10.00%,110.00%,"$44,613,078,730"
1999IDN,1999,Indonesia,"$140,001,351,215",0.43%,20.48%,120.48%,"$116,205,072,689"
1999IND,1999,India,"$458,820,417,337",1.42%,4.67%,104.67%,"$438,350,248,115"
1999IRL,1999,Ireland,"$98,730,943,959",0.31%,1.63%,101.63%,"$97,145,601,798"
1999IRN,1999,Iran,"$113,848,450,088",0.35%,20.07%,120.07%,"$94,817,838,726"
1999IRQ,1999,Iraq,"$36,881,601,583",0.11%,12.58%,112.58%,"$32,761,000,766"
1999ISL,1999,Iceland,"$8,982,047,589",0.03%,3.23%,103.23%,"$8,700,850,660"
1999ISR,1999,Israel,"$117,373,576,587",0.36%,5.18%,105.18%,"$111,598,301,972"
1999ITA,1999,Italy,"$1,252,023,758,789",3.89%,1.66%,101.66%,"$1,231,537,623,650"
1999JAM,1999,Jamaica,"$8,887,061,866",0.03%,5.95%,105.95%,"$8,387,641,598"
1999JOR,1999,Jordan,"$8,149,106,064",0.03%,0.61%,100.61%,"$8,099,999,286"
1999JPN,1999,Japan,"$4,562,078,822,335",14.17%,-0.34%,99.66%,"$4,577,702,379,931"
1999KAZ,1999,Kazakhstan,"$16,870,821,839",0.05%,8.30%,108.30%,"$15,578,430,903"
1999KEN,1999,Kenya,"$12,896,013,576",0.04%,5.74%,105.74%,"$12,195,734,375"
1999KGZ,1999,Kyrgyzstan,"$1,249,061,487",0.00%,37.03%,137.03%,"$911,517,951"
1999KHM,1999,Cambodia,"$3,517,242,477",0.01%,4.01%,104.01%,"$3,381,697,058"
1999KNA,1999,Saint Kitts and Nevis,"$406,595,484",0.00%,3.36%,103.36%,"$393,366,428"
1999KOR,1999,South Korea,"$497,512,659,612",1.55%,0.81%,100.81%,"$493,500,709,793"
1999KWT,1999,Kuwait,"$30,123,850,197",0.09%,2.99%,102.99%,"$29,249,066,098"
1999LAO,1999,Laos,"$1,454,430,642",0.00%,125.27%,225.27%,"$645,632,752"
1999LBY,1999,Libya,"$35,976,714,100",0.11%,2.65%,102.65%,"$35,048,413,915"
1999LCA,1999,Saint Lucia,"$921,851,851",0.00%,3.50%,103.50%,"$890,645,435"
1999LKA,1999,Sri Lanka,"$15,656,327,859",0.05%,4.69%,104.69%,"$14,954,697,476"
1999LTU,1999,Lithuania,"$10,971,583,944",0.03%,0.73%,100.73%,"$10,892,336,680"
1999LUX,1999,Luxembourg,"$22,235,929,043",0.07%,1.03%,101.03%,"$22,010,280,361"
1999LVA,1999,Latvia,"$7,525,408,359",0.02%,2.36%,102.36%,"$7,351,557,380"
1999MAC,1999,Macao,"$6,547,629,474",0.02%,-3.20%,96.80%,"$6,764,370,909"
1999MDA,1999,Moldova,"$1,170,782,957",0.00%,39.26%,139.26%,"$840,741,598"
1999MDG,1999,Madagascar,"$4,277,903,780",0.01%,9.93%,109.93%,"$3,891,496,329"
1999MDV,1999,Maldives,"$589,239,753",0.00%,2.95%,102.95%,"$572,334,656"
1999MEX,1999,Mexico,"$600,232,874,042",1.86%,16.59%,116.59%,"$514,842,988,048"
1999MKD,1999,Macedonia,"$3,863,743,409",0.01%,-1.28%,98.72%,"$3,913,812,284"
1999MLI,1999,Mali,"$3,440,724,983",0.01%,-1.20%,98.80%,"$3,482,582,268"
1999MLT,1999,Malta,"$4,121,350,731",0.01%,2.13%,102.13%,"$4,035,208,358"
1999MMR,1999,Myanmar,"$7,640,810,198",0.02%,18.40%,118.40%,"$6,453,330,123"
1999MNG,1999,Mongolia,"$1,057,408,588",0.00%,7.56%,107.56%,"$983,042,033"
1999MRT,1999,Mauritania,"$1,405,662,876",0.00%,4.07%,104.07%,"$1,350,635,603"
1999MUS,1999,Mauritius,"$4,343,710,332",0.01%,6.91%,106.91%,"$4,062,992,255"
1999MWI,1999,Malawi,"$1,775,921,718",0.01%,44.80%,144.80%,"$1,226,430,004"
1999MYS,1999,Malaysia,"$79,148,421,052",0.25%,2.74%,102.74%,"$77,034,171,005"
1999NER,1999,Niger,"$2,537,790,022",0.01%,-2.30%,97.70%,"$2,597,589,787"
1999NGA,1999,Nigeria,"$35,870,792,987",0.11%,6.62%,106.62%,"$33,644,100,772"
1999NLD,1999,Netherlands,"$446,898,572,341",1.39%,2.16%,102.16%,"$437,461,738,787"
1999NOR,1999,Norway,"$162,284,465,073",0.50%,2.37%,102.37%,"$158,533,611,559"
1999NPL,1999,Nepal,"$5,033,642,384",0.02%,7.45%,107.45%,"$4,684,588,425"
1999NZL,1999,New Zealand,"$58,762,260,625",0.18%,-0.11%,99.89%,"$58,829,483,387"
1999PAK,1999,Pakistan,"$62,973,855,718",0.20%,4.14%,104.14%,"$60,468,850,629"
1999PAN,1999,Panama,"$12,130,252,200",0.04%,1.25%,101.25%,"$11,980,829,384"
1999PER,1999,Peru,"$50,187,324,567",0.16%,3.47%,103.47%,"$48,504,387,262"
1999PHL,1999,Philippines,"$82,995,145,792",0.26%,5.94%,105.94%,"$78,342,354,931"
1999PNG,1999,Papua New Guinea,"$3,477,038,204",0.01%,14.93%,114.93%,"$3,025,295,571"
1999POL,1999,Poland,"$170,031,005,016",0.53%,7.15%,107.15%,"$158,678,994,083"
1999PRT,1999,Portugal,"$127,427,343,916",0.40%,2.34%,102.34%,"$124,513,607,337"
1999PRY,1999,Paraguay,"$8,837,070,235",0.03%,6.75%,106.75%,"$8,278,110,224"
1999QAT,1999,Qatar,"$12,393,131,868",0.04%,2.18%,102.18%,"$12,128,523,483"
1999ROU,1999,Romania,"$35,952,781,582",0.11%,45.80%,145.80%,"$24,658,332,797"
1999RUS,1999,Russia,"$195,907,128,350",0.61%,85.75%,185.75%,"$105,470,162,061"
1999RWA,1999,Rwanda,"$2,155,659,412",0.01%,-2.41%,97.59%,"$2,208,801,681"
1999SAU,1999,Saudi Arabia,"$161,716,960,000",0.50%,-1.33%,98.67%,"$163,903,038,912"
1999SDN,1999,Sudan,"$10,682,045,258",0.03%,17.17%,117.17%,"$9,116,983,296"
1999SEN,1999,Senegal,"$5,144,045,359",0.02%,0.83%,100.83%,"$5,101,840,354"
1999SGP,1999,Singapore,"$86,284,660,766",0.27%,0.02%,100.02%,"$86,270,245,151"
1999SLB,1999,Solomon Islands,"$488,001,488",0.00%,8.02%,108.02%,"$451,768,028"
1999SLV,1999,El Salvador,"$11,284,197,000",0.04%,0.51%,100.51%,"$11,226,400,445"
1999SRB,1999,Serbia,"$19,388,663,551",0.06%,42.45%,142.45%,"$13,610,482,274"
1999SUR,1999,Suriname,"$886,290,697",0.00%,98.77%,198.77%,"$445,880,622"
1999SVK,1999,Slovakia,"$30,453,383,763",0.09%,10.57%,110.57%,"$27,542,065,781"
1999SVN,1999,Slovenia,"$22,711,384,311",0.07%,6.16%,106.16%,"$21,394,431,359"
1999SWE,1999,Sweden,"$274,072,182,416",0.85%,0.46%,100.46%,"$272,811,314,660"
1999SWZ,1999,Eswatini,"$1,547,884,442",0.00%,6.09%,106.09%,"$1,459,045,212"
1999SYC,1999,Seychelles,"$622,985,493",0.00%,6.35%,106.35%,"$585,802,800"
1999SYR,1999,Syria,"$15,873,875,968",0.05%,-3.70%,96.30%,"$16,484,409,659"
1999TCD,1999,Chad,"$1,534,673,583",0.00%,-8.03%,91.97%,"$1,668,577,959"
1999TGO,1999,Togo,"$1,576,672,791",0.00%,-0.05%,99.95%,"$1,577,512,242"
1999THA,1999,Thailand,"$126,669,064,386",0.39%,0.28%,100.28%,"$126,309,428,024"
1999TON,1999,Tonga,"$199,214,633",0.00%,4.46%,104.46%,"$190,701,061"
1999TTO,1999,Trinidad and Tobago,"$6,808,982,520",0.02%,3.44%,103.44%,"$6,582,598,027"
1999TUN,1999,Tunisia,"$22,943,685,719",0.07%,2.69%,102.69%,"$22,342,640,785"
1999TUR,1999,Turkey,"$256,385,525,071",0.80%,64.87%,164.87%,"$155,510,057,648"
1999TZA,1999,Tanzania,"$9,697,847,263",0.03%,7.89%,107.89%,"$8,988,607,202"
1999UGA,1999,Uganda,"$5,998,563,257",0.02%,5.78%,105.78%,"$5,670,932,558"
1999UKR,1999,Ukraine,"$31,580,961,262",0.10%,22.68%,122.68%,"$25,741,780,301"
1999URY,1999,Uruguay,"$23,983,945,190",0.07%,5.66%,105.66%,"$22,699,453,907"
1999USA,1999,the United States,"$9,630,664,202,000",29.91%,2.19%,102.19%,"$9,424,454,572,779"
1999VCT,1999,Saint Vincent and the Grenadines,"$390,718,518",0.00%,1.01%,101.01%,"$386,798,124"
1999VNM,1999,Vietnam,"$28,683,659,006",0.09%,4.12%,104.12%,"$27,549,421,139"
1999VUT,1999,Vanuatu,"$268,006,972",0.00%,2.00%,102.00%,"$262,754,574"
1999WSM,1999,Samoa,"$258,833,766",0.00%,0.27%,100.27%,"$258,149,360"
1999YEM,1999,Yemen,"$7,641,102,523",0.02%,8.66%,108.66%,"$7,032,106,652"
1999ZAF,1999,South Africa,"$136,631,966,609",0.42%,5.18%,105.18%,"$129,901,147,983"
1999ZMB,1999,Zambia,"$3,404,311,976",0.01%,26.79%,126.79%,"$2,685,049,153"
2000ABW,2000,Aruba,"$1,873,452,513",0.01%,4.04%,104.04%,"$1,800,634,471"
2000AGO,2000,Angola,"$9,129,634,978",0.03%,325.00%,425.00%,"$2,148,165,219"
2000ALB,2000,Albania,"$3,480,355,188",0.01%,0.05%,100.05%,"$3,478,615,249"
2000ARM,2000,Armenia,"$1,911,563,668",0.01%,-0.79%,99.21%,"$1,926,802,436"
2000ATG,2000,Antigua and Barbuda,"$826,370,370",0.00%,0.77%,100.77%,"$820,041,456"
2000AUS,2000,Australia,"$415,222,633,925",1.25%,4.46%,104.46%,"$397,504,144,474"
2000AUT,2000,Austria,"$196,799,778,883",0.59%,2.34%,102.34%,"$192,290,822,807"
2000AZE,2000,Azerbaijan,"$5,272,798,390",0.02%,1.81%,101.81%,"$5,179,311,657"
2000BDI,2000,Burundi,"$870,486,065",0.00%,24.43%,124.43%,"$699,567,551"
2000BEL,2000,Belgium,"$236,204,532,891",0.71%,2.54%,102.54%,"$230,343,404,061"
2000BEN,2000,Benin,"$2,569,186,642",0.01%,4.17%,104.17%,"$2,466,449,064"
2000BFA,2000,Burkina Faso,"$2,968,369,991",0.01%,-0.30%,99.70%,"$2,977,427,688"
2000BGD,2000,Bangladesh,"$53,369,787,318",0.16%,2.21%,102.21%,"$52,216,708,608"
2000BGR,2000,Bulgaria,"$13,245,833,843",0.04%,10.32%,110.32%,"$12,007,145,263"
2000BHR,2000,Bahrain,"$9,062,898,936",0.03%,-0.70%,99.30%,"$9,127,232,504"
2000BHS,2000,Bahamas,"$8,076,470,000",0.02%,1.61%,101.61%,"$7,948,786,307"
2000BLR,2000,Belarus,"$12,738,912,133",0.04%,168.62%,268.62%,"$4,742,350,140"
2000BOL,2000,Bolivia,"$8,397,912,509",0.03%,4.61%,104.61%,"$8,027,965,400"
2000BRA,2000,Brazil,"$655,420,645,476",1.97%,7.04%,107.04%,"$612,290,069,304"
2000BRB,2000,Barbados,"$3,059,500,000",0.01%,2.44%,102.44%,"$2,986,748,393"
2000BRN,2000,Brunei,"$6,001,153,306",0.02%,1.56%,101.56%,"$5,909,080,817"
2000BTN,2000,Bhutan,"$424,464,089",0.00%,4.01%,104.01%,"$408,095,408"
2000BWA,2000,Botswana,"$5,788,329,609",0.02%,8.60%,108.60%,"$5,329,880,711"
2000CAF,2000,Central Africa,"$914,500,299",0.00%,3.20%,103.20%,"$886,114,499"
2000CAN,2000,Canada,"$744,773,415,931",2.24%,2.72%,102.72%,"$725,055,954,591"
2000CHE,2000,Switzerland,"$279,841,151,705",0.84%,1.56%,101.56%,"$275,546,676,303"
2000CHL,2000,Chile,"$77,860,932,151",0.23%,3.84%,103.84%,"$74,979,273,990"
2000CHN,2000,China,"$1,211,346,869,600",3.64%,0.35%,100.35%,"$1,207,148,272,382"
2000CIV,2000,C ô te d'Ivoire,"$10,743,706,069",0.03%,2.53%,102.53%,"$10,478,518,329"
2000CMR,2000,Cameroon,"$10,109,045,070",0.03%,1.23%,101.23%,"$9,986,491,828"
2000COD,2000,Congo (gold),"$19,088,046,305",0.06%,513.91%,613.91%,"$3,109,274,070"
2000COG,2000,Congo (Brazzaville),"$3,227,927,593",0.01%,-0.88%,99.12%,"$3,256,650,978"
2000COL,2000,Columbia,"$99,886,577,330",0.30%,9.22%,109.22%,"$91,452,322,168"
2000CPV,2000,Cape Verde,"$539,227,277",0.00%,-2.48%,97.52%,"$552,925,774"
2000CRI,2000,Costa Rica,"$15,013,629,665",0.05%,10.96%,110.96%,"$13,530,479,442"
2000CYP,2000,Cyprus,"$9,985,844,486",0.03%,4.14%,104.14%,"$9,588,712,828"
2000CZE,2000,Czech,"$61,828,166,496",0.19%,3.78%,103.78%,"$59,578,834,166"
2000DEU,2000,Germany,"$1,943,145,384,190",5.84%,1.44%,101.44%,"$1,915,556,237,103"
2000DMA,2000,Dominica,"$24,305,717,541",0.07%,0.86%,100.86%,"$24,099,200,215"
2000DMA,2000,Dominica,"$333,470,370",0.00%,0.86%,100.86%,"$330,636,987"
2000DNK,2000,Denmark,"$164,158,739,097",0.49%,2.90%,102.90%,"$159,527,214,152"
2000DZA,2000,Algeria,"$54,790,379,458",0.16%,0.34%,100.34%,"$54,605,178,792"
2000ECU,2000,Ecuador,"$18,327,764,882",0.06%,96.09%,196.09%,"$9,346,412,565"
2000EGY,2000,Egypt,"$99,838,543,960",0.30%,2.68%,102.68%,"$97,229,104,061"
2000ESP,2000,Spain,"$596,877,648,793",1.79%,3.43%,103.43%,"$577,064,063,939"
2000EST,2000,Estonia,"$5,694,069,842",0.02%,4.02%,104.02%,"$5,474,093,950"
2000ETH,2000,Ethiopia,"$8,242,392,103",0.02%,0.66%,100.66%,"$8,188,149,046"
2000FIN,2000,Finland,"$125,706,651,925",0.38%,3.04%,103.04%,"$121,995,428,025"
2000FJI,2000,Fiji Islands,"$1,678,239,218",0.01%,1.09%,101.09%,"$1,660,108,105"
2000FRA,2000,France,"$1,362,248,940,482",4.09%,1.68%,101.68%,"$1,339,794,521,730"
2000FSM,2000,Micronesia (Federated States of),"$233,271,800",0.00%,2.16%,102.16%,"$228,342,976"
2000GAB,2000,Gabon,"$5,080,483,463",0.02%,0.50%,100.50%,"$5,054,959,958"
2000GBR,2000,United Kingdom,"$1,658,193,372,673",4.98%,1.18%,101.18%,"$1,638,807,002,937"
2000GEO,2000,Georgia,"$3,057,475,335",0.01%,4.06%,104.06%,"$2,938,073,158"
2000GHA,2000,Garner,"$4,983,024,408",0.01%,40.24%,140.24%,"$3,553,188,286"
2000GMB,2000,Gambia,"$782,915,402",0.00%,0.84%,100.84%,"$776,355,435"
2000GNB,2000,Guinea Bissau,"$371,095,510",0.00%,8.64%,108.64%,"$341,594,328"
2000GNQ,2000,Equatorial Guinea,"$1,045,998,496",0.00%,4.80%,104.80%,"$998,068,370"
2000GRC,2000,Greece,"$130,133,845,586",0.39%,3.15%,103.15%,"$126,158,366,328"
2000GRD,2000,Grenada,"$520,044,370",0.00%,2.18%,102.18%,"$508,940,220"
2000GTM,2000,Guatemala,"$19,288,827,158",0.06%,5.98%,105.98%,"$18,200,856,861"
2000GUY,2000,Guyana,"$712,667,896",0.00%,6.15%,106.15%,"$671,387,354"
2000HKG,2000,Hong Kong,"$171,668,164,082",0.52%,-3.69%,96.31%,"$178,237,098,933"
2000HND,2000,Honduras,"$7,186,650,135",0.02%,11.05%,111.05%,"$6,471,658,989"
2000HRV,2000,Croatia,"$21,633,759,450",0.07%,4.61%,104.61%,"$20,680,133,250"
2000HTI,2000,Haiti,"$3,953,846,310",0.01%,9.33%,109.33%,"$3,616,326,528"
2000HUN,2000,Hungary,"$47,218,405,892",0.14%,9.80%,109.80%,"$43,002,598,748"
2000IDN,2000,Indonesia,"$165,021,012,077",0.50%,3.69%,103.69%,"$159,150,554,240"
2000IND,2000,India,"$468,394,937,262",1.41%,4.01%,104.01%,"$450,338,888,163"
2000IRL,2000,Ireland,"$99,871,239,174",0.30%,5.59%,105.59%,"$94,583,351,385"
2000IRN,2000,Iran,"$109,591,707,802",0.33%,14.48%,114.48%,"$95,732,719,996"
2000IRQ,2000,Iraq,"$48,364,250,943",0.15%,4.98%,104.98%,"$46,070,422,074"
2000ISL,2000,Iceland,"$9,025,660,361",0.03%,5.14%,105.14%,"$8,584,709,241"
2000ISR,2000,Israel,"$132,705,321,658",0.40%,1.05%,101.05%,"$131,321,747,984"
2000ITA,2000,Italy,"$1,143,829,832,319",3.44%,2.54%,102.54%,"$1,115,521,409,264"
2000JAM,2000,Jamaica,"$9,005,064,474",0.03%,8.17%,108.17%,"$8,324,835,231"
2000JOR,2000,Jordan,"$8,460,424,400",0.03%,0.67%,100.67%,"$8,404,377,211"
2000JPN,2000,Japan,"$4,887,519,660,744",14.69%,-0.68%,99.32%,"$4,920,812,831,441"
2000KAZ,2000,Kazakhstan,"$18,291,994,909",0.05%,13.18%,113.18%,"$16,161,734,383"
2000KEN,2000,Kenya,"$12,705,357,103",0.04%,9.98%,109.98%,"$11,552,422,438"
2000KGZ,2000,Kyrgyzstan,"$1,369,688,498",0.00%,18.70%,118.70%,"$1,153,900,611"
2000KHM,2000,Cambodia,"$3,654,031,716",0.01%,-0.79%,99.21%,"$3,683,202,404"
2000KNA,2000,Saint Kitts and Nevis,"$421,695,769",0.00%,2.15%,102.15%,"$412,824,762"
2000KOR,2000,South Korea,"$576,178,114,168",1.73%,2.26%,102.26%,"$563,448,869,991"
2000KWT,2000,Kuwait,"$37,712,842,242",0.11%,1.81%,101.81%,"$37,041,303,363"
2000LAO,2000,Laos,"$1,731,198,022",0.01%,25.08%,125.08%,"$1,384,021,253"
2000LBY,2000,Libya,"$38,270,206,950",0.12%,-2.90%,97.10%,"$39,413,189,444"
2000LCA,2000,Saint Lucia,"$932,592,592",0.00%,3.71%,103.71%,"$899,224,302"
2000LKA,2000,Sri Lanka,"$16,330,814,179",0.05%,6.18%,106.18%,"$15,380,850,420"
2000LSO,2000,Lesotho,"$887,295,267",0.00%,6.13%,106.13%,"$836,030,107"
2000LTU,2000,Lithuania,"$11,524,776,866",0.03%,0.98%,100.98%,"$11,412,747,569"
2000LUX,2000,Luxembourg,"$21,263,514,833",0.06%,3.15%,103.15%,"$20,614,015,229"
2000LVA,2000,Latvia,"$7,949,253,765",0.02%,2.65%,102.65%,"$7,743,715,818"
2000MAC,2000,Macao,"$6,774,193,548",0.02%,-1.61%,98.39%,"$6,885,023,061"
2000MDA,2000,Moldova,"$1,288,429,391",0.00%,31.30%,131.30%,"$981,291,885"
2000MDG,2000,Madagascar,"$4,629,247,090",0.01%,11.86%,111.86%,"$4,138,441,039"
2000MDV,2000,Maldives,"$624,337,145",0.00%,-1.17%,98.83%,"$631,758,774"
2000MEX,2000,Mexico,"$707,906,744,574",2.13%,9.49%,109.49%,"$646,540,002,640"
2000MKD,2000,Macedonia,"$3,773,653,058",0.01%,6.61%,106.61%,"$3,539,765,764"
2000MLI,2000,Mali,"$2,961,484,857",0.01%,-0.68%,99.32%,"$2,981,690,631"
2000MLT,2000,Malta,"$4,069,515,579",0.01%,2.37%,102.37%,"$3,975,316,756"
2000MMR,2000,Myanmar,"$8,905,066,163",0.03%,-0.11%,99.89%,"$8,914,798,048"
2000MNG,2000,Mongolia,"$1,136,896,123",0.00%,11.60%,111.60%,"$1,018,764,850"
2000MRT,2000,Mauritania,"$1,293,654,176",0.00%,3.25%,103.25%,"$1,252,884,470"
2000MUS,2000,Mauritius,"$4,663,313,620",0.01%,4.20%,104.20%,"$4,475,379,533"
2000MWI,2000,Malawi,"$1,743,506,531",0.01%,29.58%,129.58%,"$1,345,490,434"
2000MYS,2000,Malaysia,"$93,789,736,842",0.28%,1.53%,101.53%,"$92,372,065,584"
2000NER,2000,Niger,"$2,241,753,120",0.01%,2.90%,102.90%,"$2,178,571,290"
2000NGA,2000,Nigeria,"$69,448,756,932",0.21%,6.93%,106.93%,"$64,945,870,020"
2000NIC,2000,Nicaragua,"$5,107,329,007",0.02%,7.07%,107.07%,"$4,770,087,916"
2000NLD,2000,Netherlands,"$416,442,786,069",1.25%,2.36%,102.36%,"$406,839,254,585"
2000NOR,2000,Norway,"$171,247,131,268",0.51%,3.09%,103.09%,"$166,121,443,995"
2000NPL,2000,Nepal,"$5,494,252,207",0.02%,2.48%,102.48%,"$5,361,353,884"
2000NZL,2000,New Zealand,"$52,623,281,956",0.16%,2.62%,102.62%,"$51,282,133,917"
2000PAK,2000,Pakistan,"$82,017,743,416",0.25%,4.37%,104.37%,"$78,586,149,896"
2000PAN,2000,Panama,"$12,304,115,000",0.04%,1.50%,101.50%,"$12,122,404,865"
2000PER,2000,Peru,"$51,744,749,133",0.16%,3.76%,103.76%,"$49,870,929,579"
2000PHL,2000,Philippines,"$83,670,261,708",0.25%,3.98%,103.98%,"$80,469,874,198"
2000PNG,2000,Papua New Guinea,"$3,521,339,699",0.01%,15.60%,115.60%,"$3,046,249,826"
2000POL,2000,Poland,"$172,219,461,126",0.52%,9.90%,109.90%,"$156,705,356,036"
2000PRT,2000,Portugal,"$118,310,710,337",0.36%,2.85%,102.85%,"$115,028,900,835"
2000PRY,2000,Paraguay,"$8,855,705,139",0.03%,8.98%,108.98%,"$8,125,830,097"
2000QAT,2000,Qatar,"$17,759,890,109",0.05%,1.65%,101.65%,"$17,471,550,950"
2000ROU,2000,Romania,"$37,253,259,016",0.11%,45.67%,145.67%,"$25,574,332,442"
2000RUS,2000,Russia,"$259,710,142,196",0.78%,20.80%,120.80%,"$214,994,045,284"
2000RWA,2000,Rwanda,"$2,067,528,500",0.01%,3.90%,103.90%,"$1,989,930,565"
2000SAU,2000,Saudi Arabia,"$189,514,926,213",0.57%,-1.12%,98.88%,"$191,671,217,402"
2000SDN,2000,Sudan,"$12,257,418,326",0.04%,7.12%,107.12%,"$11,442,563,730"
2000SEN,2000,Senegal,"$6,046,725,378",0.02%,0.73%,100.73%,"$6,002,786,066"
2000SGP,2000,Singapore,"$96,074,477,958",0.29%,1.36%,101.36%,"$94,783,877,999"
2000SLB,2000,Solomon Islands,"$419,933,580",0.00%,7.89%,107.89%,"$389,225,401"
2000SLV,2000,El Salvador,"$11,784,927,700",0.04%,2.27%,102.27%,"$11,523,202,631"
2000SRB,2000,Serbia,"$6,875,845,986",0.02%,71.12%,171.12%,"$4,018,128,051"
2000SUR,2000,Suriname,"$947,671,969",0.00%,59.40%,159.40%,"$594,518,157"
2000SVK,2000,Slovakia,"$29,169,953,012",0.09%,12.04%,112.04%,"$26,036,283,102"
2000SVN,2000,Slovenia,"$20,289,627,636",0.06%,8.91%,108.91%,"$18,629,421,269"
2000SWE,2000,Sweden,"$262,835,454,366",0.79%,0.90%,100.90%,"$260,493,245,670"
2000SWZ,2000,Eswatini,"$1,738,100,853",0.01%,12.21%,112.21%,"$1,548,991,652"
2000SYC,2000,Seychelles,"$614,879,764",0.00%,6.27%,106.27%,"$578,608,157"
2000SYR,2000,Syria,"$19,325,894,913",0.06%,-3.85%,96.15%,"$20,098,930,709"
2000TCD,2000,Chad,"$1,388,506,726",0.00%,3.82%,103.82%,"$1,337,383,878"
2000TGO,2000,Togo,"$1,491,891,107",0.00%,1.86%,101.86%,"$1,464,611,172"
2000THA,2000,Thailand,"$126,392,233,706",0.38%,1.59%,101.59%,"$124,411,638,767"
2000TON,2000,Tonga,"$204,849,612",0.00%,6.33%,106.33%,"$192,658,861"
2000TTO,2000,Trinidad and Tobago,"$8,154,338,232",0.02%,3.56%,103.56%,"$7,874,371,779"
2000TUN,2000,Tunisia,"$21,473,261,837",0.06%,2.96%,102.96%,"$20,855,458,920"
2000TUR,2000,Turkey,"$274,302,959,053",0.82%,54.92%,154.92%,"$177,066,328,555"
2000TZA,2000,Tanzania,"$13,375,976,353",0.04%,5.92%,105.92%,"$12,627,904,220"
2000UGA,2000,Uganda,"$6,193,246,837",0.02%,3.39%,103.39%,"$5,990,062,620"
2000UKR,2000,Ukraine,"$31,261,718,319",0.09%,28.20%,128.20%,"$24,384,526,577"
2000URY,2000,Uruguay,"$22,823,255,801",0.07%,4.76%,104.76%,"$21,785,435,822"
2000USA,2000,the United States,"$10,252,345,464,000",30.81%,3.38%,103.38%,"$9,917,447,419,710"
2000VCT,2000,Saint Vincent and the Grenadines,"$396,262,962",0.00%,0.17%,100.17%,"$395,599,622"
2000VNM,2000,Vietnam,"$31,172,518,403",0.09%,-1.71%,98.29%,"$31,714,951,034"
2000VUT,2000,Vanuatu,"$272,014,693",0.00%,2.54%,102.54%,"$265,282,646"
2000WSM,2000,Samoa,"$269,019,710",0.00%,0.97%,100.97%,"$266,443,779"
2000YEM,2000,Yemen,"$9,652,436,179",0.03%,4.59%,104.59%,"$9,228,832,756"
2000ZAF,2000,South Africa,"$136,361,854,808",0.41%,5.34%,105.34%,"$129,450,553,168"
2000ZMB,2000,Zambia,"$3,600,683,039",0.01%,26.03%,126.03%,"$2,856,995,377"
2001ABW,2001,Aruba,"$1,920,111,731",0.01%,2.88%,102.88%,"$1,866,295,163"
2001AGO,2001,Angola,"$8,936,063,723",0.03%,152.56%,252.56%,"$3,538,180,054"
2001ALB,2001,Albania,"$3,922,099,470",0.01%,3.11%,103.11%,"$3,803,890,224"
2001ARM,2001,Armenia,"$2,118,467,913",0.01%,3.15%,103.15%,"$2,053,855,575"
2001ATG,2001,Antigua and Barbuda,"$800,481,481",0.00%,1.40%,101.40%,"$789,407,696"
2001AUS,2001,Australia,"$378,376,086,723",1.14%,4.41%,104.41%,"$362,404,432,811"
2001AUT,2001,Austria,"$197,337,879,194",0.60%,2.65%,102.65%,"$192,243,426,895"
2001AZE,2001,Azerbaijan,"$5,707,720,390",0.02%,1.55%,101.55%,"$5,620,756,279"
2001BDI,2001,Burundi,"$876,794,723",0.00%,9.30%,109.30%,"$802,218,944"
2001BEL,2001,Belgium,"$236,541,297,539",0.71%,2.47%,102.47%,"$230,841,231,431"
2001BEN,2001,Benin,"$2,680,213,931",0.01%,3.98%,103.98%,"$2,577,517,998"
2001BFA,2001,Burkina Faso,"$3,190,371,050",0.01%,5.01%,105.01%,"$3,038,233,544"
2001BGD,2001,Bangladesh,"$53,991,289,844",0.16%,2.01%,102.01%,"$52,928,914,569"
2001BGR,2001,Bulgaria,"$14,183,497,963",0.04%,7.36%,107.36%,"$13,211,041,240"
2001BHR,2001,Bahrain,"$8,976,196,808",0.03%,-1.21%,98.79%,"$9,085,915,765"
2001BHS,2001,Bahamas,"$8,317,830,000",0.03%,2.04%,102.04%,"$8,151,140,020"
2001BLR,2001,Belarus,"$12,354,820,143",0.04%,61.13%,161.13%,"$7,667,375,349"
2001BOL,2001,Bolivia,"$8,141,537,937",0.02%,1.59%,101.59%,"$8,014,140,844"
2001BRA,2001,Brazil,"$559,372,276,081",1.69%,6.84%,106.84%,"$523,558,963,285"
2001BRB,2001,Barbados,"$3,054,500,000",0.01%,2.58%,102.58%,"$2,977,738,810"
2001BRN,2001,Brunei,"$5,601,090,584",0.02%,0.60%,100.60%,"$5,567,911,931"
2001BTN,2001,Bhutan,"$461,444,513",0.00%,3.41%,103.41%,"$446,226,388"
2001BWA,2001,Botswana,"$5,489,608,299",0.02%,6.56%,106.56%,"$5,151,705,964"
2001CAF,2001,Central Africa,"$931,833,302",0.00%,3.83%,103.83%,"$897,418,552"
2001CAN,2001,Canada,"$738,981,792,355",2.23%,2.53%,102.53%,"$720,781,201,081"
2001CHE,2001,Switzerland,"$287,226,531,168",0.87%,0.99%,100.99%,"$284,413,622,619"
2001CHL,2001,Chile,"$70,979,923,960",0.21%,3.57%,103.57%,"$68,533,880,855"
2001CHN,2001,China,"$1,339,395,718,862",4.05%,0.72%,100.72%,"$1,329,832,552,421"
2001CIV,2001,C ô te d'Ivoire,"$11,202,353,584",0.03%,4.36%,104.36%,"$10,734,179,229"
2001CMR,2001,Cameroon,"$10,380,401,988",0.03%,4.42%,104.42%,"$9,941,031,036"
2001COD,2001,Congo (gold),"$7,438,189,100",0.02%,359.94%,459.94%,"$1,617,220,475"
2001COG,2001,Congo (Brazzaville),"$2,796,704,577",0.01%,0.06%,100.06%,"$2,795,139,581"
2001COL,2001,Columbia,"$98,211,749,595",0.30%,7.97%,107.97%,"$90,962,322,697"
2001COM,2001,Comoros,"$378,512,003",0.00%,5.55%,105.55%,"$358,593,585"
2001CPV,2001,Cape Verde,"$563,024,383",0.00%,3.35%,103.35%,"$544,774,625"
2001CRI,2001,Costa Rica,"$15,976,174,336",0.05%,11.26%,111.26%,"$14,359,881,282"
2001CYP,2001,Cyprus,"$10,397,897,085",0.03%,1.97%,101.97%,"$10,196,711,689"
2001CZE,2001,Czech,"$67,808,032,979",0.20%,4.66%,104.66%,"$64,787,215,318"
2001DEU,2001,Germany,"$1,944,107,382,550",5.87%,1.98%,101.98%,"$1,906,289,329,467"
2001DJI,2001,Djibouti,"$572,417,440",0.00%,1.75%,101.75%,"$562,590,933"
2001DMA,2001,Dominica,"$25,601,765,400",0.08%,1.30%,101.30%,"$25,272,242,142"
2001DMA,2001,Dominica,"$340,203,703",0.00%,1.30%,101.30%,"$335,824,902"
2001DNK,2001,Denmark,"$164,791,442,543",0.50%,2.34%,102.34%,"$161,026,844,254"
2001DZA,2001,Algeria,"$54,744,725,765",0.17%,4.23%,104.23%,"$52,525,024,355"
2001ECU,2001,Ecuador,"$24,468,324,000",0.07%,37.68%,137.68%,"$17,772,135,184"
2001EGY,2001,Egypt,"$96,684,636,118",0.29%,2.27%,102.27%,"$94,538,834,119"
2001ESP,2001,Spain,"$627,286,800,894",1.90%,3.59%,103.59%,"$605,548,610,193"
2001EST,2001,Estonia,"$6,259,257,899",0.02%,5.75%,105.75%,"$5,919,016,281"
2001ETH,2001,Ethiopia,"$8,231,326,016",0.02%,-8.24%,91.76%,"$8,970,284,072"
2001FIN,2001,Finland,"$129,421,029,082",0.39%,2.58%,102.58%,"$126,167,865,364"
2001FJI,2001,Fiji Islands,"$1,652,464,201",0.00%,4.27%,104.27%,"$1,584,752,934"
2001FRA,2001,France,"$1,376,465,324,384",4.16%,1.63%,101.63%,"$1,354,325,078,105"
2001FSM,2001,Micronesia (Federated States of),"$240,970,900",0.00%,0.50%,100.50%,"$239,766,082"
2001GAB,2001,Gabon,"$5,023,265,365",0.02%,2.14%,102.14%,"$4,918,134,316"
2001GBR,2001,United Kingdom,"$1,638,656,974,233",4.95%,1.53%,101.53%,"$1,613,925,985,797"
2001GEO,2001,Georgia,"$3,219,488,663",0.01%,4.65%,104.65%,"$3,076,550,749"
2001GHA,2001,Garner,"$5,314,909,953",0.02%,41.51%,141.51%,"$3,755,868,046"
2001GMB,2001,Gambia,"$687,408,804",0.00%,4.49%,104.49%,"$657,854,077"
2001GNB,2001,Guinea Bissau,"$392,621,385",0.00%,3.35%,103.35%,"$379,901,807"
2001GNQ,2001,Equatorial Guinea,"$1,461,139,022",0.00%,8.83%,108.83%,"$1,342,645,344"
2001GRC,2001,Greece,"$136,191,353,914",0.41%,3.37%,103.37%,"$131,746,276,287"
2001GRD,2001,Grenada,"$520,444,185",0.00%,3.14%,103.14%,"$504,594,894"
2001GTM,2001,Guatemala,"$18,405,203,853",0.06%,7.29%,107.29%,"$17,155,291,022"
2001GUY,2001,Guyana,"$712,167,575",0.00%,2.63%,102.63%,"$693,935,035"
2001HKG,2001,Hong Kong,"$169,403,241,524",0.51%,-1.66%,98.34%,"$172,259,586,711"
2001HND,2001,Honduras,"$7,651,174,661",0.02%,9.67%,109.67%,"$6,976,278,615"
2001HRV,2001,Croatia,"$23,054,778,851",0.07%,3.78%,103.78%,"$22,215,755,852"
2001HTI,2001,Haiti,"$3,596,443,004",0.01%,13.32%,113.32%,"$3,173,797,241"
2001HUN,2001,Hungary,"$53,749,989,092",0.16%,9.12%,109.12%,"$49,259,128,384"
2001IDN,2001,Indonesia,"$160,446,947,784",0.48%,11.50%,111.50%,"$143,898,459,617"
2001IND,2001,India,"$485,441,014,538",1.47%,3.78%,103.78%,"$467,762,884,034"
2001IRL,2001,Ireland,"$109,181,142,729",0.33%,4.87%,104.87%,"$104,108,056,186"
2001IRN,2001,Iran,"$126,878,750,295",0.38%,11.27%,111.27%,"$114,023,463,261"
2001IRQ,2001,Iraq,"$36,176,430,128",0.11%,16.37%,116.37%,"$31,086,329,242"
2001ISL,2001,Iceland,"$8,234,846,804",0.02%,6.41%,106.41%,"$7,739,147,772"
2001ISR,2001,Israel,"$131,056,971,966",0.40%,1.15%,101.15%,"$129,562,462,637"
2001ITA,2001,Italy,"$1,167,012,796,420",3.53%,2.79%,102.79%,"$1,135,390,298,368"
2001JAM,2001,Jamaica,"$9,194,717,835",0.03%,6.80%,106.80%,"$8,609,132,453"
2001JOR,2001,Jordan,"$8,975,689,844",0.03%,1.77%,101.77%,"$8,819,392,190"
2001JPN,2001,Japan,"$4,303,544,259,842",13.00%,-0.74%,99.26%,"$4,335,630,330,738"
2001KAZ,2001,Kazakhstan,"$22,152,694,161",0.07%,8.35%,108.35%,"$20,444,714,541"
2001KEN,2001,Kenya,"$12,986,007,425",0.04%,5.74%,105.74%,"$12,281,236,609"
2001KGZ,2001,Kyrgyzstan,"$1,525,116,370",0.00%,6.92%,106.92%,"$1,426,413,146"
2001KHM,2001,Cambodia,"$3,984,000,517",0.01%,-0.60%,99.40%,"$4,008,074,951"
2001KNA,2001,Saint Kitts and Nevis,"$458,643,829",0.00%,2.30%,102.30%,"$448,317,080"
2001KOR,2001,South Korea,"$547,658,231,279",1.65%,4.07%,104.07%,"$526,257,567,959"
2001KWT,2001,Kuwait,"$34,887,512,226",0.11%,1.30%,101.30%,"$34,439,794,892"
2001LAO,2001,Laos,"$1,768,619,058",0.01%,7.81%,107.81%,"$1,640,468,787"
2001LBY,2001,Libya,"$34,110,064,452",0.10%,-8.81%,91.19%,"$37,407,103,152"
2001LCA,2001,Saint Lucia,"$892,592,592",0.00%,5.31%,105.31%,"$847,608,156"
2001LKA,2001,Sri Lanka,"$15,749,753,804",0.05%,14.16%,114.16%,"$13,796,397,029"
2001LSO,2001,Lesotho,"$825,706,961",0.00%,-9.62%,90.38%,"$913,555,899"
2001LTU,2001,Lithuania,"$12,237,388,001",0.04%,1.37%,101.37%,"$12,072,344,527"
2001LUX,2001,Luxembourg,"$21,272,418,791",0.06%,2.66%,102.66%,"$20,720,462,731"
2001LVA,2001,Latvia,"$8,351,415,939",0.03%,2.49%,102.49%,"$8,148,753,185"
2001MAC,2001,Macao,"$6,860,272,608",0.02%,-1.98%,98.02%,"$6,999,181,877"
2001MDA,2001,Moldova,"$1,480,673,594",0.00%,9.76%,109.76%,"$1,348,952,892"
2001MDG,2001,Madagascar,"$5,438,332,738",0.02%,7.92%,107.92%,"$5,039,368,698"
2001MDV,2001,Maldives,"$870,179,738",0.00%,0.67%,100.67%,"$864,366,207"
2001MEX,2001,Mexico,"$756,706,300,589",2.29%,6.37%,106.37%,"$711,405,840,132"
2001MKD,2001,Macedonia,"$3,709,479,717",0.01%,5.20%,105.20%,"$3,526,158,769"
2001MLI,2001,Mali,"$3,468,337,909",0.01%,5.19%,105.19%,"$3,297,306,241"
2001MLT,2001,Malta,"$4,088,368,978",0.01%,2.93%,102.93%,"$3,972,009,267"
2001MMR,2001,Myanmar,"$6,477,790,688",0.02%,21.10%,121.10%,"$5,349,067,599"
2001MNG,2001,Mongolia,"$1,267,997,934",0.00%,6.28%,106.28%,"$1,193,102,587"
2001MRT,2001,Mauritania,"$1,295,539,954",0.00%,4.71%,104.71%,"$1,237,206,930"
2001MUS,2001,Mauritius,"$4,613,630,622",0.01%,5.39%,105.39%,"$4,377,701,232"
2001MWI,2001,Malawi,"$1,716,502,862",0.01%,22.70%,122.70%,"$1,398,942,838"
2001MYS,2001,Malaysia,"$92,783,947,368",0.28%,1.42%,101.42%,"$91,487,762,714"
2001NER,2001,Niger,"$1,945,327,564",0.01%,4.01%,104.01%,"$1,870,408,100"
2001NGA,2001,Nigeria,"$74,030,364,472",0.22%,18.87%,118.87%,"$62,276,515,302"
2001NIC,2001,Nicaragua,"$5,323,146,565",0.02%,5.99%,105.99%,"$5,022,497,747"
2001NLD,2001,Netherlands,"$431,213,422,818",1.30%,4.16%,104.16%,"$414,007,911,176"
2001NOR,2001,Norway,"$173,972,218,824",0.53%,3.00%,103.00%,"$168,898,184,563"
2001NPL,2001,Nepal,"$6,007,055,042",0.02%,2.69%,102.69%,"$5,849,794,790"
2001NZL,2001,New Zealand,"$53,872,425,916",0.16%,2.63%,102.63%,"$52,494,029,140"
2001OMN,2001,Oman,"$19,452,000,475",0.06%,-0.82%,99.18%,"$19,612,166,501"
2001PAK,2001,Pakistan,"$79,484,403,984",0.24%,3.15%,103.15%,"$77,058,403,961"
2001PAN,2001,Panama,"$12,502,013,400",0.04%,0.31%,100.31%,"$12,463,741,930"
2001PER,2001,Peru,"$52,030,158,775",0.16%,1.98%,101.98%,"$51,021,414,999"
2001PHL,2001,Philippines,"$78,921,079,687",0.24%,5.35%,105.35%,"$74,916,420,940"
2001PNG,2001,Papua New Guinea,"$3,081,024,212",0.01%,9.30%,109.30%,"$2,818,916,472"
2001POL,2001,Poland,"$190,905,493,539",0.58%,5.41%,105.41%,"$181,110,433,737"
2001PRT,2001,Portugal,"$121,498,889,485",0.37%,4.37%,104.37%,"$116,411,806,121"
2001PRY,2001,Paraguay,"$8,495,806,432",0.03%,7.27%,107.27%,"$7,920,164,128"
2001QAT,2001,Qatar,"$17,538,461,538",0.05%,1.47%,101.47%,"$17,284,153,846"
2001ROU,2001,Romania,"$40,394,824,679",0.12%,34.48%,134.48%,"$30,038,460,829"
2001RUS,2001,Russia,"$306,602,070,620",0.93%,21.48%,121.48%,"$252,395,146,754"
2001RWA,2001,Rwanda,"$1,965,444,514",0.01%,3.34%,103.34%,"$1,901,867,829"
2001SAU,2001,Saudi Arabia,"$184,137,469,733",0.56%,-1.12%,98.88%,"$186,224,948,564"
2001SDN,2001,Sudan,"$13,182,979,783",0.04%,1.94%,101.94%,"$12,932,693,911"
2001SEN,2001,Senegal,"$6,539,623,162",0.02%,2.97%,102.97%,"$6,350,720,915"
2001SGP,2001,Singapore,"$89,794,943,349",0.27%,1.00%,101.00%,"$88,908,351,089"
2001SLB,2001,Solomon Islands,"$409,435,392",0.00%,6.93%,106.93%,"$382,915,301"
2001SLV,2001,El Salvador,"$12,282,533,600",0.04%,3.75%,103.75%,"$11,838,492,970"
2001SRB,2001,Serbia,"$12,960,538,723",0.04%,95.01%,195.01%,"$6,646,252,001"
2001STP,2001,Sao Tome and Principe.,"$75,951,210",0.00%,9.22%,109.22%,"$69,538,357"
2001SUR,2001,Suriname,"$834,279,357",0.00%,38.59%,138.59%,"$601,992,715"
2001SVK,2001,Slovakia,"$30,752,150,335",0.09%,7.33%,107.33%,"$28,652,062,944"
2001SVN,2001,Slovenia,"$20,876,309,970",0.06%,8.38%,108.38%,"$19,262,201,818"
2001SWE,2001,Sweden,"$242,395,852,494",0.73%,2.41%,102.41%,"$236,700,926,802"
2001SWZ,2001,Eswatini,"$1,542,477,355",0.00%,5.94%,105.94%,"$1,455,962,466"
2001SYC,2001,Seychelles,"$622,262,057",0.00%,5.97%,105.97%,"$587,207,961"
2001SYR,2001,Syria,"$21,099,833,783",0.06%,3.00%,103.00%,"$20,485,275,517"
2001TCD,2001,Chad,"$1,710,843,360",0.01%,12.43%,112.43%,"$1,521,679,074"
2001TGO,2001,Togo,"$1,482,437,752",0.00%,3.92%,103.92%,"$1,426,523,847"
2001THA,2001,Thailand,"$120,296,476,180",0.36%,1.63%,101.63%,"$118,370,692,875"
2001TJK,2001,Tajikistan,"$1,080,768,906",0.00%,38.59%,138.59%,"$779,821,179"
2001TON,2001,Tonga,"$181,116,952",0.00%,8.29%,108.29%,"$167,251,342"
2001TTO,2001,Trinidad and Tobago,"$8,824,873,259",0.03%,5.54%,105.54%,"$8,361,903,648"
2001TUN,2001,Tunisia,"$22,066,031,834",0.07%,1.98%,101.98%,"$21,636,899,984"
2001TUR,2001,Turkey,"$201,751,148,417",0.61%,54.40%,154.40%,"$130,667,682,493"
2001TZA,2001,Tanzania,"$13,581,644,245",0.04%,5.15%,105.15%,"$12,916,758,247"
2001UGA,2001,Uganda,"$5,840,503,868",0.02%,1.87%,101.87%,"$5,733,565,687"
2001UKR,2001,Ukraine,"$37,972,301,334",0.11%,11.96%,111.96%,"$33,916,314,249"
2001URY,2001,Uruguay,"$20,898,788,416",0.06%,4.36%,104.36%,"$20,025,795,761"
2001USA,2001,the United States,"$10,581,821,399,000",31.98%,2.83%,102.83%,"$10,290,980,675,293"
2001VCT,2001,Saint Vincent and the Grenadines,"$430,040,740",0.00%,0.90%,100.90%,"$426,201,270"
2001VNM,2001,Vietnam,"$32,685,198,735",0.10%,-0.43%,99.57%,"$32,826,861,253"
2001VUT,2001,Vanuatu,"$257,926,881",0.00%,3.58%,103.58%,"$249,018,122"
2001WSM,2001,Samoa,"$273,088,357",0.00%,3.84%,103.84%,"$262,993,902"
2001YEM,2001,Yemen,"$9,861,560,094",0.03%,11.91%,111.91%,"$8,811,920,178"
2001ZAF,2001,South Africa,"$121,514,658,737",0.37%,5.70%,105.70%,"$114,959,767,541"
2001ZMB,2001,Zambia,"$4,094,480,988",0.01%,21.39%,121.39%,"$3,372,891,852"
2002ABW,2002,Aruba,"$1,941,340,782",0.01%,3.32%,103.32%,"$1,879,045,777"
2002AGO,2002,Angola,"$15,285,594,828",0.04%,108.90%,208.90%,"$7,317,272,588"
2002ALB,2002,Albania,"$4,348,070,165",0.01%,7.77%,107.77%,"$4,034,563,376"
2002ARM,2002,Armenia,"$2,376,335,048",0.01%,1.06%,101.06%,"$2,351,408,954"
2002ATG,2002,Antigua and Barbuda,"$814,381,481",0.00%,2.41%,102.41%,"$795,234,943"
2002AUS,2002,Australia,"$394,648,911,678",1.15%,2.98%,102.98%,"$383,222,837,138"
2002AUT,2002,Austria,"$213,377,771,503",0.62%,1.81%,101.81%,"$209,583,559,031"
2002AZE,2002,Azerbaijan,"$6,235,856,819",0.02%,2.77%,102.77%,"$6,067,710,565"
2002BDI,2002,Burundi,"$825,394,490",0.00%,-1.37%,98.63%,"$836,822,812"
2002BEL,2002,Belgium,"$257,157,820,440",0.75%,1.65%,101.65%,"$252,995,502,104"
2002BEN,2002,Benin,"$3,054,571,081",0.01%,2.49%,102.49%,"$2,980,384,473"
2002BFA,2002,Burkina Faso,"$3,622,350,203",0.01%,2.18%,102.18%,"$3,545,217,099"
2002BGD,2002,Bangladesh,"$54,724,081,490",0.16%,3.33%,103.33%,"$52,959,182,350"
2002BGR,2002,Bulgaria,"$16,402,846,413",0.05%,5.81%,105.81%,"$15,502,149,270"
2002BHR,2002,Bahrain,"$9,593,510,638",0.03%,-0.50%,99.50%,"$9,641,287,085"
2002BHS,2002,Bahamas,"$8,881,160,000",0.03%,2.17%,102.17%,"$8,692,227,658"
2002BLR,2002,Belarus,"$14,594,249,022",0.04%,42.54%,142.54%,"$10,238,880,361"
2002BOL,2002,Bolivia,"$7,905,485,216",0.02%,0.93%,100.93%,"$7,832,776,772"
2002BRA,2002,Brazil,"$507,962,487,700",1.48%,8.45%,108.45%,"$468,383,326,681"
2002BRB,2002,Barbados,"$3,106,500,000",0.01%,0.13%,100.13%,"$3,102,613,993"
2002BRN,2002,Brunei,"$5,843,329,107",0.02%,-2.31%,97.69%,"$5,981,806,273"
2002BTN,2002,Bhutan,"$520,849,551",0.00%,2.48%,102.48%,"$508,228,060"
2002BWA,2002,Botswana,"$5,438,857,106",0.02%,8.03%,108.03%,"$5,034,449,978"
2002CAF,2002,Central Africa,"$991,387,870",0.00%,2.33%,102.33%,"$968,797,290"
2002CAN,2002,Canada,"$760,649,334,098",2.21%,2.26%,102.26%,"$743,850,261,384"
2002CHE,2002,Switzerland,"$310,175,772,488",0.90%,0.64%,100.64%,"$308,194,967,965"
2002CHL,2002,Chile,"$69,736,811,435",0.20%,2.49%,102.49%,"$68,042,951,449"
2002CHN,2002,China,"$1,470,550,015,077",4.28%,-0.73%,99.27%,"$1,481,393,383,589"
2002CIV,2002,C ô te d'Ivoire,"$12,405,208,665",0.04%,3.08%,103.08%,"$12,034,864,024"
2002CMR,2002,Cameroon,"$11,634,008,832",0.03%,2.83%,102.83%,"$11,313,340,939"
2002COD,2002,Congo (gold),"$8,728,038,525",0.03%,31.52%,131.52%,"$6,636,152,022"
2002COG,2002,Congo (Brazzaville),"$3,034,251,042",0.01%,4.38%,104.38%,"$2,906,962,154"
2002COL,2002,Columbia,"$97,963,003,804",0.29%,6.35%,106.35%,"$92,112,111,498"
2002COM,2002,Comoros,"$425,964,697",0.00%,3.53%,103.53%,"$411,428,746"
2002CPV,2002,Cape Verde,"$620,974,660",0.00%,1.88%,101.88%,"$609,488,639"
2002CRI,2002,Costa Rica,"$16,578,820,687",0.05%,9.17%,109.17%,"$15,186,587,195"
2002CYP,2002,Cyprus,"$11,420,227,884",0.03%,2.80%,102.80%,"$11,109,046,273"
2002CZE,2002,Czech,"$82,196,001,050",0.24%,1.90%,101.90%,"$80,661,036,868"
2002DEU,2002,Germany,"$2,068,624,129,493",6.02%,1.42%,101.42%,"$2,039,644,742,667"
2002DJI,2002,Djibouti,"$591,122,039",0.00%,0.64%,100.64%,"$587,376,810"
2002DMA,2002,Dominica,"$27,137,508,656",0.08%,0.17%,100.17%,"$27,091,438,221"
2002DMA,2002,Dominica,"$333,196,296",0.00%,0.17%,100.17%,"$332,630,640"
2002DNK,2002,Denmark,"$178,635,163,717",0.52%,2.42%,102.42%,"$174,406,781,844"
2002DZA,2002,Algeria,"$56,760,318,215",0.17%,1.42%,101.42%,"$55,966,543,650"
2002ECU,2002,Ecuador,"$28,548,945,000",0.08%,12.48%,112.48%,"$25,380,445,474"
2002EGY,2002,Egypt,"$85,146,067,415",0.25%,2.74%,102.74%,"$82,877,512,202"
2002ESP,2002,Spain,"$705,394,315,829",2.05%,3.07%,103.07%,"$684,412,574,786"
2002EST,2002,Estonia,"$7,372,457,379",0.02%,3.57%,103.57%,"$7,118,201,438"
2002ETH,2002,Ethiopia,"$7,850,809,498",0.02%,0.68%,100.68%,"$7,798,164,936"
2002FIN,2002,Finland,"$139,738,377,564",0.41%,1.57%,101.57%,"$137,576,744,070"
2002FJI,2002,Fiji Islands,"$1,833,279,985",0.01%,0.76%,100.76%,"$1,819,415,455"
2002FRA,2002,France,"$1,494,286,655,373",4.35%,1.92%,101.92%,"$1,466,087,743,575"
2002FSM,2002,Micronesia (Federated States of),"$242,517,200",0.00%,-0.11%,99.89%,"$242,787,769"
2002GAB,2002,Gabon,"$5,335,451,307",0.02%,0.04%,100.04%,"$5,333,494,827"
2002GBR,2002,United Kingdom,"$1,780,082,434,052",5.18%,1.52%,101.52%,"$1,753,423,342,437"
2002GEO,2002,Georgia,"$3,395,728,013",0.01%,5.59%,105.59%,"$3,216,021,939"
2002GHA,2002,Garner,"$6,166,330,136",0.02%,9.36%,109.36%,"$5,638,512,768"
2002GMB,2002,Gambia,"$578,236,035",0.00%,8.61%,108.61%,"$532,400,971"
2002GNB,2002,Guinea Bissau,"$417,806,667",0.00%,3.30%,103.30%,"$404,459,027"
2002GNQ,2002,Equatorial Guinea,"$1,806,742,742",0.01%,7.59%,107.59%,"$1,679,246,326"
2002GRC,2002,Greece,"$153,830,946,734",0.45%,3.63%,103.63%,"$148,443,403,139"
2002GRD,2002,Grenada,"$540,336,925",0.00%,1.07%,101.07%,"$534,631,257"
2002GTM,2002,Guatemala,"$20,444,205,991",0.06%,8.13%,108.13%,"$18,906,601,909"
2002GUY,2002,Guyana,"$726,131,434",0.00%,5.34%,105.34%,"$689,315,014"
2002HKG,2002,Hong Kong,"$166,349,228,737",0.48%,-2.98%,97.02%,"$171,464,245,129"
2002HND,2002,Honduras,"$7,858,235,333",0.02%,7.69%,107.69%,"$7,297,054,637"
2002HRV,2002,Croatia,"$26,813,968,850",0.08%,1.67%,101.67%,"$26,373,068,020"
2002HTI,2002,Haiti,"$3,472,191,962",0.01%,7.03%,107.03%,"$3,244,042,536"
2002HUN,2002,Hungary,"$67,608,919,144",0.20%,5.27%,105.27%,"$64,227,075,731"
2002IDN,2002,Indonesia,"$195,660,611,165",0.57%,11.90%,111.90%,"$174,852,909,375"
2002IND,2002,India,"$514,937,948,870",1.50%,4.30%,104.30%,"$493,721,965,368"
2002IRL,2002,Ireland,"$127,946,590,438",0.37%,4.61%,104.61%,"$122,302,649,378"
2002IRN,2002,Iran,"$128,626,917,503",0.37%,14.34%,114.34%,"$112,499,118,427"
2002IRQ,2002,Iraq,"$32,928,454,672",0.10%,19.32%,119.32%,"$27,597,525,042"
2002ISL,2002,Iceland,"$9,318,395,054",0.03%,5.20%,105.20%,"$8,858,040,703"
2002ISR,2002,Israel,"$121,411,638,102",0.35%,5.76%,105.76%,"$114,802,917,521"
2002ITA,2002,Italy,"$1,270,712,309,429",3.70%,2.47%,102.47%,"$1,240,138,878,055"
2002JAM,2002,Jamaica,"$9,719,017,925",0.03%,7.08%,107.08%,"$9,076,717,610"
2002JOR,2002,Jordan,"$9,582,453,032",0.03%,1.83%,101.83%,"$9,409,968,877"
2002JPN,2002,Japan,"$4,115,116,279,069",11.97%,-0.92%,99.08%,"$4,153,473,357,438"
2002KAZ,2002,Kazakhstan,"$24,636,593,223",0.07%,5.84%,105.84%,"$23,277,880,886"
2002KEN,2002,Kenya,"$13,147,743,910",0.04%,1.96%,101.96%,"$12,894,836,424"
2002KGZ,2002,Kyrgyzstan,"$1,605,643,104",0.00%,2.13%,102.13%,"$1,572,091,375"
2002KHM,2002,Cambodia,"$4,284,028,482",0.01%,0.21%,100.21%,"$4,274,988,311"
2002KNA,2002,Saint Kitts and Nevis,"$481,077,373",0.00%,2.04%,102.04%,"$471,454,556"
2002KOR,2002,South Korea,"$627,246,081,417",1.83%,2.76%,102.76%,"$610,385,630,465"
2002KWT,2002,Kuwait,"$38,137,545,245",0.11%,0.89%,100.89%,"$37,801,696,021"
2002LAO,2002,Laos,"$1,758,176,653",0.01%,10.63%,110.63%,"$1,589,221,083"
2002LBR,2002,Liberia,"$927,000,000",0.00%,14.16%,114.16%,"$812,020,731"
2002LBY,2002,Libya,"$20,481,889,763",0.06%,-9.80%,90.20%,"$22,706,602,539"
2002LCA,2002,Saint Lucia,"$900,000,000",0.00%,-0.26%,99.74%,"$902,305,722"
2002LKA,2002,Sri Lanka,"$16,536,535,647",0.05%,9.55%,109.55%,"$15,094,824,207"
2002LSO,2002,Lesotho,"$775,780,697",0.00%,33.81%,133.81%,"$579,751,699"
2002LTU,2002,Lithuania,"$14,259,781,159",0.04%,0.28%,100.28%,"$14,219,751,618"
2002LUX,2002,Luxembourg,"$23,616,328,816",0.07%,2.07%,102.07%,"$23,136,458,733"
2002LVA,2002,Latvia,"$9,545,172,805",0.03%,1.94%,101.94%,"$9,363,623,775"
2002MAC,2002,Macao,"$7,371,723,056",0.02%,-2.64%,97.36%,"$7,571,420,560"
2002MDA,2002,Moldova,"$1,661,818,168",0.00%,5.30%,105.30%,"$1,578,156,256"
2002MDG,2002,Madagascar,"$5,351,701,534",0.02%,16.50%,116.50%,"$4,593,793,363"
2002MDV,2002,Maldives,"$897,031,250",0.00%,4.18%,104.18%,"$861,050,760"
2002MEX,2002,Mexico,"$772,106,378,935",2.25%,5.03%,105.03%,"$735,124,280,816"
2002MKD,2002,Macedonia,"$3,994,762,861",0.01%,2.31%,102.31%,"$3,904,391,887"
2002MLI,2002,Mali,"$3,908,121,459",0.01%,5.03%,105.03%,"$3,720,857,306"
2002MLT,2002,Malta,"$4,470,446,391",0.01%,2.19%,102.19%,"$4,374,706,359"
2002MMR,2002,Myanmar,"$7,630,308,165",0.02%,57.07%,157.07%,"$4,857,763,429"
2002MNG,2002,Mongolia,"$1,396,555,719",0.00%,0.92%,100.92%,"$1,383,864,647"
2002MRT,2002,Mauritania,"$1,324,427,093",0.00%,3.90%,103.90%,"$1,274,765,968"
2002MUS,2002,Mauritius,"$4,841,310,239",0.01%,6.42%,106.42%,"$4,549,276,968"
2002MWI,2002,Malawi,"$3,495,748,397",0.01%,14.74%,114.74%,"$3,046,546,280"
2002MYS,2002,Malaysia,"$100,845,526,315",0.29%,1.81%,101.81%,"$99,054,742,895"
2002NER,2002,Niger,"$2,170,481,508",0.01%,2.63%,102.63%,"$2,114,884,041"
2002NGA,2002,Nigeria,"$95,385,819,320",0.28%,12.88%,112.88%,"$84,504,526,976"
2002NIC,2002,Nicaragua,"$5,224,213,017",0.02%,3.75%,103.75%,"$5,035,377,564"
2002NLD,2002,Netherlands,"$471,613,965,744",1.37%,3.29%,103.29%,"$456,603,000,346"
2002NOR,2002,Norway,"$195,524,186,477",0.57%,1.29%,101.29%,"$193,040,288,279"
2002NPL,2002,Nepal,"$6,050,875,806",0.02%,3.03%,103.03%,"$5,872,960,375"
2002NZL,2002,New Zealand,"$66,627,729,311",0.19%,2.68%,102.68%,"$64,890,549,234"
2002OMN,2002,Oman,"$20,142,756,174",0.06%,-0.28%,99.72%,"$20,199,228,941"
2002PAK,2002,Pakistan,"$79,904,985,384",0.23%,3.29%,103.29%,"$77,359,588,252"
2002PAN,2002,Panama,"$12,994,310,400",0.04%,1.01%,101.01%,"$12,864,911,148"
2002PER,2002,Peru,"$54,777,553,515",0.16%,0.19%,100.19%,"$54,671,962,817"
2002PHL,2002,Philippines,"$84,307,291,973",0.25%,2.72%,102.72%,"$82,072,640,861"
2002PLW,2002,Palau,"$163,184,900",0.00%,-1.30%,98.70%,"$165,336,316"
2002PNG,2002,Papua New Guinea,"$2,999,511,040",0.01%,11.80%,111.80%,"$2,682,939,064"
2002POL,2002,Poland,"$199,072,058,823",0.58%,1.91%,101.91%,"$195,350,088,458"
2002PRT,2002,Portugal,"$134,156,091,661",0.39%,3.60%,103.60%,"$129,493,863,762"
2002PRY,2002,Paraguay,"$7,196,260,656",0.02%,10.51%,110.51%,"$6,511,849,508"
2002QAT,2002,Qatar,"$19,363,736,263",0.06%,0.24%,100.24%,"$19,317,374,564"
2002ROU,2002,Romania,"$46,066,101,951",0.13%,22.54%,122.54%,"$37,592,740,908"
2002RUS,2002,Russia,"$345,470,494,417",1.01%,15.79%,115.79%,"$298,362,795,809"
2002RWA,2002,Rwanda,"$1,964,779,920",0.01%,1.99%,101.99%,"$1,926,394,857"
2002SAU,2002,Saudi Arabia,"$189,605,920,240",0.55%,0.25%,100.25%,"$189,138,395,633"
2002SDN,2002,Sudan,"$14,803,189,092",0.04%,22.22%,122.22%,"$12,111,452,241"
2002SEN,2002,Senegal,"$7,037,368,538",0.02%,2.34%,102.34%,"$6,876,640,686"
2002SGP,2002,Singapore,"$92,537,752,708",0.27%,-0.39%,99.61%,"$92,901,626,890"
2002SLB,2002,Solomon Islands,"$346,431,958",0.00%,10.93%,110.93%,"$312,298,837"
2002SLV,2002,El Salvador,"$12,664,190,300",0.04%,1.87%,101.87%,"$12,432,263,315"
2002SRB,2002,Serbia,"$17,120,906,918",0.05%,19.49%,119.49%,"$14,328,217,997"
2002STP,2002,Sao Tome and Principe.,"$85,171,308",0.00%,10.13%,110.13%,"$77,337,959"
2002SUR,2002,Suriname,"$1,093,574,468",0.00%,15.53%,115.53%,"$946,593,170"
2002SVK,2002,Slovakia,"$35,130,340,673",0.10%,3.13%,103.13%,"$34,065,077,256"
2002SVN,2002,Slovenia,"$23,489,890,274",0.07%,7.48%,107.48%,"$21,854,968,651"
2002SWE,2002,Sweden,"$266,849,061,835",0.78%,2.16%,102.16%,"$261,210,871,829"
2002SWZ,2002,Eswatini,"$1,432,228,172",0.00%,12.02%,112.02%,"$1,278,550,089"
2002SYC,2002,Seychelles,"$697,518,248",0.00%,0.18%,100.18%,"$696,299,723"
2002SYR,2002,Syria,"$21,582,248,881",0.06%,-0.13%,99.87%,"$21,610,451,662"
2002TCD,2002,Chad,"$1,997,005,786",0.01%,5.19%,105.19%,"$1,898,442,109"
2002TGO,2002,Togo,"$1,706,698,099",0.00%,3.06%,103.06%,"$1,656,026,687"
2002THA,2002,Thailand,"$134,300,851,255",0.39%,0.70%,100.70%,"$133,370,844,384"
2002TJK,2002,Tajikistan,"$1,221,120,798",0.00%,12.25%,112.25%,"$1,087,858,319"
2002TON,2002,Tonga,"$182,763,693",0.00%,10.36%,110.36%,"$165,608,235"
2002TTO,2002,Trinidad and Tobago,"$9,008,273,720",0.03%,4.15%,104.15%,"$8,649,321,796"
2002TUN,2002,Tunisia,"$23,142,153,759",0.07%,2.72%,102.72%,"$22,529,128,765"
2002TUR,2002,Turkey,"$240,253,216,295",0.70%,44.96%,144.96%,"$165,732,882,537"
2002TZA,2002,Tanzania,"$14,142,035,080",0.04%,5.32%,105.32%,"$13,427,958,579"
2002UGA,2002,Uganda,"$6,178,563,590",0.02%,-0.29%,99.71%,"$6,196,378,706"
2002UKR,2002,Ukraine,"$42,351,593,887",0.12%,0.76%,100.76%,"$42,033,225,475"
2002URY,2002,Uruguay,"$13,606,494,599",0.04%,13.97%,113.97%,"$11,938,404,327"
2002USA,2002,the United States,"$10,936,419,054,000",31.82%,1.59%,101.59%,"$10,765,672,089,797"
2002VCT,2002,Saint Vincent and the Grenadines,"$461,885,185",0.00%,1.86%,101.86%,"$453,471,012"
2002VNM,2002,Vietnam,"$35,064,105,500",0.10%,3.83%,103.83%,"$33,770,418,715"
2002VUT,2002,Vanuatu,"$262,596,597",0.00%,1.96%,101.96%,"$257,539,632"
2002WSM,2002,Samoa,"$288,078,881",0.00%,8.05%,108.05%,"$266,615,495"
2002YEM,2002,Yemen,"$10,694,628,091",0.03%,12.24%,112.24%,"$9,528,481,632"
2002ZAF,2002,South Africa,"$115,482,368,343",0.34%,9.49%,109.49%,"$105,468,444,641"
2002ZMB,2002,Zambia,"$4,193,845,678",0.01%,22.23%,122.23%,"$3,431,016,054"
2003ABW,2003,Aruba,"$2,021,229,050",0.01%,3.66%,103.66%,"$1,949,932,403"
2003AGO,2003,Angola,"$17,812,705,294",0.05%,98.22%,198.22%,"$8,986,143,143"
2003ALB,2003,Albania,"$5,611,492,282",0.01%,0.48%,100.48%,"$5,584,463,334"
2003ARM,2003,Armenia,"$2,807,061,008",0.01%,4.72%,104.72%,"$2,680,499,780"
2003ATG,2003,Antigua and Barbuda,"$856,396,296",0.00%,1.99%,101.99%,"$839,657,468"
2003AUS,2003,Australia,"$466,488,060,570",1.21%,2.73%,102.73%,"$454,079,891,765"
2003AUT,2003,Austria,"$261,695,778,781",0.68%,1.36%,101.36%,"$258,195,796,091"
2003AZE,2003,Azerbaijan,"$7,276,753,894",0.02%,2.23%,102.23%,"$7,117,752,908"
2003BDI,2003,Burundi,"$784,654,423",0.00%,10.65%,110.65%,"$709,148,127"
2003BEL,2003,Belgium,"$317,381,715,575",0.82%,1.59%,101.59%,"$312,417,513,752"
2003BEN,2003,Benin,"$3,905,366,187",0.01%,1.49%,101.49%,"$3,848,135,088"
2003BFA,2003,Burkina Faso,"$4,740,768,355",0.01%,2.03%,102.03%,"$4,646,237,597"
2003BGD,2003,Bangladesh,"$60,158,929,188",0.16%,5.67%,105.67%,"$56,931,640,860"
2003BGR,2003,Bulgaria,"$21,144,983,551",0.05%,2.35%,102.35%,"$20,659,759,818"
2003BHR,2003,Bahrain,"$11,074,813,829",0.03%,1.59%,101.59%,"$10,901,091,259"
2003BHS,2003,Bahamas,"$8,870,090,000",0.02%,3.03%,103.03%,"$8,609,644,361"
2003BLR,2003,Belarus,"$17,827,791,321",0.05%,28.40%,128.40%,"$13,884,806,266"
2003BOL,2003,Bolivia,"$8,082,364,868",0.02%,3.34%,103.34%,"$7,821,345,074"
2003BRA,2003,Brazil,"$558,319,920,831",1.45%,14.71%,114.71%,"$486,702,097,856"
2003BRB,2003,Barbados,"$3,209,500,000",0.01%,1.62%,101.62%,"$3,158,352,590"
2003BRN,2003,Brunei,"$6,557,333,084",0.02%,0.30%,100.30%,"$6,537,719,924"
2003BTN,2003,Bhutan,"$604,041,957",0.00%,1.57%,101.57%,"$594,727,616"
2003BWA,2003,Botswana,"$7,511,582,173",0.02%,9.19%,109.19%,"$6,879,374,365"
2003CAF,2003,Central Africa,"$1,139,754,799",0.00%,4.13%,104.13%,"$1,094,500,392"
2003CAN,2003,Canada,"$895,540,646,634",2.32%,2.76%,102.76%,"$871,499,774,446"
2003CHE,2003,Switzerland,"$363,063,293,977",0.94%,0.64%,100.64%,"$360,760,656,362"
2003CHL,2003,Chile,"$75,643,459,839",0.20%,2.81%,102.81%,"$73,575,847,016"
2003CHN,2003,China,"$1,660,287,965,663",4.30%,1.13%,101.13%,"$1,641,775,250,688"
2003CIV,2003,C ô te d'Ivoire,"$15,340,993,079",0.04%,3.30%,103.30%,"$14,851,371,940"
2003CMR,2003,Cameroon,"$14,581,533,773",0.04%,0.62%,100.62%,"$14,491,229,710"
2003COD,2003,Congo (gold),"$8,937,567,059",0.02%,12.87%,112.87%,"$7,918,182,906"
2003COG,2003,Congo (Brazzaville),"$3,503,723,244",0.01%,-0.63%,99.37%,"$3,526,002,112"
2003COL,2003,Columbia,"$94,641,378,693",0.25%,7.13%,107.13%,"$88,341,942,941"
2003COM,2003,Comoros,"$546,885,184",0.00%,3.80%,103.80%,"$526,869,002"
2003CPV,2003,Cape Verde,"$813,963,830",0.00%,1.19%,101.19%,"$804,406,115"
2003CRI,2003,Costa Rica,"$17,271,760,506",0.04%,9.45%,109.45%,"$15,780,851,766"
2003CYP,2003,Cyprus,"$14,547,325,028",0.04%,4.14%,104.14%,"$13,969,133,460"
2003CZE,2003,Czech,"$100,090,467,581",0.26%,0.12%,100.12%,"$99,971,761,905"
2003DEU,2003,Germany,"$2,496,128,668,171",6.47%,1.03%,101.03%,"$2,470,577,272,043"
2003DJI,2003,Djibouti,"$622,044,665",0.00%,1.98%,101.98%,"$609,955,545"
2003DMA,2003,Dominica,"$21,403,167,848",0.06%,1.45%,101.45%,"$21,096,557,235"
2003DMA,2003,Dominica,"$343,311,111",0.00%,1.45%,101.45%,"$338,393,015"
2003DNK,2003,Denmark,"$218,096,033,517",0.57%,2.08%,102.08%,"$213,662,372,197"
2003DZA,2003,Algeria,"$67,863,841,333",0.18%,4.27%,104.27%,"$65,085,376,574"
2003ECU,2003,Ecuador,"$32,432,858,000",0.08%,7.93%,107.93%,"$30,050,065,129"
2003EGY,2003,Egypt,"$80,288,461,538",0.21%,4.51%,104.51%,"$76,825,346,718"
2003ESP,2003,Spain,"$905,492,099,322",2.35%,3.04%,103.04%,"$878,786,750,746"
2003EST,2003,Estonia,"$9,877,636,630",0.03%,1.33%,101.33%,"$9,747,508,256"
2003ETH,2003,Ethiopia,"$8,623,691,300",0.02%,13.67%,113.67%,"$7,586,332,733"
2003FIN,2003,Finland,"$171,274,266,365",0.44%,0.88%,100.88%,"$169,784,508,518"
2003FJI,2003,Fiji Islands,"$2,300,453,634",0.01%,4.17%,104.17%,"$2,208,306,571"
2003FRA,2003,France,"$1,840,480,812,641",4.77%,2.10%,102.10%,"$1,802,652,648,120"
2003FSM,2003,Micronesia (Federated States of),"$245,432,900",0.00%,0.13%,100.13%,"$245,122,469"
2003GAB,2003,Gabon,"$6,511,903,657",0.02%,2.24%,102.24%,"$6,369,522,340"
2003GBR,2003,United Kingdom,"$2,050,919,183,673",5.32%,1.38%,101.38%,"$2,023,071,595,374"
2003GEO,2003,Georgia,"$3,991,284,895",0.01%,0.84%,100.84%,"$3,958,126,304"
2003GHA,2003,Garner,"$7,632,406,552",0.02%,29.77%,129.77%,"$5,881,352,627"
2003GMB,2003,Gambia,"$487,038,821",0.00%,17.03%,117.03%,"$416,155,594"
2003GNB,2003,Guinea Bissau,"$477,458,598",0.00%,-3.50%,96.50%,"$494,789,006"
2003GNQ,2003,Equatorial Guinea,"$2,484,745,935",0.01%,7.32%,107.32%,"$2,315,191,842"
2003GRC,2003,Greece,"$201,924,269,751",0.52%,3.53%,103.53%,"$195,038,154,603"
2003GRD,2003,Grenada,"$591,018,407",0.00%,2.15%,102.15%,"$578,551,048"
2003GTM,2003,Guatemala,"$21,576,351,798",0.06%,5.60%,105.60%,"$20,431,478,642"
2003GUY,2003,Guyana,"$743,064,076",0.00%,5.98%,105.98%,"$701,129,664"
2003HKG,2003,Hong Kong,"$161,384,522,525",0.42%,-2.67%,97.33%,"$165,818,163,253"
2003HND,2003,Honduras,"$8,230,387,552",0.02%,7.67%,107.67%,"$7,643,790,361"
2003HRV,2003,Croatia,"$34,682,900,712",0.09%,1.77%,101.77%,"$34,080,581,706"
2003HTI,2003,Haiti,"$2,960,306,120",0.01%,28.70%,128.70%,"$2,300,167,701"
2003HUN,2003,Hungary,"$85,302,003,908",0.22%,4.66%,104.66%,"$81,503,129,240"
2003IDN,2003,Indonesia,"$234,772,463,823",0.61%,6.76%,106.76%,"$219,912,292,659"
2003IND,2003,India,"$607,699,285,433",1.58%,3.81%,103.81%,"$585,419,061,425"
2003IRL,2003,Ireland,"$164,259,648,984",0.43%,3.49%,103.49%,"$158,719,559,152"
2003IRN,2003,Iran,"$153,544,751,395",0.40%,16.47%,116.47%,"$131,834,268,705"
2003IRQ,2003,Iraq,"$21,921,569,478",0.06%,33.62%,133.62%,"$16,406,369,691"
2003ISL,2003,Iceland,"$11,429,333,037",0.03%,2.06%,102.06%,"$11,199,116,901"
2003ISR,2003,Israel,"$127,330,118,574",0.33%,0.73%,100.73%,"$126,412,660,180"
2003ITA,2003,Italy,"$1,574,145,823,927",4.08%,2.67%,102.67%,"$1,533,170,978,196"
2003JAM,2003,Jamaica,"$9,430,230,564",0.02%,10.09%,110.09%,"$8,566,165,204"
2003JOR,2003,Jordan,"$10,195,660,789",0.03%,1.63%,101.63%,"$10,032,136,957"
2003JPN,2003,Japan,"$4,445,658,071,221",11.53%,-0.26%,99.74%,"$4,457,092,376,946"
2003KAZ,2003,Kazakhstan,"$30,833,699,702",0.08%,6.44%,106.44%,"$28,968,635,751"
2003KEN,2003,Kenya,"$14,904,517,649",0.04%,9.82%,109.82%,"$13,572,302,431"
2003KGZ,2003,Kyrgyzstan,"$1,919,008,090",0.00%,2.97%,102.97%,"$1,863,573,977"
2003KHM,2003,Cambodia,"$4,658,246,918",0.01%,0.94%,100.94%,"$4,614,787,337"
2003KNA,2003,Saint Kitts and Nevis,"$469,869,869",0.00%,2.24%,102.24%,"$459,595,894"
2003KOR,2003,South Korea,"$702,717,332,012",1.82%,3.51%,103.51%,"$678,856,382,046"
2003KWT,2003,Kuwait,"$47,876,510,067",0.12%,0.96%,100.96%,"$47,420,631,685"
2003LAO,2003,Laos,"$2,023,324,407",0.01%,15.49%,115.49%,"$1,751,957,523"
2003LBR,2003,Liberia,"$748,000,000",0.00%,10.33%,110.33%,"$677,964,331"
2003LBY,2003,Libya,"$26,265,625,000",0.07%,-2.19%,97.81%,"$26,854,037,764"
2003LCA,2003,Saint Lucia,"$987,407,407",0.00%,1.03%,101.03%,"$977,299,649"
2003LKA,2003,Sri Lanka,"$18,881,765,437",0.05%,6.31%,106.31%,"$17,760,268,779"
2003LSO,2003,Lesotho,"$1,157,832,934",0.00%,6.63%,106.63%,"$1,085,850,151"
2003LTU,2003,Lithuania,"$18,781,721,376",0.05%,-1.13%,98.87%,"$18,997,208,334"
2003LUX,2003,Luxembourg,"$29,557,325,056",0.08%,2.05%,102.05%,"$28,963,617,157"
2003LVA,2003,Latvia,"$11,749,456,401",0.03%,2.94%,102.94%,"$11,413,594,543"
2003MAC,2003,Macao,"$8,246,521,717",0.02%,-1.56%,98.44%,"$8,377,414,805"
2003MDA,2003,Moldova,"$1,980,907,434",0.01%,11.75%,111.75%,"$1,772,686,297"
2003MDG,2003,Madagascar,"$6,372,498,719",0.02%,-1.70%,98.30%,"$6,482,968,819"
2003MDV,2003,Maldives,"$1,052,121,054",0.00%,-1.26%,98.74%,"$1,065,553,972"
2003MEX,2003,Mexico,"$729,336,319,677",1.89%,4.55%,104.55%,"$697,616,398,796"
2003MKD,2003,Macedonia,"$4,948,324,125",0.01%,0.86%,100.86%,"$4,906,347,276"
2003MLI,2003,Mali,"$4,714,072,191",0.01%,-1.35%,98.65%,"$4,778,424,485"
2003MLT,2003,Malta,"$5,448,415,500",0.01%,1.30%,101.30%,"$5,378,291,306"
2003MMR,2003,Myanmar,"$8,981,700,373",0.02%,36.59%,136.59%,"$6,575,678,269"
2003MNG,2003,Mongolia,"$1,595,297,355",0.00%,5.13%,105.13%,"$1,517,466,571"
2003MRT,2003,Mauritania,"$1,563,074,858",0.00%,5.15%,105.15%,"$1,486,492,242"
2003MUS,2003,Mauritius,"$5,816,553,826",0.02%,3.92%,103.92%,"$5,597,088,969"
2003MWI,2003,Malawi,"$3,208,837,077",0.01%,9.58%,109.58%,"$2,928,390,991"
2003MYS,2003,Malaysia,"$110,202,368,421",0.29%,1.09%,101.09%,"$109,014,463,619"
2003NAM,2003,Namibia,"$4,926,471,288",0.01%,7.14%,107.14%,"$4,598,327,590"
2003NER,2003,Niger,"$3,394,084,884",0.01%,-1.61%,98.39%,"$3,449,778,371"
2003NGA,2003,Nigeria,"$104,911,947,834",0.27%,14.03%,114.03%,"$92,002,373,823"
2003NIC,2003,Nicaragua,"$5,322,454,925",0.01%,5.30%,105.30%,"$5,054,448,469"
2003NLD,2003,Netherlands,"$578,792,325,056",1.50%,2.09%,102.09%,"$566,932,114,351"
2003NOR,2003,Norway,"$228,858,506,821",0.59%,2.49%,102.49%,"$223,303,114,908"
2003NPL,2003,Nepal,"$6,330,473,096",0.02%,5.71%,105.71%,"$5,988,697,568"
2003NZL,2003,New Zealand,"$88,250,885,550",0.23%,1.75%,101.75%,"$86,730,010,251"
2003OMN,2003,Oman,"$21,633,708,220",0.06%,0.23%,100.23%,"$21,583,778,749"
2003PAK,2003,Pakistan,"$91,760,542,940",0.24%,2.91%,102.91%,"$89,162,235,301"
2003PAN,2003,Panama,"$13,693,981,200",0.04%,0.39%,100.39%,"$13,640,555,690"
2003PER,2003,Peru,"$58,731,030,121",0.15%,2.26%,102.26%,"$57,433,392,944"
2003PHL,2003,Philippines,"$87,039,145,965",0.23%,2.29%,102.29%,"$85,091,273,440"
2003PLW,2003,Palau,"$153,963,200",0.00%,0.92%,100.92%,"$152,555,307"
2003PNG,2003,Papua New Guinea,"$3,536,411,824",0.01%,14.71%,114.71%,"$3,082,939,804"
2003POL,2003,Poland,"$217,827,260,805",0.56%,0.68%,100.68%,"$216,350,234,775"
2003PRT,2003,Portugal,"$164,862,142,212",0.43%,3.22%,103.22%,"$159,720,745,924"
2003PRY,2003,Paraguay,"$7,691,367,471",0.02%,14.24%,114.24%,"$6,732,828,361"
2003QAT,2003,Qatar,"$23,533,791,208",0.06%,2.26%,102.26%,"$23,012,654,675"
2003ROU,2003,Romania,"$57,806,506,024",0.15%,15.27%,115.27%,"$50,147,268,492"
2003RUS,2003,Russia,"$430,347,770,731",1.12%,13.66%,113.66%,"$378,616,314,288"
2003RWA,2003,Rwanda,"$2,137,093,489",0.01%,7.45%,107.45%,"$1,988,924,572"
2003SAU,2003,Saudi Arabia,"$215,807,655,253",0.56%,0.61%,100.61%,"$214,494,531,752"
2003SDN,2003,Sudan,"$17,646,503,525",0.05%,6.49%,106.49%,"$16,571,131,219"
2003SEN,2003,Senegal,"$8,810,461,468",0.02%,-0.05%,99.95%,"$8,815,045,029"
2003SGP,2003,Singapore,"$97,645,448,283",0.25%,0.51%,100.51%,"$97,152,008,085"
2003SLB,2003,Solomon Islands,"$352,522,682",0.00%,8.27%,108.27%,"$325,597,514"
2003SLV,2003,El Salvador,"$13,243,892,200",0.03%,2.12%,102.12%,"$12,968,900,805"
2003SRB,2003,Serbia,"$22,482,365,321",0.06%,9.88%,109.88%,"$20,461,546,394"
2003STP,2003,Sao Tome and Principe.,"$102,085,583",0.00%,9.79%,109.79%,"$92,980,538"
2003SUR,2003,Suriname,"$1,274,190,311",0.00%,23.00%,123.00%,"$1,035,908,283"
2003SVK,2003,Slovakia,"$46,816,589,164",0.12%,8.55%,108.55%,"$43,127,408,910"
2003SVN,2003,Slovenia,"$29,634,713,641",0.08%,5.54%,105.54%,"$28,078,021,993"
2003SWE,2003,Sweden,"$334,337,212,322",0.87%,1.93%,101.93%,"$328,020,664,844"
2003SWZ,2003,Eswatini,"$2,197,612,767",0.01%,7.29%,107.29%,"$2,048,292,261"
2003SYC,2003,Seychelles,"$705,704,816",0.00%,3.30%,103.30%,"$683,143,630"
2003SYR,2003,Syria,"$21,828,144,686",0.06%,5.80%,105.80%,"$20,632,135,008"
2003TCD,2003,Chad,"$2,742,815,194",0.01%,-1.75%,98.25%,"$2,791,742,418"
2003TGO,2003,Togo,"$2,115,836,353",0.01%,-0.93%,99.07%,"$2,135,698,367"
2003THA,2003,Thailand,"$152,280,677,649",0.39%,1.80%,101.80%,"$149,581,700,320"
2003TJK,2003,Tajikistan,"$1,555,301,496",0.00%,16.30%,116.30%,"$1,337,278,426"
2003TLS,2003,Timor Leste,"$490,400,300",0.00%,7.17%,107.17%,"$457,611,695"
2003TON,2003,Tonga,"$202,246,959",0.00%,11.64%,111.64%,"$181,162,178"
2003TTO,2003,Trinidad and Tobago,"$11,305,459,802",0.03%,3.81%,103.81%,"$10,890,414,534"
2003TUN,2003,Tunisia,"$27,453,007,372",0.07%,2.71%,102.71%,"$26,727,986,034"
2003TUR,2003,Turkey,"$314,592,428,076",0.82%,21.60%,121.60%,"$258,705,690,516"
2003TZA,2003,Tanzania,"$15,224,257,698",0.04%,5.30%,105.30%,"$14,457,494,884"
2003UGA,2003,Uganda,"$6,606,884,390",0.02%,8.68%,108.68%,"$6,079,182,390"
2003UKR,2003,Ukraine,"$50,084,197,498",0.13%,5.18%,105.18%,"$47,617,751,391"
2003URY,2003,Uruguay,"$12,045,631,092",0.03%,19.38%,119.38%,"$10,090,181,201"
2003USA,2003,the United States,"$11,458,243,878,000",29.71%,2.27%,102.27%,"$11,203,904,602,831"
2003VCT,2003,Saint Vincent and the Grenadines,"$481,807,407",0.00%,0.21%,100.21%,"$480,817,012"
2003VNM,2003,Vietnam,"$39,552,513,316",0.10%,3.23%,103.23%,"$38,313,215,588"
2003VUT,2003,Vanuatu,"$314,471,328",0.00%,3.02%,103.02%,"$305,263,834"
2003WSM,2003,Samoa,"$338,838,639",0.00%,0.12%,100.12%,"$338,446,616"
2003YEM,2003,Yemen,"$11,777,966,673",0.03%,10.83%,110.83%,"$10,626,830,105"
2003ZAF,2003,South Africa,"$175,256,916,996",0.45%,5.68%,105.68%,"$165,838,268,976"
2003ZMB,2003,Zambia,"$4,901,839,731",0.01%,21.40%,121.40%,"$4,037,706,755"
2004ABW,2004,Aruba,"$2,228,491,620",0.01%,2.53%,102.53%,"$2,173,520,473"
2004AGO,2004,Angola,"$23,552,052,407",0.05%,43.54%,143.54%,"$16,407,765,596"
2004ALB,2004,Albania,"$7,184,681,398",0.02%,2.28%,102.28%,"$7,024,520,973"
2004ARM,2004,Armenia,"$3,576,615,240",0.01%,6.96%,106.96%,"$3,343,841,681"
2004ATG,2004,Antigua and Barbuda,"$919,729,629",0.00%,2.03%,102.03%,"$901,429,903"
2004AUS,2004,Australia,"$612,490,396,927",1.41%,2.34%,102.34%,"$598,466,792,541"
2004AUT,2004,Austria,"$300,904,221,504",0.69%,2.06%,102.06%,"$294,827,224,532"
2004AZE,2004,Azerbaijan,"$8,680,370,408",0.02%,6.71%,106.71%,"$8,134,624,134"
2004BDI,2004,Burundi,"$915,257,323",0.00%,8.18%,108.18%,"$846,078,326"
2004BEL,2004,Belgium,"$368,537,000,248",0.85%,2.10%,102.10%,"$360,966,510,582"
2004BEN,2004,Benin,"$4,521,424,807",0.01%,0.87%,100.87%,"$4,482,254,793"
2004BFA,2004,Burkina Faso,"$5,451,688,868",0.01%,-0.40%,99.60%,"$5,473,595,769"
2004BGD,2004,Bangladesh,"$65,108,544,250",0.15%,7.59%,107.59%,"$60,516,809,324"
2004BGR,2004,Bulgaria,"$26,157,894,736",0.06%,6.15%,106.15%,"$24,643,053,989"
2004BHR,2004,Bahrain,"$13,150,159,574",0.03%,2.35%,102.35%,"$12,847,857,055"
2004BHS,2004,Bahamas,"$9,055,290,000",0.02%,0.98%,100.98%,"$8,967,239,417"
2004BLR,2004,Belarus,"$23,144,351,851",0.05%,18.11%,118.11%,"$19,595,882,017"
2004BOL,2004,Bolivia,"$8,773,451,738",0.02%,4.44%,104.44%,"$8,400,681,510"
2004BRA,2004,Brazil,"$669,316,654,017",1.54%,6.60%,106.60%,"$627,893,366,405"
2004BRB,2004,Barbados,"$3,444,500,000",0.01%,1.39%,101.39%,"$3,397,129,666"
2004BRN,2004,Brunei,"$7,872,333,215",0.02%,0.81%,100.81%,"$7,808,752,479"
2004BTN,2004,Bhutan,"$682,523,857",0.00%,-18.11%,81.89%,"$833,450,287"
2004BWA,2004,Botswana,"$8,957,467,706",0.02%,6.95%,106.95%,"$8,375,715,341"
2004CAF,2004,Central Africa,"$1,270,080,250",0.00%,-2.07%,97.93%,"$1,296,879,036"
2004CAN,2004,Canada,"$1,026,690,238,278",2.36%,1.86%,101.86%,"$1,007,969,634,359"
2004CHE,2004,Switzerland,"$405,531,321,270",0.93%,0.80%,100.80%,"$402,301,209,732"
2004CHL,2004,Chile,"$99,210,392,857",0.23%,1.05%,101.05%,"$98,174,904,136"
2004CHN,2004,China,"$1,955,347,004,965",4.50%,3.82%,103.82%,"$1,883,316,959,584"
2004CIV,2004,C ô te d'Ivoire,"$16,584,164,236",0.04%,1.46%,101.46%,"$16,345,843,738"
2004CMR,2004,Cameroon,"$17,462,229,588",0.04%,0.23%,100.23%,"$17,421,524,652"
2004COD,2004,Congo (gold),"$10,297,483,481",0.02%,3.99%,103.99%,"$9,901,961,129"
2004COG,2004,Congo (Brazzaville),"$4,656,975,222",0.01%,2.43%,102.43%,"$4,546,505,767"
2004COL,2004,Columbia,"$117,081,522,349",0.27%,5.90%,105.90%,"$110,557,249,595"
2004COM,2004,Comoros,"$633,706,149",0.00%,4.47%,104.47%,"$606,562,519"
2004CPV,2004,Cape Verde,"$924,318,490",0.00%,-1.89%,98.11%,"$942,132,537"
2004CRI,2004,Costa Rica,"$18,610,594,846",0.04%,12.31%,112.31%,"$16,570,026,708"
2004CYP,2004,Cyprus,"$17,320,552,500",0.04%,2.29%,102.29%,"$16,933,417,812"
2004CZE,2004,Czech,"$119,814,434,353",0.28%,2.76%,102.76%,"$116,596,252,085"
2004DEU,2004,Germany,"$2,809,187,981,127",6.46%,1.67%,101.67%,"$2,763,161,083,810"
2004DJI,2004,Djibouti,"$666,072,101",0.00%,3.12%,103.12%,"$645,905,247"
2004DMA,2004,Dominica,"$22,322,395,368",0.05%,2.39%,102.39%,"$21,800,468,217"
2004DMA,2004,Dominica,"$367,200,000",0.00%,2.39%,102.39%,"$358,614,378"
2004DNK,2004,Denmark,"$251,373,002,954",0.58%,1.15%,101.15%,"$248,504,375,472"
2004DZA,2004,Algeria,"$85,332,581,188",0.20%,3.96%,103.96%,"$82,080,707,471"
2004ECU,2004,Ecuador,"$36,591,661,000",0.08%,2.74%,102.74%,"$35,615,032,236"
2004EGY,2004,Egypt,"$78,782,467,532",0.18%,11.27%,111.27%,"$70,802,578,440"
2004ESP,2004,Spain,"$1,067,093,369,754",2.45%,3.04%,103.04%,"$1,035,618,351,325"
2004EST,2004,Estonia,"$12,144,397,515",0.03%,3.05%,103.05%,"$11,785,172,371"
2004ETH,2004,Ethiopia,"$10,131,187,261",0.02%,3.33%,103.33%,"$9,804,940,563"
2004FIN,2004,Finland,"$197,116,960,516",0.45%,0.19%,100.19%,"$196,748,803,056"
2004FJI,2004,Fiji Islands,"$2,708,078,476",0.01%,2.83%,102.83%,"$2,633,613,446"
2004FRA,2004,France,"$2,115,742,488,204",4.87%,2.14%,102.14%,"$2,071,371,846,353"
2004FSM,2004,Micronesia (Federated States of),"$240,236,000",0.00%,2.28%,102.28%,"$234,888,305"
2004GAB,2004,Gabon,"$7,770,219,479",0.02%,0.41%,100.41%,"$7,738,629,981"
2004GBR,2004,United Kingdom,"$2,412,045,038,447",5.55%,1.39%,101.39%,"$2,378,967,926,280"
2004GEO,2004,Georgia,"$5,125,365,191",0.01%,5.66%,105.66%,"$4,850,978,041"
2004GHA,2004,Garner,"$8,881,368,538",0.02%,18.04%,118.04%,"$7,523,858,415"
2004GMB,2004,Gambia,"$578,785,951",0.00%,14.21%,114.21%,"$506,787,896"
2004GNB,2004,Guinea Bissau,"$532,062,927",0.00%,0.88%,100.88%,"$527,404,350"
2004GNQ,2004,Equatorial Guinea,"$4,410,764,338",0.01%,4.22%,104.22%,"$4,232,179,570"
2004GRC,2004,Greece,"$240,521,261,484",0.55%,2.90%,102.90%,"$233,745,339,143"
2004GRD,2004,Grenada,"$599,118,592",0.00%,2.31%,102.31%,"$585,574,736"
2004GTM,2004,Guatemala,"$23,577,286,226",0.05%,7.58%,107.58%,"$21,916,330,293"
2004GUY,2004,Guyana,"$787,814,379",0.00%,4.67%,104.67%,"$752,675,956"
2004HKG,2004,Hong Kong,"$169,099,768,875",0.39%,-0.27%,99.73%,"$169,565,608,459"
2004HND,2004,Honduras,"$8,869,311,410",0.02%,8.11%,108.11%,"$8,203,681,816"
2004HRV,2004,Croatia,"$41,587,470,546",0.10%,2.06%,102.06%,"$40,749,898,441"
2004HTI,2004,Haiti,"$3,537,720,277",0.01%,21.03%,121.03%,"$2,922,966,762"
2004HUN,2004,Hungary,"$103,960,017,914",0.24%,6.74%,106.74%,"$97,391,591,250"
2004IDN,2004,Indonesia,"$256,836,875,295",0.59%,6.06%,106.06%,"$242,152,596,811"
2004IND,2004,India,"$709,148,514,804",1.63%,3.77%,103.77%,"$683,403,003,305"
2004IRL,2004,Ireland,"$193,927,356,592",0.45%,2.20%,102.20%,"$189,753,484,846"
2004IRN,2004,Iran,"$190,043,433,964",0.44%,14.76%,114.76%,"$165,598,584,505"
2004IRQ,2004,Iraq,"$36,627,901,762",0.08%,26.96%,126.96%,"$28,849,520,836"
2004ISL,2004,Iceland,"$13,825,302,535",0.03%,3.16%,103.16%,"$13,402,040,207"
2004ISR,2004,Israel,"$135,728,171,575",0.31%,-0.41%,99.59%,"$136,289,321,638"
2004ITA,2004,Italy,"$1,803,226,967,966",4.15%,2.21%,102.21%,"$1,764,293,653,926"
2004JAM,2004,Jamaica,"$10,174,664,853",0.02%,13.55%,113.55%,"$8,960,159,783"
2004JOR,2004,Jordan,"$11,411,390,409",0.03%,3.36%,103.36%,"$11,040,232,347"
2004JPN,2004,Japan,"$4,815,148,854,362",11.08%,-0.01%,99.99%,"$4,815,561,711,152"
2004KAZ,2004,Kazakhstan,"$43,151,647,002",0.10%,6.88%,106.88%,"$40,373,145,191"
2004KEN,2004,Kenya,"$16,095,337,093",0.04%,11.62%,111.62%,"$14,419,239,562"
2004KGZ,2004,Kyrgyzstan,"$2,211,534,585",0.01%,4.11%,104.11%,"$2,124,215,502"
2004KHM,2004,Cambodia,"$5,337,833,248",0.01%,4.32%,104.32%,"$5,116,820,537"
2004KNA,2004,Saint Kitts and Nevis,"$506,900,000",0.00%,2.31%,102.31%,"$495,432,934"
2004KOR,2004,South Korea,"$793,175,007,858",1.82%,3.59%,103.59%,"$765,681,949,484"
2004KWT,2004,Kuwait,"$59,439,090,600",0.14%,1.25%,101.25%,"$58,706,107,025"
2004LAO,2004,Laos,"$2,366,398,119",0.01%,10.46%,110.46%,"$2,142,268,296"
2004LBR,2004,Liberia,"$897,000,000",0.00%,7.83%,107.83%,"$831,872,016"
2004LBY,2004,Libya,"$33,122,307,692",0.08%,-2.20%,97.80%,"$33,866,548,026"
2004LCA,2004,Saint Lucia,"$1,066,666,666",0.00%,1.46%,101.46%,"$1,051,313,617"
2004LKA,2004,Sri Lanka,"$20,662,525,941",0.05%,7.58%,107.58%,"$19,207,388,439"
2004LSO,2004,Lesotho,"$1,511,236,655",0.00%,5.02%,105.02%,"$1,438,952,041"
2004LTU,2004,Lithuania,"$22,627,507,451",0.05%,1.16%,101.16%,"$22,367,131,114"
2004LUX,2004,Luxembourg,"$34,685,281,847",0.08%,2.23%,102.23%,"$33,930,106,536"
2004LVA,2004,Latvia,"$14,401,882,398",0.03%,6.19%,106.19%,"$13,562,066,935"
2004MAC,2004,Macao,"$10,643,215,078",0.02%,0.98%,100.98%,"$10,539,847,792"
2004MDA,2004,Moldova,"$2,598,249,555",0.01%,12.52%,112.52%,"$2,309,056,879"
2004MDG,2004,Madagascar,"$5,064,732,715",0.01%,13.96%,113.96%,"$4,444,471,133"
2004MDV,2004,Maldives,"$1,226,829,562",0.00%,-1.69%,98.31%,"$1,247,861,165"
2004MEX,2004,Mexico,"$782,240,601,984",1.80%,4.69%,104.69%,"$747,208,416,473"
2004MKD,2004,Macedonia,"$5,682,776,765",0.01%,-0.45%,99.55%,"$5,708,387,457"
2004MLI,2004,Mali,"$5,454,249,456",0.01%,-3.10%,96.90%,"$5,628,727,704"
2004MLT,2004,Malta,"$6,098,092,551",0.01%,2.79%,102.79%,"$5,932,525,928"
2004MMR,2004,Myanmar,"$8,857,405,669",0.02%,4.53%,104.53%,"$8,473,212,121"
2004MNG,2004,Mongolia,"$1,992,066,808",0.00%,8.24%,108.24%,"$1,840,396,860"
2004MRT,2004,Mauritania,"$1,833,444,739",0.00%,10.37%,110.37%,"$1,661,216,110"
2004MUS,2004,Mauritius,"$6,578,844,486",0.02%,4.71%,104.71%,"$6,282,896,764"
2004MWI,2004,Malawi,"$3,476,094,498",0.01%,11.43%,111.43%,"$3,119,537,420"
2004MYS,2004,Malaysia,"$124,749,473,684",0.29%,1.42%,101.42%,"$123,001,291,798"
2004NAM,2004,Namibia,"$6,609,198,826",0.02%,4.14%,104.14%,"$6,346,660,815"
2004NER,2004,Niger,"$3,760,443,965",0.01%,0.26%,100.26%,"$3,750,597,007"
2004NGA,2004,Nigeria,"$136,385,979,322",0.31%,15.00%,115.00%,"$118,598,531,463"
2004NIC,2004,Nicaragua,"$5,795,568,204",0.01%,8.47%,108.47%,"$5,343,004,471"
2004NLD,2004,Netherlands,"$657,171,591,755",1.51%,1.26%,101.26%,"$648,970,888,053"
2004NOR,2004,Norway,"$264,511,630,666",0.61%,0.45%,100.45%,"$263,314,868,533"
2004NPL,2004,Nepal,"$7,273,938,314",0.02%,2.84%,102.84%,"$7,072,938,741"
2004NZL,2004,New Zealand,"$103,905,210,084",0.24%,2.29%,102.29%,"$101,578,802,546"
2004OMN,2004,Oman,"$24,763,713,000",0.06%,0.62%,100.62%,"$24,609,908,684"
2004PAK,2004,Pakistan,"$107,759,683,863",0.25%,7.44%,107.44%,"$100,293,229,346"
2004PAN,2004,Panama,"$15,013,381,700",0.03%,0.47%,100.47%,"$14,942,446,458"
2004PER,2004,Peru,"$66,768,703,497",0.15%,3.66%,103.66%,"$64,409,714,948"
2004PHL,2004,Philippines,"$95,002,028,504",0.22%,4.83%,104.83%,"$90,625,530,562"
2004PLW,2004,Palau,"$165,186,200",0.00%,4.96%,104.96%,"$157,374,034"
2004PNG,2004,Papua New Guinea,"$3,927,157,866",0.01%,2.16%,102.16%,"$3,844,164,984"
2004POL,2004,Poland,"$255,110,181,539",0.59%,3.38%,103.38%,"$246,763,058,781"
2004PRT,2004,Portugal,"$189,034,502,110",0.43%,2.37%,102.37%,"$184,666,471,491"
2004PRY,2004,Paraguay,"$9,624,440,836",0.02%,4.32%,104.32%,"$9,225,593,967"
2004QAT,2004,Qatar,"$31,734,065,934",0.07%,6.80%,106.80%,"$29,713,729,438"
2004ROU,2004,Romania,"$74,972,669,056",0.17%,11.87%,111.87%,"$67,015,057,472"
2004RUS,2004,Russia,"$591,016,690,742",1.36%,10.89%,110.89%,"$532,982,296,561"
2004RWA,2004,Rwanda,"$2,375,281,626",0.01%,12.25%,112.25%,"$2,116,050,420"
2004SAU,2004,Saudi Arabia,"$258,742,263,040",0.60%,0.52%,100.52%,"$257,415,269,904"
2004SDN,2004,Sudan,"$21,457,470,202",0.05%,9.66%,109.66%,"$19,567,709,591"
2004SEN,2004,Senegal,"$10,133,399,582",0.02%,0.51%,100.51%,"$10,081,501,847"
2004SGP,2004,Singapore,"$115,035,498,757",0.26%,1.66%,101.66%,"$113,154,055,499"
2004SLB,2004,Solomon Islands,"$397,611,126",0.00%,6.99%,106.99%,"$371,648,359"
2004SLV,2004,El Salvador,"$13,724,810,900",0.03%,4.45%,104.45%,"$13,139,832,907"
2004SMR,2004,San Marino,"$1,723,750,000",0.00%,1.43%,101.43%,"$1,699,433,843"
2004SRB,2004,Serbia,"$26,141,968,161",0.06%,11.03%,111.03%,"$23,545,730,510"
2004STP,2004,Sao Tome and Principe.,"$114,582,561",0.00%,13.29%,113.29%,"$101,144,604"
2004SUR,2004,Suriname,"$1,484,092,538",0.00%,9.99%,109.99%,"$1,349,342,781"
2004SVK,2004,Slovakia,"$57,332,015,147",0.13%,7.55%,107.55%,"$53,308,056,065"
2004SVN,2004,Slovenia,"$34,414,784,504",0.08%,3.59%,103.59%,"$33,221,156,349"
2004SWE,2004,Sweden,"$385,118,044,877",0.89%,0.37%,100.37%,"$383,684,370,514"
2004SWZ,2004,Eswatini,"$2,770,082,822",0.01%,3.45%,103.45%,"$2,677,822,852"
2004SYC,2004,Seychelles,"$839,319,927",0.00%,3.86%,103.86%,"$808,147,232"
2004SYR,2004,Syria,"$25,086,930,693",0.06%,4.43%,104.43%,"$24,022,001,411"
2004TCD,2004,Chad,"$4,422,855,929",0.01%,-5.36%,94.64%,"$4,673,120,223"
2004TGO,2004,Togo,"$2,259,992,642",0.01%,0.39%,100.39%,"$2,251,143,875"
2004THA,2004,Thailand,"$172,895,749,632",0.40%,2.76%,102.76%,"$168,253,387,532"
2004TJK,2004,Tajikistan,"$2,076,182,460",0.00%,7.14%,107.14%,"$1,937,786,430"
2004TLS,2004,Timor Leste,"$1,078,373,700",0.00%,3.24%,103.24%,"$1,044,556,052"
2004TON,2004,Tonga,"$230,657,965",0.00%,10.97%,110.97%,"$207,849,767"
2004TTO,2004,Trinidad and Tobago,"$13,280,275,123",0.03%,3.72%,103.72%,"$12,803,776,265"
2004TUN,2004,Tunisia,"$31,183,059,012",0.07%,3.63%,103.63%,"$30,090,102,232"
2004TUR,2004,Turkey,"$408,876,042,651",0.94%,8.60%,108.60%,"$376,503,303,388"
2004TZA,2004,Tanzania,"$16,675,948,414",0.04%,4.74%,104.74%,"$15,921,917,993"
2004UGA,2004,Uganda,"$7,939,487,473",0.02%,3.72%,103.72%,"$7,654,636,448"
2004UKR,2004,Ukraine,"$64,819,702,951",0.15%,9.05%,109.05%,"$59,441,404,348"
2004URY,2004,Uruguay,"$13,686,329,890",0.03%,9.16%,109.16%,"$12,538,136,835"
2004USA,2004,the United States,"$12,213,729,147,000",28.10%,2.68%,102.68%,"$11,895,264,754,269"
2004VCT,2004,Saint Vincent and the Grenadines,"$521,974,074",0.00%,2.96%,102.96%,"$506,967,632"
2004VNM,2004,Vietnam,"$45,427,854,693",0.10%,7.75%,107.75%,"$42,158,486,225"
2004VUT,2004,Vanuatu,"$364,996,869",0.00%,1.42%,101.42%,"$359,890,317"
2004WSM,2004,Samoa,"$420,320,176",0.00%,16.31%,116.31%,"$361,369,435"
2004YEM,2004,Yemen,"$13,872,791,658",0.03%,12.52%,112.52%,"$12,329,715,972"
2004ZAF,2004,South Africa,"$228,590,027,400",0.53%,-0.69%,99.31%,"$230,182,963,184"
2004ZMB,2004,Zambia,"$6,221,077,674",0.01%,17.97%,117.97%,"$5,273,539,261"
2005ABW,2005,Aruba,"$2,330,726,256",0.00%,3.40%,103.40%,"$2,254,135,537"
2005AFG,2005,Afghanistan,"$6,209,137,624",0.01%,12.69%,112.69%,"$5,510,110,233"
2005AGO,2005,Angola,"$36,970,918,699",0.08%,22.95%,122.95%,"$30,069,021,650"
2005ALB,2005,Albania,"$8,052,075,642",0.02%,2.37%,102.37%,"$7,865,922,148"
2005ARM,2005,Armenia,"$4,900,469,950",0.01%,0.64%,100.64%,"$4,869,358,257"
2005ATG,2005,Antigua and Barbuda,"$1,022,962,962",0.00%,2.10%,102.10%,"$1,001,934,835"
2005AUS,2005,Australia,"$693,407,758,231",1.47%,2.69%,102.69%,"$675,231,658,513"
2005AUT,2005,Austria,"$315,974,418,604",0.67%,2.30%,102.30%,"$308,873,002,477"
2005AZE,2005,Azerbaijan,"$13,245,716,099",0.03%,9.68%,109.68%,"$12,076,746,534"
2005BDI,2005,Burundi,"$1,117,113,045",0.00%,13.25%,113.25%,"$986,395,256"
2005BEL,2005,Belgium,"$385,570,948,886",0.82%,2.78%,102.78%,"$375,136,772,269"
2005BEN,2005,Benin,"$4,803,702,821",0.01%,5.36%,105.36%,"$4,559,127,477"
2005BFA,2005,Burkina Faso,"$6,146,352,742",0.01%,6.42%,106.42%,"$5,775,830,871"
2005BGD,2005,Bangladesh,"$69,442,943,089",0.15%,7.05%,107.05%,"$64,871,683,273"
2005BGR,2005,Bulgaria,"$29,869,283,400",0.06%,5.04%,105.04%,"$28,436,418,327"
2005BHR,2005,Bahrain,"$15,968,723,404",0.03%,2.59%,102.59%,"$15,566,150,545"
2005BHS,2005,Bahamas,"$9,836,200,000",0.02%,1.59%,101.59%,"$9,682,099,112"
2005BLR,2005,Belarus,"$30,207,567,316",0.06%,10.34%,110.34%,"$27,377,083,641"
2005BOL,2005,Bolivia,"$9,549,077,869",0.02%,5.39%,105.39%,"$9,060,428,049"
2005BRA,2005,Brazil,"$891,630,177,251",1.89%,6.87%,106.87%,"$834,316,495,174"
2005BRB,2005,Barbados,"$3,819,500,000",0.01%,6.08%,106.08%,"$3,600,510,225"
2005BRN,2005,Brunei,"$9,531,402,847",0.02%,1.24%,101.24%,"$9,414,248,445"
2005BTN,2005,Bhutan,"$796,938,120",0.00%,5.31%,105.31%,"$756,743,586"
2005BWA,2005,Botswana,"$9,918,907,108",0.02%,8.61%,108.61%,"$9,132,572,078"
2005CAF,2005,Central Africa,"$1,337,362,392",0.00%,2.88%,102.88%,"$1,299,880,080"
2005CAN,2005,Canada,"$1,173,108,598,778",2.49%,2.21%,102.21%,"$1,147,703,582,777"
2005CHE,2005,Switzerland,"$420,544,947,799",0.89%,1.17%,101.17%,"$415,673,445,385"
2005CHL,2005,Chile,"$122,964,812,046",0.26%,3.05%,103.05%,"$119,322,404,702"
2005CHN,2005,China,"$2,285,965,892,364",4.85%,1.78%,101.78%,"$2,246,066,451,737"
2005CIV,2005,C ô te d'Ivoire,"$17,091,723,906",0.04%,3.89%,103.89%,"$16,452,411,114"
2005CMR,2005,Cameroon,"$17,951,220,881",0.04%,2.01%,102.01%,"$17,596,900,341"
2005COD,2005,Congo (gold),"$11,964,484,667",0.03%,21.32%,121.32%,"$9,862,181,510"
2005COG,2005,Congo (Brazzaville),"$6,647,357,442",0.01%,3.09%,103.09%,"$6,447,829,981"
2005COL,2005,Columbia,"$145,619,191,582",0.31%,5.05%,105.05%,"$138,617,061,230"
2005COM,2005,Comoros,"$653,845,122",0.00%,3.01%,103.01%,"$634,718,983"
2005CPV,2005,Cape Verde,"$971,977,088",0.00%,0.42%,100.42%,"$967,922,542"
2005CRI,2005,Costa Rica,"$20,040,642,476",0.04%,13.80%,113.80%,"$17,610,670,258"
2005CYP,2005,Cyprus,"$18,433,411,267",0.04%,2.56%,102.56%,"$17,973,266,646"
2005CZE,2005,Czech,"$137,143,471,328",0.29%,1.86%,101.86%,"$134,643,018,668"
2005DEU,2005,Germany,"$2,845,802,760,850",6.04%,1.55%,101.55%,"$2,802,451,370,113"
2005DJI,2005,Djibouti,"$708,633,194",0.00%,3.10%,103.10%,"$687,292,978"
2005DMA,2005,Dominica,"$35,777,570,135",0.08%,1.68%,101.68%,"$35,185,780,216"
2005DMA,2005,Dominica,"$364,255,555",0.00%,1.68%,101.68%,"$358,230,474"
2005DNK,2005,Denmark,"$264,467,336,457",0.56%,1.82%,101.82%,"$259,745,642,293"
2005DZA,2005,Algeria,"$103,198,251,003",0.22%,1.38%,101.38%,"$101,791,044,207"
2005ECU,2005,Ecuador,"$41,507,085,000",0.09%,2.41%,102.41%,"$40,531,187,319"
2005EGY,2005,Egypt,"$89,600,665,557",0.19%,4.87%,104.87%,"$85,440,241,049"
2005ESP,2005,Spain,"$1,153,285,660,987",2.45%,3.37%,103.37%,"$1,115,699,808,545"
2005EST,2005,Estonia,"$14,098,326,078",0.03%,4.08%,104.08%,"$13,545,700,218"
2005ETH,2005,Ethiopia,"$12,401,139,453",0.03%,9.97%,109.97%,"$11,276,841,590"
2005FIN,2005,Finland,"$204,809,103,345",0.43%,0.62%,100.62%,"$203,539,273,820"
2005FJI,2005,Fiji Islands,"$2,980,484,920",0.01%,2.37%,102.37%,"$2,911,603,243"
2005FRA,2005,France,"$2,196,126,103,718",4.66%,1.75%,101.75%,"$2,158,442,517,073"
2005FSM,2005,Micronesia (Federated States of),"$250,281,900",0.00%,4.26%,104.26%,"$240,060,831"
2005GAB,2005,Gabon,"$9,582,783,318",0.02%,3.71%,103.71%,"$9,240,128,551"
2005GBR,2005,United Kingdom,"$2,532,796,363,636",5.38%,2.09%,102.09%,"$2,480,965,605,860"
2005GEO,2005,Georgia,"$6,410,823,633",0.01%,8.25%,108.25%,"$5,922,398,106"
2005GHA,2005,Garner,"$10,744,675,209",0.02%,15.44%,115.44%,"$9,307,665,479"
2005GIN,2005,Guinea,"$2,937,071,767",0.01%,31.37%,131.37%,"$2,235,668,670"
2005GMB,2005,Gambia,"$624,173,239",0.00%,4.84%,104.84%,"$595,365,743"
2005GNB,2005,Guinea Bissau,"$587,029,054",0.00%,3.33%,103.33%,"$568,115,362"
2005GNQ,2005,Equatorial Guinea,"$8,217,369,092",0.02%,5.63%,105.63%,"$7,779,269,163"
2005GRC,2005,Greece,"$247,783,002,114",0.53%,3.55%,103.55%,"$239,299,655,284"
2005GRD,2005,Grenada,"$695,555,555",0.00%,3.48%,103.48%,"$672,191,477"
2005GTM,2005,Guatemala,"$26,783,543,667",0.06%,9.11%,109.11%,"$24,547,589,675"
2005GUY,2005,Guyana,"$824,880,550",0.00%,6.93%,106.93%,"$771,453,225"
2005HKG,2005,Hong Kong,"$181,570,082,162",0.39%,0.83%,100.83%,"$180,081,802,800"
2005HND,2005,Honduras,"$9,757,034,456",0.02%,8.81%,108.81%,"$8,967,115,780"
2005HRV,2005,Croatia,"$45,376,744,001",0.10%,3.32%,103.32%,"$43,919,844,475"
2005HTI,2005,Haiti,"$4,310,358,095",0.01%,13.97%,113.97%,"$3,781,911,312"
2005HUN,2005,Hungary,"$112,980,947,728",0.24%,3.56%,103.56%,"$109,095,493,072"
2005IDN,2005,Indonesia,"$285,868,618,224",0.61%,10.45%,110.45%,"$258,814,251,025"
2005IND,2005,India,"$820,381,595,512",1.74%,4.25%,104.25%,"$786,964,383,617"
2005IRL,2005,Ireland,"$211,703,631,389",0.45%,2.43%,102.43%,"$206,681,897,884"
2005IRN,2005,Iran,"$226,452,138,291",0.48%,13.43%,113.43%,"$199,634,941,068"
2005IRQ,2005,Iraq,"$49,954,890,353",0.11%,36.96%,136.96%,"$36,474,211,217"
2005ISL,2005,Iceland,"$16,852,963,067",0.04%,3.99%,103.99%,"$16,206,790,575"
2005ISR,2005,Israel,"$142,660,526,327",0.30%,1.31%,101.31%,"$140,812,139,585"
2005ITA,2005,Italy,"$1,857,524,312,896",3.94%,1.99%,101.99%,"$1,821,364,883,630"
2005JAM,2005,Jamaica,"$11,243,868,485",0.02%,15.05%,115.05%,"$9,772,784,361"
2005JOR,2005,Jordan,"$12,588,665,303",0.03%,3.49%,103.49%,"$12,163,703,767"
2005JPN,2005,Japan,"$4,755,410,630,912",10.10%,-0.28%,99.72%,"$4,768,904,057,477"
2005KAZ,2005,Kazakhstan,"$57,123,671,733",0.12%,7.58%,107.58%,"$53,098,784,262"
2005KEN,2005,Kenya,"$18,737,897,744",0.04%,10.31%,110.31%,"$16,986,153,393"
2005KGZ,2005,Kyrgyzstan,"$2,460,248,026",0.01%,4.34%,104.34%,"$2,357,944,503"
2005KHM,2005,Cambodia,"$6,293,046,161",0.01%,6.62%,106.62%,"$5,902,575,497"
2005KNA,2005,Saint Kitts and Nevis,"$547,203,703",0.00%,3.38%,103.38%,"$529,324,093"
2005KOR,2005,South Korea,"$934,901,071,332",1.99%,2.75%,102.75%,"$909,845,813,501"
2005KWT,2005,Kuwait,"$80,798,630,136",0.17%,4.14%,104.14%,"$77,584,330,088"
2005LAO,2005,Laos,"$2,735,558,726",0.01%,7.17%,107.17%,"$2,552,650,647"
2005LBR,2005,Liberia,"$949,000,000",0.00%,10.83%,110.83%,"$856,232,679"
2005LBY,2005,Libya,"$47,334,148,578",0.10%,2.65%,102.65%,"$46,112,083,485"
2005LCA,2005,Saint Lucia,"$1,135,555,555",0.00%,3.90%,103.90%,"$1,092,949,396"
2005LKA,2005,Sri Lanka,"$24,405,791,044",0.05%,11.64%,111.64%,"$21,861,214,320"
2005LSO,2005,Lesotho,"$1,682,350,934",0.00%,3.44%,103.44%,"$1,626,435,949"
2005LTU,2005,Lithuania,"$26,097,677,571",0.06%,2.66%,102.66%,"$25,421,841,761"
2005LUX,2005,Luxembourg,"$37,347,394,602",0.08%,2.49%,102.49%,"$36,440,856,632"
2005LVA,2005,Latvia,"$16,959,313,005",0.04%,6.75%,106.75%,"$15,887,174,906"
2005MAC,2005,Macao,"$12,160,002,995",0.03%,4.40%,104.40%,"$11,647,970,685"
2005MDA,2005,Moldova,"$2,988,348,836",0.01%,11.96%,111.96%,"$2,669,141,322"
2005MDG,2005,Madagascar,"$5,859,269,849",0.01%,18.36%,118.36%,"$4,950,220,108"
2005MDV,2005,Maldives,"$1,163,362,437",0.00%,1.30%,101.30%,"$1,148,429,693"
2005MEX,2005,Mexico,"$877,476,221,382",1.86%,3.99%,103.99%,"$843,824,036,591"
2005MKD,2005,Macedonia,"$6,257,800,770",0.01%,0.53%,100.53%,"$6,225,086,945"
2005MLI,2005,Mali,"$6,247,515,449",0.01%,6.40%,106.40%,"$5,871,841,879"
2005MLT,2005,Malta,"$6,416,184,181",0.01%,3.01%,103.01%,"$6,228,823,262"
2005MMR,2005,Myanmar,"$10,573,312,525",0.02%,9.37%,109.37%,"$9,667,592,683"
2005MNG,2005,Mongolia,"$2,523,471,532",0.01%,12.72%,112.72%,"$2,238,776,065"
2005MOZ,2005,Mozambique,"$8,542,070,109",0.02%,6.43%,106.43%,"$8,026,182,963"
2005MRT,2005,Mauritania,"$2,184,447,591",0.00%,12.13%,112.13%,"$1,948,214,005"
2005MUS,2005,Mauritius,"$6,488,750,452",0.01%,4.94%,104.94%,"$6,183,462,398"
2005MWI,2005,Malawi,"$3,655,909,664",0.01%,15.41%,115.41%,"$3,167,748,675"
2005MYS,2005,Malaysia,"$143,534,102,611",0.30%,2.98%,102.98%,"$139,387,233,550"
2005NAM,2005,Namibia,"$7,248,394,161",0.02%,2.28%,102.28%,"$7,086,679,946"
2005NER,2005,Niger,"$3,405,134,831",0.01%,7.80%,107.80%,"$3,158,825,483"
2005NGA,2005,Nigeria,"$176,134,087,150",0.37%,17.86%,117.86%,"$149,439,052,003"
2005NIC,2005,Nicaragua,"$6,321,335,612",0.01%,9.60%,109.60%,"$5,767,689,351"
2005NLD,2005,Netherlands,"$685,092,650,167",1.45%,1.69%,101.69%,"$673,719,389,826"
2005NOR,2005,Norway,"$308,884,284,051",0.66%,1.53%,101.53%,"$304,223,178,286"
2005NPL,2005,Nepal,"$8,130,258,041",0.02%,6.84%,106.84%,"$7,610,012,286"
2005NZL,2005,New Zealand,"$114,720,129,550",0.24%,3.04%,103.04%,"$111,338,745,867"
2005OMN,2005,Oman,"$31,081,991,724",0.07%,1.91%,101.91%,"$30,499,501,408"
2005PAK,2005,Pakistan,"$120,055,291,992",0.25%,9.06%,109.06%,"$110,078,515,746"
2005PAN,2005,Panama,"$16,374,393,900",0.03%,2.86%,102.86%,"$15,919,744,581"
2005PER,2005,Peru,"$76,060,606,060",0.16%,1.62%,101.62%,"$74,850,791,269"
2005PHL,2005,Philippines,"$107,419,961,717",0.23%,6.52%,106.52%,"$100,847,854,354"
2005PLW,2005,Palau,"$190,452,900",0.00%,3.95%,103.95%,"$183,213,296"
2005PNG,2005,Papua New Guinea,"$4,865,892,972",0.01%,1.78%,101.78%,"$4,780,757,040"
2005POL,2005,Poland,"$306,144,336,269",0.65%,2.18%,102.18%,"$299,601,639,489"
2005PRT,2005,Portugal,"$197,180,330,804",0.42%,2.28%,102.28%,"$192,790,182,276"
2005PRY,2005,Paraguay,"$10,737,500,188",0.02%,6.81%,106.81%,"$10,053,144,253"
2005QAT,2005,Qatar,"$44,530,494,505",0.09%,8.81%,108.81%,"$40,923,348,765"
2005ROU,2005,Romania,"$98,452,791,982",0.21%,9.01%,109.01%,"$90,311,306,429"
2005RUS,2005,Russia,"$764,017,107,992",1.62%,12.69%,112.69%,"$678,009,537,367"
2005RWA,2005,Rwanda,"$2,932,213,574",0.01%,9.01%,109.01%,"$2,689,756,522"
2005SAU,2005,Saudi Arabia,"$328,459,700,114",0.70%,0.48%,100.48%,"$326,893,128,871"
2005SDN,2005,Sudan,"$26,524,538,565",0.06%,8.51%,108.51%,"$24,445,261,135"
2005SEN,2005,Senegal,"$11,069,290,804",0.02%,1.71%,101.71%,"$10,883,045,625"
2005SGP,2005,Singapore,"$127,807,618,360",0.27%,0.43%,100.43%,"$127,266,600,055"
2005SLB,2005,Solomon Islands,"$476,898,763",0.00%,7.33%,107.33%,"$444,326,670"
2005SLV,2005,El Salvador,"$14,698,001,400",0.03%,4.69%,104.69%,"$14,039,419,435"
2005SMR,2005,San Marino,"$1,785,847,531",0.00%,1.69%,101.69%,"$1,756,246,196"
2005SRB,2005,Serbia,"$27,683,225,959",0.06%,16.12%,116.12%,"$23,840,191,674"
2005STP,2005,Sao Tome and Principe.,"$136,450,274",0.00%,17.15%,117.15%,"$116,472,647"
2005SUR,2005,Suriname,"$1,793,388,732",0.00%,9.90%,109.90%,"$1,631,866,505"
2005SVK,2005,Slovakia,"$62,785,305,310",0.13%,2.71%,102.71%,"$61,129,261,684"
2005SVN,2005,Slovenia,"$36,206,395,970",0.08%,2.45%,102.45%,"$35,340,034,555"
2005SWE,2005,Sweden,"$392,218,088,878",0.83%,0.45%,100.45%,"$390,448,689,223"
2005SWZ,2005,Eswatini,"$3,178,126,554",0.01%,4.77%,104.77%,"$3,033,315,929"
2005SYC,2005,Seychelles,"$919,103,254",0.00%,0.91%,100.91%,"$910,840,223"
2005SYR,2005,Syria,"$28,858,965,517",0.06%,7.24%,107.24%,"$26,910,547,831"
2005TCD,2005,Chad,"$6,649,307,057",0.01%,7.89%,107.89%,"$6,163,022,078"
2005TGO,2005,Togo,"$2,281,482,855",0.00%,6.78%,106.78%,"$2,136,561,413"
2005THA,2005,Thailand,"$189,318,549,680",0.40%,4.54%,104.54%,"$181,096,117,353"
2005TJK,2005,Tajikistan,"$2,312,327,536",0.00%,7.09%,107.09%,"$2,159,198,628"
2005TLS,2005,Timor Leste,"$1,813,708,100",0.00%,1.11%,101.11%,"$1,793,767,256"
2005TON,2005,Tonga,"$261,797,606",0.00%,8.67%,108.67%,"$240,920,203"
2005TTO,2005,Trinidad and Tobago,"$15,982,282,462",0.03%,6.87%,106.87%,"$14,954,247,541"
2005TUN,2005,Tunisia,"$32,273,007,553",0.07%,2.02%,102.02%,"$31,634,687,134"
2005TUR,2005,Turkey,"$506,308,311,476",1.08%,8.18%,108.18%,"$468,027,584,753"
2005TZA,2005,Tanzania,"$18,399,046,025",0.04%,5.03%,105.03%,"$17,517,133,653"
2005UGA,2005,Uganda,"$9,239,221,858",0.02%,8.45%,108.45%,"$8,519,437,860"
2005UKR,2005,Ukraine,"$86,057,915,585",0.18%,13.57%,113.57%,"$75,775,501,014"
2005URY,2005,Uruguay,"$17,362,857,683",0.04%,4.70%,104.70%,"$16,583,550,637"
2005USA,2005,the United States,"$13,036,640,230,000",27.68%,3.39%,103.39%,"$12,608,853,742,462"
2005VCT,2005,Saint Vincent and the Grenadines,"$550,729,629",0.00%,3.73%,103.73%,"$530,908,535"
2005VNM,2005,Vietnam,"$57,633,255,618",0.12%,8.28%,108.28%,"$53,223,884,367"
2005VUT,2005,Vanuatu,"$394,962,552",0.00%,1.20%,101.20%,"$390,282,285"
2005WSM,2005,Samoa,"$465,568,018",0.00%,1.86%,101.86%,"$457,081,101"
2005YEM,2005,Yemen,"$16,746,344,766",0.04%,11.81%,111.81%,"$14,977,332,494"
2005ZAF,2005,South Africa,"$257,772,710,832",0.55%,2.06%,102.06%,"$252,562,730,237"
2005ZMB,2005,Zambia,"$8,331,870,169",0.02%,18.32%,118.32%,"$7,041,546,269"
2006ABW,2006,Aruba,"$2,424,581,005",0.00%,3.61%,103.61%,"$2,340,147,898"
2006AFG,2006,Afghanistan,"$6,971,285,594",0.01%,6.78%,106.78%,"$6,528,362,535"
2006AGO,2006,Angola,"$52,381,006,892",0.10%,13.31%,113.31%,"$46,230,007,260"
2006ALB,2006,Albania,"$8,896,073,938",0.02%,2.37%,102.37%,"$8,690,056,312"
2006ARM,2006,Armenia,"$6,384,451,606",0.01%,2.89%,102.89%,"$6,204,981,415"
2006ATG,2006,Antigua and Barbuda,"$1,157,662,962",0.00%,1.79%,101.79%,"$1,137,329,944"
2006AUS,2006,Australia,"$746,054,207,846",1.46%,3.56%,103.56%,"$720,440,475,952"
2006AUT,2006,Austria,"$335,998,557,270",0.66%,1.44%,101.44%,"$331,223,805,435"
2006AZE,2006,Azerbaijan,"$20,982,986,344",0.04%,8.33%,108.33%,"$19,369,698,700"
2006BDI,2006,Burundi,"$1,273,375,020",0.00%,2.75%,102.75%,"$1,239,349,666"
2006BEL,2006,Belgium,"$407,918,078,032",0.80%,1.79%,101.79%,"$400,739,992,427"
2006BEN,2006,Benin,"$5,142,380,779",0.01%,3.78%,103.78%,"$4,954,974,861"
2006BFA,2006,Burkina Faso,"$6,547,420,133",0.01%,2.33%,102.33%,"$6,398,144,476"
2006BGD,2006,Bangladesh,"$71,819,083,683",0.14%,6.77%,106.77%,"$67,268,213,364"
2006BGR,2006,Bulgaria,"$34,379,808,888",0.07%,7.26%,107.26%,"$32,052,300,739"
2006BHR,2006,Bahrain,"$18,504,760,638",0.04%,2.01%,102.01%,"$18,140,593,724"
2006BHS,2006,Bahamas,"$10,167,250,000",0.02%,2.39%,102.39%,"$9,929,941,646"
2006BIH,2006,Bosnia and Herzegovina,"$12,864,610,993",0.03%,6.13%,106.13%,"$12,122,065,831"
2006BLR,2006,Belarus,"$36,954,312,354",0.07%,7.00%,107.00%,"$34,537,667,213"
2006BOL,2006,Bolivia,"$11,451,869,164",0.02%,4.28%,104.28%,"$10,981,593,824"
2006BRA,2006,Brazil,"$1,107,640,289,615",2.17%,4.18%,104.18%,"$1,063,162,175,674"
2006BRB,2006,Barbados,"$4,217,500,000",0.01%,7.31%,107.31%,"$3,930,287,825"
2006BRN,2006,Brunei,"$11,470,703,002",0.02%,0.16%,100.16%,"$11,452,391,993"
2006BTN,2006,Bhutan,"$874,989,895",0.00%,5.00%,105.00%,"$833,320,103"
2006BWA,2006,Botswana,"$10,137,883,299",0.02%,11.56%,111.56%,"$9,087,771,427"
2006CAF,2006,Central Africa,"$1,460,561,215",0.00%,6.70%,106.70%,"$1,368,909,126"
2006CAN,2006,Canada,"$1,319,264,809,590",2.58%,2.00%,102.00%,"$1,293,371,189,916"
2006CHE,2006,Switzerland,"$443,801,905,407",0.87%,1.06%,101.06%,"$439,149,080,137"
2006CHL,2006,Chile,"$154,788,024,805",0.30%,3.39%,103.39%,"$149,709,841,042"
2006CHN,2006,China,"$2,752,131,773,358",5.39%,1.65%,101.65%,"$2,707,473,860,324"
2006CIV,2006,C ô te d'Ivoire,"$17,816,714,954",0.03%,2.47%,102.47%,"$17,387,726,447"
2006CMR,2006,Cameroon,"$19,373,256,211",0.04%,5.12%,105.12%,"$18,430,082,342"
2006COD,2006,Congo (gold),"$14,451,902,467",0.03%,13.05%,113.05%,"$12,783,333,003"
2006COG,2006,Congo (Brazzaville),"$8,065,134,528",0.02%,6.54%,106.54%,"$7,570,206,256"
2006COL,2006,Columbia,"$161,618,581,266",0.32%,4.29%,104.29%,"$154,966,712,435"
2006COM,2006,Comoros,"$698,431,827",0.00%,3.37%,103.37%,"$675,633,496"
2006CPV,2006,Cape Verde,"$1,107,891,063",0.00%,5.37%,105.37%,"$1,051,438,521"
2006CRI,2006,Costa Rica,"$22,715,540,324",0.04%,11.47%,111.47%,"$20,378,055,715"
2006CYP,2006,Cyprus,"$20,072,786,350",0.04%,2.30%,102.30%,"$19,620,593,028"
2006CZE,2006,Czech,"$156,264,095,664",0.31%,2.53%,102.53%,"$152,402,234,349"
2006DEU,2006,Germany,"$2,992,196,713,084",5.86%,1.58%,101.58%,"$2,945,729,936,630"
2006DJI,2006,Djibouti,"$768,873,684",0.00%,3.48%,103.48%,"$742,992,240"
2006DMA,2006,Dominica,"$37,879,869,897",0.07%,2.20%,102.20%,"$37,063,584,722"
2006DMA,2006,Dominica,"$390,251,851",0.00%,2.20%,102.20%,"$381,842,192"
2006DNK,2006,Denmark,"$282,884,947,702",0.55%,1.92%,101.92%,"$277,544,379,401"
2006DZA,2006,Algeria,"$117,027,321,306",0.23%,2.31%,102.31%,"$114,383,351,078"
2006ECU,2006,Ecuador,"$46,802,044,000",0.09%,3.30%,103.30%,"$45,307,464,704"
2006EGY,2006,Egypt,"$107,426,086,956",0.21%,7.64%,107.64%,"$99,797,073,297"
2006ESP,2006,Spain,"$1,259,343,871,534",2.47%,3.52%,103.52%,"$1,216,574,280,914"
2006EST,2006,Estonia,"$17,012,322,167",0.03%,4.44%,104.44%,"$16,289,457,858"
2006ETH,2006,Ethiopia,"$15,280,861,834",0.03%,12.30%,112.30%,"$13,607,242,292"
2006FIN,2006,Finland,"$216,907,539,831",0.42%,1.57%,101.57%,"$213,561,745,262"
2006FJI,2006,Fiji Islands,"$3,076,305,452",0.01%,2.49%,102.49%,"$3,001,541,953"
2006FRA,2006,France,"$2,318,593,651,988",4.54%,1.68%,101.68%,"$2,280,394,209,971"
2006FSM,2006,Micronesia (Federated States of),"$253,541,900",0.00%,4.64%,104.64%,"$242,305,306"
2006GAB,2006,Gabon,"$10,327,598,800",0.02%,-1.41%,98.59%,"$10,475,236,932"
2006GBR,2006,United Kingdom,"$2,706,014,719,411",5.30%,2.46%,102.46%,"$2,641,156,843,323"
2006GEO,2006,Georgia,"$7,745,394,293",0.02%,9.16%,109.16%,"$7,095,388,253"
2006GHA,2006,Garner,"$20,440,893,017",0.04%,11.68%,111.68%,"$18,303,225,629"
2006GIN,2006,Guinea,"$4,220,019,242",0.01%,34.70%,134.70%,"$3,133,012,186"
2006GMB,2006,Gambia,"$655,070,067",0.00%,2.06%,102.06%,"$641,869,989"
2006GNB,2006,Guinea Bissau,"$592,365,688",0.00%,1.95%,101.95%,"$581,008,499"
2006GNQ,2006,Equatorial Guinea,"$10,086,528,698",0.02%,4.42%,104.42%,"$9,659,954,771"
2006GRC,2006,Greece,"$273,317,736,795",0.54%,3.20%,103.20%,"$264,853,170,267"
2006GRD,2006,Grenada,"$698,700,666",0.00%,4.25%,104.25%,"$670,203,909"
2006GTM,2006,Guatemala,"$29,744,368,110",0.06%,6.56%,106.56%,"$27,913,034,966"
2006GUY,2006,Guyana,"$1,458,453,715",0.00%,6.68%,106.68%,"$1,367,165,890"
2006HKG,2006,Hong Kong,"$193,536,265,094",0.38%,2.00%,102.00%,"$189,740,968,332"
2006HND,2006,Honduras,"$10,917,481,688",0.02%,5.58%,105.58%,"$10,340,702,916"
2006HRV,2006,Croatia,"$50,423,077,102",0.10%,3.19%,103.19%,"$48,864,388,184"
2006HTI,2006,Haiti,"$4,756,204,069",0.01%,11.35%,111.35%,"$4,271,583,704"
2006HUN,2006,Hungary,"$115,577,256,523",0.23%,3.93%,103.93%,"$111,206,479,311"
2006IDN,2006,Indonesia,"$364,570,514,304",0.71%,13.11%,113.11%,"$322,318,799,731"
2006IND,2006,India,"$940,259,888,792",1.84%,5.80%,105.80%,"$888,743,655,073"
2006IRL,2006,Ireland,"$231,983,616,861",0.45%,3.93%,103.93%,"$223,207,886,545"
2006IRN,2006,Iran,"$266,298,911,661",0.52%,10.02%,110.02%,"$242,054,935,602"
2006IRQ,2006,Iraq,"$65,140,147,197",0.13%,53.23%,153.23%,"$42,511,086,506"
2006ISL,2006,Iceland,"$17,465,318,552",0.03%,6.69%,106.69%,"$16,370,603,362"
2006ISR,2006,Israel,"$154,157,752,143",0.30%,2.06%,102.06%,"$151,045,010,646"
2006ITA,2006,Italy,"$1,947,919,708,944",3.81%,2.09%,102.09%,"$1,908,025,866,317"
2006JAM,2006,Jamaica,"$11,930,171,468",0.02%,8.56%,108.56%,"$10,989,364,896"
2006JOR,2006,Jordan,"$15,056,929,760",0.03%,6.25%,106.25%,"$14,170,997,984"
2006JPN,2006,Japan,"$4,530,377,224,970",8.87%,0.25%,100.25%,"$4,519,108,596,487"
2006KAZ,2006,Kazakhstan,"$81,003,884,545",0.16%,8.72%,108.72%,"$74,505,723,438"
2006KEN,2006,Kenya,"$25,825,524,820",0.05%,14.45%,114.45%,"$22,564,160,967"
2006KGZ,2006,Kyrgyzstan,"$2,834,168,889",0.01%,5.55%,105.55%,"$2,685,089,413"
2006KHM,2006,Cambodia,"$7,274,595,706",0.01%,5.81%,105.81%,"$6,875,104,978"
2006KNA,2006,Saint Kitts and Nevis,"$644,411,111",0.00%,8.49%,108.49%,"$593,995,802"
2006KOR,2006,South Korea,"$1,053,216,909,887",2.06%,2.24%,102.24%,"$1,030,118,155,503"
2006KWT,2006,Kuwait,"$101,548,931,771",0.20%,3.06%,103.06%,"$98,536,653,090"
2006LAO,2006,Laos,"$3,452,882,514",0.01%,6.55%,106.55%,"$3,240,755,785"
2006LBR,2006,Liberia,"$1,119,000,000",0.00%,7.34%,107.34%,"$1,042,467,789"
2006LBY,2006,Libya,"$54,961,936,662",0.11%,1.46%,101.46%,"$54,171,429,907"
2006LCA,2006,Saint Lucia,"$1,268,319,185",0.00%,2.40%,102.40%,"$1,238,645,925"
2006LKA,2006,Sri Lanka,"$28,279,814,924",0.06%,10.02%,110.02%,"$25,704,206,261"
2006LSO,2006,Lesotho,"$1,800,105,589",0.00%,6.07%,106.07%,"$1,697,048,600"
2006LTU,2006,Lithuania,"$30,183,575,103",0.06%,3.74%,103.74%,"$29,095,653,685"
2006LUX,2006,Luxembourg,"$42,414,308,116",0.08%,2.67%,102.67%,"$41,312,779,307"
2006LVA,2006,Latvia,"$21,517,445,447",0.04%,6.54%,106.54%,"$20,197,309,113"
2006MAC,2006,Macao,"$14,874,147,024",0.03%,5.15%,105.15%,"$14,145,649,824"
2006MDA,2006,Moldova,"$3,408,244,549",0.01%,12.78%,112.78%,"$3,022,089,352"
2006MDG,2006,Madagascar,"$6,395,712,392",0.01%,10.77%,110.77%,"$5,774,094,345"
2006MDV,2006,Maldives,"$1,575,200,390",0.00%,2.74%,102.74%,"$1,533,214,517"
2006MEX,2006,Mexico,"$975,387,131,716",1.91%,3.63%,103.63%,"$941,225,651,429"
2006MKD,2006,Macedonia,"$6,862,881,738",0.01%,3.21%,103.21%,"$6,649,201,065"
2006MLI,2006,Mali,"$6,905,934,548",0.01%,1.54%,101.54%,"$6,800,959,965"
2006MLT,2006,Malta,"$6,778,324,049",0.01%,2.77%,102.77%,"$6,595,382,640"
2006MMR,2006,Myanmar,"$14,575,281,202",0.03%,20.00%,120.00%,"$12,146,423,220"
2006MNE,2006,Montenegro,"$2,721,903,148",0.01%,2.92%,102.92%,"$2,644,562,583"
2006MNG,2006,Mongolia,"$3,414,055,566",0.01%,5.10%,105.10%,"$3,248,537,184"
2006MOZ,2006,Mozambique,"$9,176,889,070",0.02%,13.25%,113.25%,"$8,103,564,790"
2006MRT,2006,Mauritania,"$3,040,716,679",0.01%,6.24%,106.24%,"$2,862,092,532"
2006MUS,2006,Mauritius,"$7,028,803,365",0.01%,8.91%,108.91%,"$6,453,564,798"
2006MWI,2006,Malawi,"$3,998,020,176",0.01%,13.97%,113.97%,"$3,507,826,215"
2006MYS,2006,Malaysia,"$162,691,238,209",0.32%,3.61%,103.61%,"$157,023,876,492"
2006NAM,2006,Namibia,"$8,001,779,553",0.02%,4.96%,104.96%,"$7,623,561,923"
2006NER,2006,Niger,"$3,646,728,060",0.01%,0.04%,100.04%,"$3,645,252,249"
2006NGA,2006,Nigeria,"$236,103,982,431",0.46%,8.23%,108.23%,"$218,159,851,387"
2006NIC,2006,Nicaragua,"$6,763,361,732",0.01%,9.14%,109.14%,"$6,196,948,285"
2006NLD,2006,Netherlands,"$733,340,860,619",1.44%,1.10%,101.10%,"$725,351,110,413"
2006NOR,2006,Norway,"$345,581,369,965",0.68%,2.33%,102.33%,"$337,714,810,671"
2006NPL,2006,Nepal,"$9,043,715,355",0.02%,6.92%,106.92%,"$8,458,367,893"
2006NZL,2006,New Zealand,"$111,538,810,712",0.22%,3.37%,103.37%,"$107,907,296,440"
2006OMN,2006,Oman,"$37,215,779,655",0.07%,3.54%,103.54%,"$35,941,653,114"
2006PAK,2006,Pakistan,"$137,264,061,106",0.27%,7.92%,107.92%,"$127,189,290,089"
2006PAN,2006,Panama,"$18,141,666,300",0.04%,2.46%,102.46%,"$17,706,460,368"
2006PER,2006,Peru,"$88,643,193,061",0.17%,2.00%,102.00%,"$86,903,167,428"
2006PHL,2006,Philippines,"$127,652,859,201",0.25%,5.49%,105.49%,"$121,014,910,522"
2006PLW,2006,Palau,"$192,382,400",0.00%,4.43%,104.43%,"$184,221,725"
2006PNG,2006,Papua New Guinea,"$8,355,006,706",0.02%,2.37%,102.37%,"$8,161,699,914"
2006POL,2006,Poland,"$344,622,003,093",0.67%,1.28%,101.28%,"$340,250,821,396"
2006PRT,2006,Portugal,"$208,581,694,893",0.41%,3.11%,103.11%,"$202,295,041,755"
2006PRY,2006,Paraguay,"$13,429,430,050",0.03%,9.59%,109.59%,"$12,254,320,445"
2006QAT,2006,Qatar,"$60,882,142,857",0.12%,11.84%,111.84%,"$54,438,862,708"
2006ROU,2006,Romania,"$122,022,997,508",0.24%,6.56%,106.56%,"$114,512,668,004"
2006RUS,2006,Russia,"$989,930,542,278",1.94%,9.67%,109.67%,"$902,655,864,940"
2006RWA,2006,Rwanda,"$3,317,951,468",0.01%,8.88%,108.88%,"$3,047,267,942"
2006SAU,2006,Saudi Arabia,"$376,900,135,727",0.74%,2.21%,102.21%,"$368,754,265,216"
2006SDN,2006,Sudan,"$35,822,408,611",0.07%,7.20%,107.20%,"$33,416,697,173"
2006SEN,2006,Senegal,"$11,739,446,873",0.02%,2.11%,102.11%,"$11,496,605,699"
2006SGP,2006,Singapore,"$148,630,373,214",0.29%,0.96%,100.96%,"$147,212,857,987"
2006SLB,2006,Solomon Islands,"$538,668,769",0.00%,11.22%,111.22%,"$484,327,308"
2006SLV,2006,El Salvador,"$15,999,886,400",0.03%,4.04%,104.04%,"$15,379,016,496"
2006SMR,2006,San Marino,"$1,908,167,105",0.00%,2.10%,102.10%,"$1,869,006,570"
2006SRB,2006,Serbia,"$32,482,070,360",0.06%,11.72%,111.72%,"$29,073,487,946"
2006STP,2006,Sao Tome and Principe.,"$142,775,597",0.00%,23.08%,123.08%,"$116,005,065"
2006SUR,2006,Suriname,"$2,626,380,435",0.01%,11.28%,111.28%,"$2,360,127,293"
2006SVK,2006,Slovakia,"$70,708,098,105",0.14%,4.48%,104.48%,"$67,674,046,463"
2006SVN,2006,Slovenia,"$39,481,045,038",0.08%,2.46%,102.46%,"$38,533,910,630"
2006SWE,2006,Sweden,"$423,093,437,423",0.83%,1.36%,101.36%,"$417,415,687,934"
2006SWZ,2006,Eswatini,"$3,291,353,806",0.01%,5.30%,105.30%,"$3,125,554,413"
2006SYC,2006,Seychelles,"$1,016,418,229",0.00%,-0.35%,99.65%,"$1,020,023,661"
2006SYR,2006,Syria,"$33,332,844,574",0.07%,10.02%,110.02%,"$30,295,945,507"
2006TCD,2006,Chad,"$7,428,701,809",0.01%,8.04%,108.04%,"$6,876,117,163"
2006TGO,2006,Togo,"$2,351,584,608",0.00%,2.23%,102.23%,"$2,300,311,183"
2006THA,2006,Thailand,"$221,758,196,504",0.43%,4.64%,104.64%,"$211,929,997,222"
2006TJK,2006,Tajikistan,"$2,830,220,713",0.01%,10.01%,110.01%,"$2,572,673,806"
2006TLS,2006,Timor Leste,"$2,657,842,700",0.01%,3.94%,103.94%,"$2,557,187,637"
2006TON,2006,Tonga,"$292,232,117",0.00%,6.15%,106.15%,"$275,303,392"
2006TTO,2006,Trinidad and Tobago,"$18,369,361,094",0.04%,8.33%,108.33%,"$16,956,917,129"
2006TUN,2006,Tunisia,"$34,377,310,293",0.07%,3.23%,103.23%,"$33,303,197,783"
2006TUR,2006,Turkey,"$557,057,829,051",1.09%,9.60%,109.60%,"$508,277,232,401"
2006TZA,2006,Tanzania,"$18,649,590,248",0.04%,7.25%,107.25%,"$17,388,737,642"
2006UGA,2006,Uganda,"$9,977,647,644",0.02%,7.31%,107.31%,"$9,297,907,723"
2006UKR,2006,Ukraine,"$107,647,920,792",0.21%,9.05%,109.05%,"$98,711,993,033"
2006URY,2006,Uruguay,"$19,579,457,966",0.04%,6.40%,106.40%,"$18,402,152,691"
2006USA,2006,the United States,"$13,814,611,414,000",27.05%,3.23%,103.23%,"$13,382,886,961,521"
2006VCT,2006,Saint Vincent and the Grenadines,"$610,929,629",0.00%,2.74%,102.74%,"$594,632,679"
2006VNM,2006,Vietnam,"$66,371,664,817",0.13%,7.42%,107.42%,"$61,788,205,161"
2006VUT,2006,Vanuatu,"$439,376,794",0.00%,2.04%,102.04%,"$430,589,258"
2006WSM,2006,Samoa,"$505,832,439",0.00%,3.70%,103.70%,"$487,784,007"
2006YEM,2006,Yemen,"$19,061,978,586",0.04%,10.84%,110.84%,"$17,196,998,697"
2006ZAF,2006,South Africa,"$271,638,484,826",0.53%,3.24%,103.24%,"$263,103,645,248"
2006ZMB,2006,Zambia,"$12,756,858,899",0.02%,9.02%,109.02%,"$11,701,439,118"
2007ABW,2007,Aruba,"$2,615,083,798",0.00%,5.39%,105.39%,"$2,481,279,137"
2007AFG,2007,Afghanistan,"$9,747,879,531",0.02%,8.68%,108.68%,"$8,969,293,647"
2007AGO,2007,Angola,"$65,266,452,081",0.11%,12.25%,112.25%,"$58,143,056,942"
2007ALB,2007,Albania,"$10,677,321,490",0.02%,2.93%,102.93%,"$10,373,111,079"
2007ARM,2007,Armenia,"$9,206,301,700",0.02%,4.41%,104.41%,"$8,817,674,943"
2007ATG,2007,Antigua and Barbuda,"$1,312,759,259",0.00%,1.42%,101.42%,"$1,294,429,457"
2007AUS,2007,Australia,"$853,099,630,996",1.48%,2.33%,102.33%,"$833,694,464,524"
2007AUT,2007,Austria,"$388,691,445,387",0.68%,2.17%,102.17%,"$380,441,364,069"
2007AZE,2007,Azerbaijan,"$33,050,343,782",0.06%,16.70%,116.70%,"$28,320,833,915"
2007BDI,2007,Burundi,"$1,356,199,364",0.00%,8.41%,108.41%,"$1,250,967,215"
2007BEL,2007,Belgium,"$470,324,254,037",0.82%,1.82%,101.82%,"$461,903,493,302"
2007BEN,2007,Benin,"$5,969,535,131",0.01%,1.30%,101.30%,"$5,893,039,464"
2007BFA,2007,Burkina Faso,"$7,625,723,123",0.01%,-0.23%,99.77%,"$7,643,350,777"
2007BGD,2007,Bangladesh,"$79,611,888,213",0.14%,9.11%,109.11%,"$72,966,811,644"
2007BGR,2007,Bulgaria,"$44,405,101,469",0.08%,8.40%,108.40%,"$40,963,158,104"
2007BHR,2007,Bahrain,"$21,730,000,000",0.04%,3.26%,103.26%,"$21,044,646,028"
2007BHS,2007,Bahamas,"$10,618,340,000",0.02%,2.49%,102.49%,"$10,360,106,275"
2007BIH,2007,Bosnia and Herzegovina,"$15,778,767,669",0.03%,1.50%,101.50%,"$15,545,464,891"
2007BLR,2007,Belarus,"$45,277,399,813",0.08%,8.43%,108.43%,"$41,758,513,163"
2007BOL,2007,Bolivia,"$13,120,183,156",0.02%,8.71%,108.71%,"$12,069,462,881"
2007BRA,2007,Brazil,"$1,397,084,349,956",2.43%,3.64%,103.64%,"$1,347,999,990,387"
2007BRB,2007,Barbados,"$4,674,000,000",0.01%,4.03%,104.03%,"$4,492,752,056"
2007BRN,2007,Brunei,"$12,247,694,247",0.02%,0.97%,100.97%,"$12,130,300,340"
2007BTN,2007,Bhutan,"$1,168,308,516",0.00%,5.16%,105.16%,"$1,111,022,936"
2007BWA,2007,Botswana,"$10,939,053,365",0.02%,7.08%,107.08%,"$10,215,681,140"
2007CAF,2007,Central Africa,"$1,697,565,948",0.00%,0.96%,100.96%,"$1,681,425,647"
2007CAN,2007,Canada,"$1,468,820,407,783",2.55%,2.14%,102.14%,"$1,438,068,971,097"
2007CHE,2007,Switzerland,"$493,537,376,707",0.86%,0.73%,100.73%,"$489,949,230,563"
2007CHL,2007,Chile,"$173,605,968,179",0.30%,4.41%,104.41%,"$166,276,819,551"
2007CHN,2007,China,"$3,550,342,737,009",6.17%,4.82%,104.82%,"$3,387,189,679,471"
2007CIV,2007,C ô te d'Ivoire,"$20,370,544,322",0.04%,1.89%,101.89%,"$19,992,288,957"
2007CMR,2007,Cameroon,"$22,394,848,085",0.04%,0.92%,100.92%,"$22,190,385,376"
2007COD,2007,Congo (gold),"$16,737,071,816",0.03%,16.95%,116.95%,"$14,311,905,093"
2007COG,2007,Congo (Brazzaville),"$8,771,102,025",0.02%,2.65%,102.65%,"$8,544,281,558"
2007COL,2007,Columbia,"$206,181,826,825",0.36%,5.55%,105.55%,"$195,349,425,204"
2007COM,2007,Comoros,"$795,673,128",0.00%,4.47%,104.47%,"$761,656,286"
2007CPV,2007,Cape Verde,"$1,513,933,983",0.00%,4.41%,104.41%,"$1,449,975,602"
2007CRI,2007,Costa Rica,"$26,884,700,345",0.05%,9.36%,109.36%,"$24,584,288,359"
2007CYP,2007,Cyprus,"$23,968,764,029",0.04%,2.37%,102.37%,"$23,413,249,143"
2007CZE,2007,Czech,"$190,183,800,884",0.33%,2.85%,102.85%,"$184,908,141,629"
2007DEU,2007,Germany,"$3,421,229,126,745",5.94%,2.30%,102.30%,"$3,344,364,206,347"
2007DJI,2007,Djibouti,"$847,918,929",0.00%,4.97%,104.97%,"$807,803,592"
2007DMA,2007,Dominica,"$43,965,420,072",0.08%,3.63%,103.63%,"$42,424,469,459"
2007DMA,2007,Dominica,"$421,374,074",0.00%,3.63%,103.63%,"$406,605,271"
2007DNK,2007,Denmark,"$319,423,424,509",0.55%,1.69%,101.69%,"$314,104,795,240"
2007DZA,2007,Algeria,"$134,977,125,918",0.23%,3.68%,103.68%,"$130,187,532,147"
2007ECU,2007,Ecuador,"$51,007,777,000",0.09%,2.28%,102.28%,"$49,872,584,815"
2007EGY,2007,Egypt,"$130,437,828,371",0.23%,9.32%,109.32%,"$119,318,567,944"
2007ESP,2007,Spain,"$1,472,131,125,102",2.56%,2.79%,102.79%,"$1,432,218,107,295"
2007EST,2007,Estonia,"$22,445,583,082",0.04%,6.60%,106.60%,"$21,055,632,156"
2007ETH,2007,Ethiopia,"$19,707,616,772",0.03%,17.24%,117.24%,"$16,809,578,125"
2007FIN,2007,Finland,"$256,052,559,540",0.44%,2.51%,102.51%,"$249,781,384,124"
2007FJI,2007,Fiji Islands,"$3,378,314,599",0.01%,4.80%,104.80%,"$3,223,468,630"
2007FRA,2007,France,"$2,657,213,249,384",4.62%,1.49%,101.49%,"$2,618,253,685,340"
2007FSM,2007,Micronesia (Federated States of),"$256,787,200",0.00%,3.31%,103.31%,"$248,568,668"
2007GAB,2007,Gabon,"$12,455,410,055",0.02%,5.03%,105.03%,"$11,858,871,032"
2007GBR,2007,United Kingdom,"$3,093,407,362,945",5.37%,2.39%,102.39%,"$3,021,302,129,287"
2007GEO,2007,Georgia,"$10,172,882,370",0.02%,9.24%,109.24%,"$9,311,997,729"
2007GHA,2007,Garner,"$24,827,844,949",0.04%,10.73%,110.73%,"$22,421,103,894"
2007GIN,2007,Guinea,"$6,281,917,655",0.01%,18.18%,118.18%,"$5,315,750,022"
2007GMB,2007,Gambia,"$798,885,556",0.00%,5.37%,105.37%,"$758,177,960"
2007GNB,2007,Guinea Bissau,"$696,910,810",0.00%,4.62%,104.62%,"$666,151,671"
2007GNQ,2007,Equatorial Guinea,"$13,071,718,758",0.02%,2.80%,102.80%,"$12,715,217,337"
2007GRC,2007,Greece,"$318,497,937,311",0.55%,2.90%,102.90%,"$309,536,835,958"
2007GRD,2007,Grenada,"$758,683,592",0.00%,3.86%,103.86%,"$730,495,036"
2007GTM,2007,Guatemala,"$33,567,868,322",0.06%,6.82%,106.82%,"$31,424,227,695"
2007GUY,2007,Guyana,"$1,740,180,444",0.00%,12.20%,112.20%,"$1,550,960,828"
2007HKG,2007,Hong Kong,"$211,597,405,593",0.37%,2.04%,102.04%,"$207,377,222,839"
2007HND,2007,Honduras,"$12,361,257,680",0.02%,6.94%,106.94%,"$11,559,468,150"
2007HRV,2007,Croatia,"$60,073,426,976",0.10%,2.90%,102.90%,"$58,380,802,438"
2007HTI,2007,Haiti,"$5,885,325,589",0.01%,6.56%,106.56%,"$5,523,159,446"
2007HUN,2007,Hungary,"$139,966,001,509",0.24%,7.96%,107.96%,"$129,647,673,558"
2007IDN,2007,Indonesia,"$432,216,737,774",0.75%,6.41%,106.41%,"$406,193,684,250"
2007IND,2007,India,"$1,216,735,441,524",2.11%,6.37%,106.37%,"$1,143,839,882,885"
2007IRL,2007,Ireland,"$269,818,695,592",0.47%,4.90%,104.90%,"$257,222,225,736"
2007IRN,2007,Iran,"$349,881,601,458",0.61%,17.34%,117.34%,"$298,174,960,855"
2007IRQ,2007,Iraq,"$88,837,055,195",0.15%,-10.07%,89.93%,"$98,781,917,400"
2007ISL,2007,Iceland,"$21,652,505,596",0.04%,5.05%,105.05%,"$20,611,313,282"
2007ISR,2007,Israel,"$179,067,829,653",0.31%,0.46%,100.46%,"$178,248,215,706"
2007ITA,2007,Italy,"$2,210,292,636,189",3.84%,1.83%,101.83%,"$2,170,576,701,694"
2007JAM,2007,Jamaica,"$12,799,593,017",0.02%,9.24%,109.24%,"$11,716,430,068"
2007JOR,2007,Jordan,"$17,110,587,447",0.03%,4.74%,104.74%,"$16,335,639,978"
2007JPN,2007,Japan,"$4,515,264,514,430",7.84%,0.06%,100.06%,"$4,512,555,200,926"
2007KAZ,2007,Kazakhstan,"$104,849,886,825",0.18%,10.85%,110.85%,"$94,589,877,718"
2007KEN,2007,Kenya,"$31,958,195,182",0.06%,9.76%,109.76%,"$29,116,728,519"
2007KGZ,2007,Kyrgyzstan,"$3,802,566,170",0.01%,10.23%,110.23%,"$3,449,662,168"
2007KHM,2007,Cambodia,"$8,639,235,842",0.02%,8.71%,108.71%,"$7,947,133,664"
2007KIR,2007,Kiribati,"$132,671,742",0.00%,3.59%,103.59%,"$128,070,772"
2007KNA,2007,Saint Kitts and Nevis,"$689,285,185",0.00%,4.48%,104.48%,"$659,723,717"
2007KOR,2007,South Korea,"$1,172,614,086,539",2.04%,2.53%,102.53%,"$1,143,627,990,873"
2007KWT,2007,Kuwait,"$114,639,690,358",0.20%,5.48%,105.48%,"$108,678,717,238"
2007LAO,2007,Laos,"$4,222,962,987",0.01%,4.66%,104.66%,"$4,034,858,964"
2007LBR,2007,Liberia,"$1,373,000,000",0.00%,11.39%,111.39%,"$1,232,585,171"
2007LBY,2007,Libya,"$67,516,236,337",0.12%,6.25%,106.25%,"$63,544,102,239"
2007LCA,2007,Saint Lucia,"$1,336,088,814",0.00%,2.82%,102.82%,"$1,299,405,256"
2007LKA,2007,Sri Lanka,"$32,350,248,410",0.06%,15.84%,115.84%,"$27,926,155,691"
2007LSO,2007,Lesotho,"$1,682,016,947",0.00%,8.01%,108.01%,"$1,557,243,775"
2007LTU,2007,Lithuania,"$39,697,891,351",0.07%,5.74%,105.74%,"$37,543,930,780"
2007LUX,2007,Luxembourg,"$50,888,134,410",0.09%,2.31%,102.31%,"$49,737,964,562"
2007LVA,2007,Latvia,"$31,004,884,420",0.05%,10.09%,110.09%,"$28,162,454,229"
2007MAC,2007,Macao,"$18,439,876,056",0.03%,5.57%,105.57%,"$17,466,718,384"
2007MDA,2007,Moldova,"$4,401,189,466",0.01%,12.37%,112.37%,"$3,916,793,125"
2007MDG,2007,Madagascar,"$8,524,620,739",0.01%,10.29%,110.29%,"$7,729,420,556"
2007MDV,2007,Maldives,"$1,868,383,460",0.00%,6.79%,106.79%,"$1,749,508,331"
2007MEX,2007,Mexico,"$1,052,696,282,278",1.83%,3.97%,103.97%,"$1,012,530,717,095"
2007MKD,2007,Macedonia,"$8,338,305,008",0.01%,2.25%,102.25%,"$8,154,681,320"
2007MLI,2007,Mali,"$8,156,469,132",0.01%,1.41%,101.41%,"$8,042,903,177"
2007MLT,2007,Malta,"$7,925,371,475",0.01%,1.25%,101.25%,"$7,827,587,743"
2007MMR,2007,Myanmar,"$20,182,477,480",0.04%,35.02%,135.02%,"$14,947,259,920"
2007MNE,2007,Montenegro,"$3,680,711,743",0.01%,4.35%,104.35%,"$3,527,372,549"
2007MNG,2007,Mongolia,"$4,234,999,823",0.01%,9.63%,109.63%,"$3,862,959,609"
2007MOZ,2007,Mozambique,"$10,450,843,291",0.02%,8.49%,108.49%,"$9,633,047,039"
2007MRT,2007,Mauritania,"$3,356,753,170",0.01%,7.25%,107.25%,"$3,129,719,896"
2007MUS,2007,Mauritius,"$8,150,138,757",0.01%,8.83%,108.83%,"$7,489,057,711"
2007MWI,2007,Malawi,"$4,432,937,045",0.01%,7.95%,107.95%,"$4,106,388,418"
2007MYS,2007,Malaysia,"$193,547,824,063",0.34%,2.03%,102.03%,"$189,701,896,633"
2007NAM,2007,Namibia,"$8,839,526,448",0.02%,6.55%,106.55%,"$8,296,294,897"
2007NER,2007,Niger,"$4,291,363,390",0.01%,0.05%,100.05%,"$4,289,049,051"
2007NGA,2007,Nigeria,"$275,625,684,968",0.48%,5.39%,105.39%,"$261,534,201,357"
2007NIC,2007,Nicaragua,"$7,423,367,753",0.01%,11.13%,111.13%,"$6,680,079,650"
2007NLD,2007,Netherlands,"$847,481,522,036",1.47%,1.61%,101.61%,"$834,021,592,851"
2007NOR,2007,Norway,"$400,937,100,158",0.70%,0.71%,100.71%,"$398,100,281,052"
2007NPL,2007,Nepal,"$10,325,618,017",0.02%,2.27%,102.27%,"$10,096,506,156"
2007NZL,2007,New Zealand,"$137,188,946,865",0.24%,2.38%,102.38%,"$134,004,801,028"
2007OMN,2007,Oman,"$42,085,379,489",0.07%,5.83%,105.83%,"$39,766,783,470"
2007PAK,2007,Pakistan,"$152,385,716,311",0.26%,7.60%,107.60%,"$141,624,144,519"
2007PAN,2007,Panama,"$21,295,984,200",0.04%,4.17%,104.17%,"$20,443,758,919"
2007PER,2007,Peru,"$102,170,981,144",0.18%,1.78%,101.78%,"$100,384,156,759"
2007PHL,2007,Philippines,"$155,980,378,253",0.27%,2.90%,102.90%,"$151,584,429,789"
2007PLW,2007,Palau,"$198,897,700",0.00%,3.24%,103.24%,"$192,657,989"
2007PNG,2007,Papua New Guinea,"$9,545,177,014",0.02%,0.91%,100.91%,"$9,458,972,624"
2007POL,2007,Poland,"$429,028,505,365",0.75%,2.46%,102.46%,"$418,732,938,043"
2007PRT,2007,Portugal,"$240,190,803,449",0.42%,2.45%,102.45%,"$234,437,781,681"
2007PRY,2007,Paraguay,"$17,856,270,473",0.03%,8.13%,108.13%,"$16,513,633,746"
2007QAT,2007,Qatar,"$79,712,087,912",0.14%,13.76%,113.76%,"$70,071,532,543"
2007ROU,2007,Romania,"$174,585,202,805",0.30%,4.84%,104.84%,"$166,529,616,883"
2007RUS,2007,Russia,"$1,299,705,764,823",2.26%,9.01%,109.01%,"$1,192,310,772,264"
2007RWA,2007,Rwanda,"$4,068,065,928",0.01%,9.08%,109.08%,"$3,729,408,690"
2007SAU,2007,Saudi Arabia,"$415,964,583,055",0.72%,4.17%,104.17%,"$399,321,565,790"
2007SDN,2007,Sudan,"$45,898,948,564",0.08%,14.75%,114.75%,"$39,997,592,884"
2007SEN,2007,Senegal,"$14,005,710,262",0.02%,5.85%,105.85%,"$13,231,245,219"
2007SGP,2007,Singapore,"$180,941,941,477",0.31%,2.10%,102.10%,"$177,211,844,736"
2007SLB,2007,Solomon Islands,"$620,230,005",0.00%,7.67%,107.67%,"$576,068,479"
2007SLE,2007,Sierra Leone,"$2,158,496,872",0.00%,11.65%,111.65%,"$1,933,271,264"
2007SLV,2007,El Salvador,"$17,011,750,900",0.03%,4.58%,104.58%,"$16,267,032,220"
2007SMR,2007,San Marino,"$2,185,874,623",0.00%,2.50%,102.50%,"$2,132,582,542"
2007SRB,2007,Serbia,"$43,170,990,616",0.07%,6.39%,106.39%,"$40,577,402,186"
2007STP,2007,Sao Tome and Principe.,"$149,146,423",0.00%,18.55%,118.55%,"$125,810,454"
2007SUR,2007,Suriname,"$2,936,612,021",0.01%,6.43%,106.43%,"$2,759,292,197"
2007SVK,2007,Slovakia,"$86,454,081,576",0.15%,2.76%,102.76%,"$84,134,719,802"
2007SVN,2007,Slovenia,"$48,006,372,844",0.08%,3.66%,103.66%,"$46,312,495,349"
2007SWE,2007,Sweden,"$491,252,589,217",0.85%,2.21%,102.21%,"$480,620,453,338"
2007SWZ,2007,Eswatini,"$3,469,363,925",0.01%,8.08%,108.08%,"$3,210,112,413"
2007SYC,2007,Seychelles,"$1,033,561,654",0.00%,5.32%,105.32%,"$981,348,047"
2007SYR,2007,Syria,"$40,405,006,007",0.07%,3.91%,103.91%,"$38,885,474,620"
2007TCD,2007,Chad,"$8,650,138,068",0.02%,-8.97%,91.03%,"$9,503,008,321"
2007TGO,2007,Togo,"$2,662,612,348",0.00%,0.95%,100.95%,"$2,637,668,621"
2007THA,2007,Thailand,"$262,942,476,722",0.46%,2.24%,102.24%,"$257,177,732,525"
2007TJK,2007,Tajikistan,"$3,719,506,172",0.01%,13.15%,113.15%,"$3,287,260,225"
2007TLS,2007,Timor Leste,"$2,881,040,200",0.01%,10.30%,110.30%,"$2,611,982,447"
2007TON,2007,Tonga,"$298,513,956",0.00%,5.84%,105.84%,"$282,036,672"
2007TTO,2007,Trinidad and Tobago,"$21,641,620,049",0.04%,7.89%,107.89%,"$20,058,151,661"
2007TUN,2007,Tunisia,"$38,914,078,351",0.07%,2.97%,102.97%,"$37,792,787,390"
2007TUR,2007,Turkey,"$681,337,335,021",1.18%,8.76%,108.76%,"$626,481,483,002"
2007TZA,2007,Tanzania,"$21,843,529,024",0.04%,7.03%,107.03%,"$20,409,646,384"
2007UGA,2007,Uganda,"$11,902,564,401",0.02%,6.14%,106.14%,"$11,214,180,704"
2007UKR,2007,Ukraine,"$142,579,603,960",0.25%,12.84%,112.84%,"$126,356,917,755"
2007URY,2007,Uruguay,"$23,410,572,634",0.04%,8.11%,108.11%,"$21,653,470,260"
2007USA,2007,the United States,"$14,451,858,656,000",25.11%,2.85%,102.85%,"$14,051,028,823,319"
2007VCT,2007,Saint Vincent and the Grenadines,"$684,444,444",0.00%,7.24%,107.24%,"$638,259,079"
2007VNM,2007,Vietnam,"$77,414,425,532",0.13%,8.34%,108.34%,"$71,452,138,360"
2007VUT,2007,Vanuatu,"$516,392,922",0.00%,3.94%,103.94%,"$496,839,869"
2007WSM,2007,Samoa,"$570,469,196",0.00%,5.58%,105.58%,"$540,334,401"
2007YEM,2007,Yemen,"$21,650,532,264",0.04%,7.91%,107.91%,"$20,064,416,505"
2007ZAF,2007,South Africa,"$299,415,505,152",0.52%,6.18%,106.18%,"$281,994,433,750"
2007ZMB,2007,Zambia,"$14,056,957,976",0.02%,10.66%,110.66%,"$12,703,139,942"
2008ABW,2008,Aruba,"$2,745,251,396",0.00%,8.96%,108.96%,"$2,519,596,647"
2008AFG,2008,Afghanistan,"$10,109,225,813",0.02%,26.42%,126.42%,"$7,996,624,455"
2008AGO,2008,Angola,"$88,538,611,205",0.14%,12.48%,112.48%,"$78,717,900,450"
2008ALB,2008,Albania,"$12,881,354,103",0.02%,3.32%,103.32%,"$12,467,330,163"
2008ARE,2008,United Arab Emirates,"$315,474,615,738",0.50%,12.25%,112.25%,"$281,045,376,101"
2008ARM,2008,Armenia,"$11,662,040,713",0.02%,8.95%,108.95%,"$10,704,034,609"
2008ATG,2008,Antigua and Barbuda,"$1,370,070,370",0.00%,5.33%,105.33%,"$1,300,693,877"
2008AUS,2008,Australia,"$1,053,995,523,724",1.67%,4.35%,104.35%,"$1,010,055,110,881"
2008AUT,2008,Austria,"$430,294,287,388",0.68%,3.22%,103.22%,"$416,887,395,799"
2008AZE,2008,Azerbaijan,"$48,852,482,960",0.08%,20.85%,120.85%,"$40,424,370,676"
2008BDI,2008,Burundi,"$1,611,835,901",0.00%,24.41%,124.41%,"$1,295,615,629"
2008BEL,2008,Belgium,"$515,223,524,241",0.82%,4.49%,104.49%,"$493,086,673,167"
2008BEN,2008,Benin,"$7,132,787,396",0.01%,7.95%,107.95%,"$6,607,657,142"
2008BFA,2008,Burkina Faso,"$9,451,436,358",0.01%,10.66%,110.66%,"$8,540,984,655"
2008BGD,2008,Bangladesh,"$91,631,278,239",0.15%,8.90%,108.90%,"$84,141,085,200"
2008BGR,2008,Bulgaria,"$54,438,966,419",0.09%,12.35%,112.35%,"$48,455,350,994"
2008BHR,2008,Bahrain,"$25,710,904,255",0.04%,3.53%,103.53%,"$24,835,213,830"
2008BHS,2008,Bahamas,"$10,526,000,000",0.02%,4.49%,104.49%,"$10,073,733,687"
2008BIH,2008,Bosnia and Herzegovina,"$19,112,739,664",0.03%,7.43%,107.43%,"$17,791,367,157"
2008BLR,2008,Belarus,"$60,763,483,146",0.10%,14.84%,114.84%,"$52,912,405,740"
2008BOL,2008,Bolivia,"$16,674,324,634",0.03%,14.01%,114.01%,"$14,625,726,763"
2008BRA,2008,Brazil,"$1,695,824,565,983",2.68%,5.68%,105.68%,"$1,604,700,160,507"
2008BRB,2008,Barbados,"$4,785,000,000",0.01%,8.11%,108.11%,"$4,426,125,000"
2008BRN,2008,Brunei,"$14,393,099,068",0.02%,2.08%,102.08%,"$14,099,134,892"
2008BTN,2008,Bhutan,"$1,227,808,790",0.00%,8.33%,108.33%,"$1,133,426,543"
2008BWA,2008,Botswana,"$10,945,070,441",0.02%,12.70%,112.70%,"$9,711,497,707"
2008CAF,2008,Central Africa,"$1,985,240,986",0.00%,9.26%,109.26%,"$1,817,005,351"
2008CAN,2008,Canada,"$1,552,989,690,721",2.46%,2.37%,102.37%,"$1,517,031,927,821"
2008CHE,2008,Switzerland,"$570,304,197,211",0.90%,2.43%,102.43%,"$556,796,094,715"
2008CHL,2008,Chile,"$179,638,496,278",0.28%,8.72%,108.72%,"$165,236,075,867"
2008CHN,2008,China,"$4,594,307,032,667",7.27%,5.93%,105.93%,"$4,337,310,483,804"
2008CIV,2008,C ô te d'Ivoire,"$24,322,959,641",0.04%,6.31%,106.31%,"$22,879,594,111"
2008CMR,2008,Cameroon,"$26,516,681,614",0.04%,5.34%,105.34%,"$25,172,995,861"
2008COD,2008,Congo (gold),"$19,788,515,873",0.03%,17.30%,117.30%,"$16,869,805,881"
2008COG,2008,Congo (Brazzaville),"$11,602,893,043",0.02%,4.96%,104.96%,"$11,054,717,154"
2008COL,2008,Columbia,"$242,186,950,900",0.38%,7.00%,107.00%,"$226,346,011,220"
2008COM,2008,Comoros,"$915,659,192",0.00%,1.70%,101.70%,"$900,346,267"
2008CPV,2008,Cape Verde,"$1,789,333,748",0.00%,6.77%,106.77%,"$1,675,807,266"
2008CRI,2008,Costa Rica,"$30,801,744,881",0.05%,13.42%,113.42%,"$27,156,174,177"
2008CYP,2008,Cyprus,"$27,844,698,989",0.04%,4.67%,104.67%,"$26,602,620,403"
2008CZE,2008,Czech,"$236,816,485,762",0.37%,6.36%,106.36%,"$222,658,387,475"
2008DEU,2008,Germany,"$3,730,027,830,672",5.90%,2.63%,102.63%,"$3,634,499,314,034"
2008DJI,2008,Djibouti,"$999,105,339",0.00%,11.96%,111.96%,"$892,388,038"
2008DMA,2008,Dominica,"$48,122,547,177",0.08%,6.36%,106.36%,"$45,245,000,511"
2008DMA,2008,Dominica,"$458,188,888",0.00%,6.36%,106.36%,"$430,790,922"
2008DNK,2008,Denmark,"$353,361,038,818",0.56%,3.42%,103.42%,"$341,688,059,187"
2008DZA,2008,Algeria,"$171,000,653,424",0.27%,4.86%,104.86%,"$163,077,390,608"
2008ECU,2008,Ecuador,"$61,762,635,000",0.10%,8.40%,108.40%,"$56,976,550,126"
2008EGY,2008,Egypt,"$162,818,181,818",0.26%,18.32%,118.32%,"$137,612,019,783"
2008ESP,2008,Spain,"$1,625,224,842,536",2.57%,4.08%,104.08%,"$1,561,584,896,160"
2008EST,2008,Estonia,"$24,371,299,252",0.04%,10.36%,110.36%,"$22,082,981,632"
2008ETH,2008,Ethiopia,"$27,066,912,635",0.04%,44.36%,144.36%,"$18,750,023,575"
2008FIN,2008,Finland,"$284,553,976,856",0.45%,4.07%,104.07%,"$273,436,188,434"
2008FJI,2008,Fiji Islands,"$3,523,185,919",0.01%,7.73%,107.73%,"$3,270,315,977"
2008FRA,2008,France,"$2,918,382,891,460",4.62%,2.81%,102.81%,"$2,838,538,716,010"
2008FSM,2008,Micronesia (Federated States of),"$263,145,100",0.00%,8.42%,108.42%,"$242,700,662"
2008GAB,2008,Gabon,"$15,571,349,775",0.02%,5.26%,105.26%,"$14,792,621,582"
2008GBR,2008,United Kingdom,"$2,921,431,985,294",4.62%,3.52%,103.52%,"$2,822,055,868,295"
2008GEO,2008,Georgia,"$12,795,076,469",0.02%,10.00%,110.00%,"$11,631,941,881"
2008GHA,2008,Garner,"$28,678,701,891",0.05%,16.49%,116.49%,"$24,618,044,218"
2008GIN,2008,Guinea,"$6,964,179,193",0.01%,23.07%,123.07%,"$5,658,915,620"
2008GMB,2008,Gambia,"$965,781,078",0.00%,4.44%,104.44%,"$924,691,001"
2008GNB,2008,Guinea Bissau,"$868,154,708",0.00%,10.46%,110.46%,"$785,944,354"
2008GNQ,2008,Equatorial Guinea,"$19,749,893,536",0.03%,6.55%,106.55%,"$18,535,491,347"
2008GRC,2008,Greece,"$354,460,802,695",0.56%,4.15%,104.15%,"$340,327,684,545"
2008GRD,2008,Grenada,"$825,976,037",0.00%,8.03%,108.03%,"$764,557,078"
2008GTM,2008,Guatemala,"$38,503,862,830",0.06%,11.36%,111.36%,"$34,577,342,420"
2008GUY,2008,Guyana,"$1,916,994,911",0.00%,8.10%,108.10%,"$1,773,320,123"
2008HKG,2008,Hong Kong,"$219,279,678,430",0.35%,4.30%,104.30%,"$210,233,025,803"
2008HND,2008,Honduras,"$13,881,701,033",0.02%,11.40%,111.40%,"$12,460,748,647"
2008HRV,2008,Croatia,"$70,234,425,974",0.11%,6.08%,106.08%,"$66,210,815,638"
2008HTI,2008,Haiti,"$6,548,530,572",0.01%,15.28%,115.28%,"$5,680,456,084"
2008HUN,2008,Hungary,"$158,136,326,477",0.25%,6.04%,106.04%,"$149,125,405,171"
2008IDN,2008,Indonesia,"$510,228,634,992",0.81%,10.23%,110.23%,"$462,890,387,798"
2008IND,2008,India,"$1,198,895,582,137",1.90%,8.35%,108.35%,"$1,106,510,099,044"
2008IRL,2008,Ireland,"$274,819,833,015",0.44%,4.06%,104.06%,"$264,096,701,566"
2008IRN,2008,Iran,"$412,336,172,446",0.65%,25.41%,125.41%,"$328,789,170,569"
2008IRQ,2008,Iraq,"$131,614,433,712",0.21%,12.66%,112.66%,"$116,821,499,195"
2008ISL,2008,Iceland,"$18,074,622,987",0.03%,12.69%,112.69%,"$16,038,617,628"
2008ISR,2008,Israel,"$216,338,894,091",0.34%,4.56%,104.56%,"$206,909,581,806"
2008ITA,2008,Italy,"$2,398,856,598,798",3.80%,3.35%,103.35%,"$2,321,148,435,163"
2008JAM,2008,Jamaica,"$13,709,402,085",0.02%,22.02%,122.02%,"$11,235,111,602"
2008JOR,2008,Jordan,"$22,657,662,392",0.04%,13.97%,113.97%,"$19,880,159,399"
2008JPN,2008,Japan,"$5,037,908,465,114",7.97%,1.38%,101.38%,"$4,969,327,822,256"
2008KAZ,2008,Kazakhstan,"$133,441,612,246",0.21%,17.14%,117.14%,"$113,916,447,339"
2008KEN,2008,Kenya,"$35,895,153,327",0.06%,26.24%,126.24%,"$28,434,098,118"
2008KGZ,2008,Kyrgyzstan,"$5,139,957,784",0.01%,24.52%,124.52%,"$4,127,813,649"
2008KHM,2008,Cambodia,"$10,351,914,093",0.02%,24.10%,124.10%,"$8,341,802,336"
2008KIR,2008,Kiribati,"$141,042,610",0.00%,13.67%,113.67%,"$124,085,791"
2008KNA,2008,Saint Kitts and Nevis,"$751,233,333",0.00%,5.30%,105.30%,"$713,419,958"
2008KOR,2008,South Korea,"$1,047,339,010,225",1.66%,4.67%,104.67%,"$1,000,573,251,493"
2008KWT,2008,Kuwait,"$147,395,089,285",0.23%,10.58%,110.58%,"$133,289,453,265"
2008LAO,2008,Laos,"$5,443,915,120",0.01%,7.63%,107.63%,"$5,058,046,425"
2008LBR,2008,Liberia,"$1,726,000,000",0.00%,17.49%,117.49%,"$1,469,068,091"
2008LBY,2008,Libya,"$87,140,405,361",0.14%,10.36%,110.36%,"$78,959,613,831"
2008LCA,2008,Saint Lucia,"$1,437,731,111",0.00%,5.55%,105.55%,"$1,362,138,581"
2008LKA,2008,Sri Lanka,"$40,713,812,309",0.06%,22.56%,122.56%,"$33,218,275,923"
2008LSO,2008,Lesotho,"$1,766,825,412",0.00%,10.72%,110.72%,"$1,595,822,410"
2008LTU,2008,Lithuania,"$47,797,551,587",0.08%,10.93%,110.93%,"$43,089,628,106"
2008LUX,2008,Luxembourg,"$55,849,686,538",0.09%,3.40%,103.40%,"$54,012,254,649"
2008LVA,2008,Latvia,"$35,756,225,697",0.06%,15.40%,115.40%,"$30,983,974,995"
2008MAC,2008,Macao,"$21,027,044,550",0.03%,8.61%,108.61%,"$19,359,955,209"
2008MAR,2008,Morocco,"$92,507,257,783",0.15%,3.71%,103.71%,"$89,193,846,324"
2008MDA,2008,Moldova,"$6,054,849,884",0.01%,12.78%,112.78%,"$5,368,581,565"
2008MDG,2008,Madagascar,"$10,725,137,477",0.02%,9.30%,109.30%,"$9,812,882,072"
2008MDV,2008,Maldives,"$2,271,646,187",0.00%,12.04%,112.04%,"$2,027,505,015"
2008MEX,2008,Mexico,"$1,109,989,063,586",1.76%,5.12%,105.12%,"$1,055,875,620,230"
2008MKD,2008,Macedonia,"$9,911,371,237",0.02%,8.33%,108.33%,"$9,149,079,396"
2008MLI,2008,Mali,"$9,838,404,004",0.02%,9.17%,109.17%,"$9,011,921,731"
2008MLT,2008,Malta,"$9,090,406,767",0.01%,4.26%,104.26%,"$8,719,093,555"
2008MMR,2008,Myanmar,"$31,831,232,214",0.05%,26.80%,126.80%,"$25,103,587,063"
2008MNE,2008,Montenegro,"$4,545,674,527",0.01%,8.76%,108.76%,"$4,179,595,167"
2008MNG,2008,Mongolia,"$5,623,216,448",0.01%,27.96%,127.96%,"$4,394,660,015"
2008MOZ,2008,Mozambique,"$12,556,195,188",0.02%,14.50%,114.50%,"$10,965,840,667"
2008MRT,2008,Mauritania,"$4,031,053,345",0.01%,7.35%,107.35%,"$3,755,174,375"
2008MUS,2008,Mauritius,"$9,990,370,016",0.02%,9.73%,109.73%,"$9,104,312,539"
2008MWI,2008,Malawi,"$5,321,012,192",0.01%,8.71%,108.71%,"$4,894,567,972"
2008MYS,2008,Malaysia,"$230,813,897,715",0.37%,5.44%,105.44%,"$218,903,817,740"
2008NAM,2008,Namibia,"$8,607,475,302",0.01%,9.09%,109.09%,"$7,889,915,636"
2008NER,2008,Niger,"$5,379,299,887",0.01%,11.31%,111.31%,"$4,832,931,653"
2008NGA,2008,Nigeria,"$337,035,512,676",0.53%,11.58%,111.58%,"$302,054,369,132"
2008NIC,2008,Nicaragua,"$8,496,998,229",0.01%,19.83%,119.83%,"$7,091,101,952"
2008NLD,2008,Netherlands,"$947,997,656,364",1.50%,2.49%,102.49%,"$924,997,573,360"
2008NOR,2008,Norway,"$462,250,000,000",0.73%,3.75%,103.75%,"$445,525,288,879"
2008NPL,2008,Nepal,"$12,545,438,605",0.02%,9.91%,109.91%,"$11,414,508,501"
2008NZL,2008,New Zealand,"$133,131,369,930",0.21%,3.96%,103.96%,"$128,061,480,741"
2008OMN,2008,Oman,"$60,905,452,457",0.10%,12.38%,112.38%,"$54,198,203,075"
2008PAK,2008,Pakistan,"$170,077,814,106",0.27%,20.29%,120.29%,"$141,394,379,139"
2008PAN,2008,Panama,"$25,155,888,600",0.04%,8.76%,108.76%,"$23,130,004,764"
2008PER,2008,Peru,"$120,550,599,815",0.19%,5.79%,105.79%,"$113,957,178,778"
2008PHL,2008,Philippines,"$181,006,700,916",0.29%,8.26%,108.26%,"$167,195,597,166"
2008PLW,2008,Palau,"$198,283,900",0.00%,11.97%,111.97%,"$177,093,630"
2008PNG,2008,Papua New Guinea,"$11,670,840,931",0.02%,10.76%,110.76%,"$10,536,919,008"
2008POL,2008,Poland,"$533,609,081,852",0.84%,4.16%,104.16%,"$512,273,052,965"
2008PRT,2008,Portugal,"$262,344,779,551",0.42%,2.59%,102.59%,"$255,725,313,005"
2008PRY,2008,Paraguay,"$24,616,537,618",0.04%,10.15%,110.15%,"$22,347,225,040"
2008QAT,2008,Qatar,"$115,270,054,945",0.18%,15.05%,115.05%,"$100,191,142,553"
2008ROU,2008,Romania,"$214,313,628,965",0.34%,7.85%,107.85%,"$198,713,059,044"
2008RUS,2008,Russia,"$1,660,846,387,624",2.63%,14.11%,114.11%,"$1,455,468,594,187"
2008RWA,2008,Rwanda,"$5,177,015,141",0.01%,15.44%,115.44%,"$4,484,663,239"
2008SAU,2008,Saudi Arabia,"$519,796,738,640",0.82%,9.87%,109.87%,"$473,100,542,243"
2008SDN,2008,Sudan,"$54,526,580,231",0.09%,14.30%,114.30%,"$47,705,995,621"
2008SEN,2008,Senegal,"$16,853,991,176",0.03%,7.35%,107.35%,"$15,700,447,524"
2008SGP,2008,Singapore,"$193,611,986,712",0.31%,6.63%,106.63%,"$181,577,430,845"
2008SLB,2008,Solomon Islands,"$699,157,190",0.00%,17.32%,117.32%,"$595,939,994"
2008SLE,2008,Sierra Leone,"$2,505,458,705",0.00%,8.20%,108.20%,"$2,315,482,299"
2008SLV,2008,El Salvador,"$17,986,890,000",0.03%,6.71%,106.71%,"$16,856,189,780"
2008SMR,2008,San Marino,"$2,393,437,820",0.00%,4.29%,104.29%,"$2,294,912,576"
2008SRB,2008,Serbia,"$52,194,221,468",0.08%,12.41%,112.41%,"$46,431,601,539"
2008STP,2008,Sao Tome and Principe.,"$188,021,190",0.00%,31.99%,131.99%,"$142,450,975"
2008SUR,2008,Suriname,"$3,532,969,034",0.01%,14.67%,114.67%,"$3,081,064,854"
2008SVK,2008,Slovakia,"$100,469,509,301",0.16%,4.60%,104.60%,"$96,052,827,620"
2008SVN,2008,Slovenia,"$55,552,509,154",0.09%,5.65%,105.65%,"$52,582,928,341"
2008SWE,2008,Sweden,"$517,706,149,201",0.82%,3.44%,103.44%,"$500,503,594,868"
2008SWZ,2008,Eswatini,"$3,294,093,364",0.01%,12.66%,112.66%,"$2,923,990,438"
2008SYC,2008,Seychelles,"$967,199,593",0.00%,36.96%,136.96%,"$706,166,758"
2008TCD,2008,Chad,"$10,393,834,720",0.02%,10.30%,110.30%,"$9,423,499,278"
2008TGO,2008,Togo,"$3,323,677,130",0.01%,8.69%,108.69%,"$3,057,806,141"
2008THA,2008,Thailand,"$291,382,991,177",0.46%,5.47%,105.47%,"$276,274,925,875"
2008TJK,2008,Tajikistan,"$5,161,337,336",0.01%,20.47%,120.47%,"$4,284,315,577"
2008TLS,2008,Timor Leste,"$4,391,368,100",0.01%,9.06%,109.06%,"$4,026,405,220"
2008TON,2008,Tonga,"$344,428,609",0.00%,10.45%,110.45%,"$311,849,709"
2008TTO,2008,Trinidad and Tobago,"$27,871,587,349",0.04%,12.03%,112.03%,"$24,878,605,400"
2008TUN,2008,Tunisia,"$44,860,969,077",0.07%,4.35%,104.35%,"$42,992,914,856"
2008TUR,2008,Turkey,"$770,462,156,204",1.22%,10.44%,110.44%,"$697,603,546,250"
2008TZA,2008,Tanzania,"$27,941,177,434",0.04%,10.28%,110.28%,"$25,336,946,324"
2008UGA,2008,Uganda,"$14,440,404,021",0.02%,12.05%,112.05%,"$12,887,366,143"
2008UKR,2008,Ukraine,"$179,816,790,704",0.28%,25.23%,125.23%,"$143,593,285,515"
2008URY,2008,Uruguay,"$30,366,213,119",0.05%,7.88%,107.88%,"$28,148,903,251"
2008USA,2008,the United States,"$14,712,844,084,000",23.29%,3.84%,103.84%,"$14,168,886,326,941"
2008VCT,2008,Saint Vincent and the Grenadines,"$695,429,629",0.00%,10.07%,110.07%,"$631,828,268"
2008VNM,2008,Vietnam,"$99,130,304,099",0.16%,23.12%,123.12%,"$80,518,168,457"
2008VUT,2008,Vanuatu,"$590,748,237",0.00%,4.84%,104.84%,"$563,466,791"
2008WSM,2008,Samoa,"$619,260,721",0.00%,11.57%,111.57%,"$555,062,688"
2008YEM,2008,Yemen,"$26,910,851,361",0.04%,18.98%,118.98%,"$22,618,673,626"
2008ZAF,2008,South Africa,"$286,769,839,732",0.45%,10.07%,110.07%,"$260,523,230,162"
2008ZMB,2008,Zambia,"$17,910,858,637",0.03%,12.45%,112.45%,"$15,928,468,456"
2009ABW,2009,Aruba,"$2,498,882,681",0.00%,-2.14%,97.86%,"$2,553,408,908"
2009AFG,2009,Afghanistan,"$12,439,087,076",0.02%,-6.81%,93.19%,"$13,348,258,462"
2009AGO,2009,Angola,"$70,307,163,678",0.12%,13.73%,113.73%,"$61,819,210,547"
2009ALB,2009,Albania,"$12,044,223,352",0.02%,2.27%,102.27%,"$11,777,242,441"
2009ARE,2009,United Arab Emirates,"$253,547,358,747",0.42%,1.56%,101.56%,"$249,648,318,421"
2009ARM,2009,Armenia,"$8,647,936,747",0.01%,3.41%,103.41%,"$8,363,027,887"
2009ATG,2009,Antigua and Barbuda,"$1,228,329,629",0.00%,-0.55%,99.45%,"$1,235,124,792"
2009AUS,2009,Australia,"$927,805,183,330",1.55%,1.77%,101.77%,"$911,658,640,650"
2009AUT,2009,Austria,"$400,172,297,860",0.67%,0.51%,100.51%,"$398,156,396,873"
2009AZE,2009,Azerbaijan,"$44,291,490,420",0.07%,1.46%,101.46%,"$43,655,409,985"
2009BDI,2009,Burundi,"$1,781,455,092",0.00%,10.56%,110.56%,"$1,611,368,164"
2009BEL,2009,Belgium,"$481,345,929,424",0.80%,-0.05%,99.95%,"$481,601,879,989"
2009BEN,2009,Benin,"$7,097,198,711",0.01%,0.90%,100.90%,"$7,034,167,481"
2009BFA,2009,Burkina Faso,"$9,450,697,335",0.02%,2.61%,102.61%,"$9,210,471,955"
2009BGD,2009,Bangladesh,"$102,477,791,472",0.17%,5.42%,105.42%,"$97,205,858,597"
2009BGR,2009,Bulgaria,"$52,023,504,656",0.09%,2.75%,102.75%,"$50,629,570,196"
2009BHR,2009,Bahrain,"$22,938,218,085",0.04%,2.80%,102.80%,"$22,314,415,729"
2009BHS,2009,Bahamas,"$9,981,960,000",0.02%,2.06%,102.06%,"$9,780,220,005"
2009BIH,2009,Bosnia and Herzegovina,"$17,613,836,209",0.03%,-0.38%,99.62%,"$17,681,283,992"
2009BLR,2009,Belarus,"$50,874,078,052",0.08%,12.95%,112.95%,"$45,042,969,956"
2009BOL,2009,Bolivia,"$17,339,992,165",0.03%,3.35%,103.35%,"$16,778,507,109"
2009BRA,2009,Brazil,"$1,667,019,783,585",2.78%,4.89%,104.89%,"$1,589,332,650,554"
2009BRB,2009,Barbados,"$4,465,500,000",0.01%,3.64%,103.64%,"$4,308,504,062"
2009BRN,2009,Brunei,"$10,732,366,286",0.02%,1.04%,101.04%,"$10,622,348,735"
2009BTN,2009,Bhutan,"$1,234,014,291",0.00%,4.36%,104.36%,"$1,182,446,360"
2009BWA,2009,Botswana,"$10,267,133,177",0.02%,8.03%,108.03%,"$9,504,202,604"
2009CAF,2009,Central Africa,"$2,059,094,048",0.00%,3.52%,103.52%,"$1,989,054,232"
2009CAN,2009,Canada,"$1,374,625,142,157",2.29%,0.30%,100.30%,"$1,370,520,887,072"
2009CHE,2009,Switzerland,"$558,199,868,578",0.93%,-0.48%,99.52%,"$560,894,867,094"
2009CHL,2009,Chile,"$172,389,498,444",0.29%,0.35%,100.35%,"$171,783,026,751"
2009CHN,2009,China,"$5,101,703,073,088",8.51%,-0.73%,99.27%,"$5,139,124,391,110"
2009CIV,2009,C ô te d'Ivoire,"$24,375,209,177",0.04%,1.02%,101.02%,"$24,129,210,769"
2009CMR,2009,Cameroon,"$26,122,645,990",0.04%,3.04%,103.04%,"$25,351,056,548"
2009COD,2009,Congo (gold),"$18,648,373,312",0.03%,2.80%,102.80%,"$18,140,440,965"
2009COG,2009,Congo (Brazzaville),"$9,684,321,633",0.02%,4.42%,104.42%,"$9,274,837,222"
2009COL,2009,Columbia,"$232,397,835,678",0.39%,4.20%,104.20%,"$223,028,316,264"
2009COM,2009,Comoros,"$905,341,090",0.00%,4.36%,104.36%,"$867,497,814"
2009CPV,2009,Cape Verde,"$1,711,817,181",0.00%,0.99%,100.99%,"$1,695,017,801"
2009CRI,2009,Costa Rica,"$30,745,712,006",0.05%,7.84%,107.84%,"$28,509,775,375"
2009CYP,2009,Cyprus,"$25,945,391,775",0.04%,0.33%,100.33%,"$25,861,013,327"
2009CZE,2009,Czech,"$207,434,296,805",0.35%,1.02%,101.02%,"$205,341,096,174"
2009DEU,2009,Germany,"$3,397,791,053,070",5.67%,0.31%,100.31%,"$3,387,198,010,289"
2009DJI,2009,Djibouti,"$1,049,110,684",0.00%,1.68%,101.68%,"$1,031,822,540"
2009DMA,2009,Dominica,"$48,261,033,298",0.08%,0.01%,100.01%,"$48,258,010,623"
2009DMA,2009,Dominica,"$489,074,074",0.00%,0.01%,100.01%,"$489,043,442"
2009DNK,2009,Denmark,"$321,241,303,699",0.54%,1.30%,101.30%,"$317,104,016,175"
2009DZA,2009,Algeria,"$137,211,049,535",0.23%,5.74%,105.74%,"$129,766,279,738"
2009ECU,2009,Ecuador,"$62,519,686,000",0.10%,5.16%,105.16%,"$59,451,982,551"
2009EGY,2009,Egypt,"$189,147,005,444",0.32%,11.76%,111.76%,"$169,238,627,245"
2009ESP,2009,Spain,"$1,485,583,495,415",2.48%,-0.29%,99.71%,"$1,489,871,540,644"
2009EST,2009,Estonia,"$19,744,110,864",0.03%,-0.08%,99.92%,"$19,759,604,036"
2009ETH,2009,Ethiopia,"$32,437,389,116",0.05%,8.48%,108.48%,"$29,900,718,584"
2009FIN,2009,Finland,"$252,496,526,813",0.42%,0.00%,100.00%,"$252,496,529,128"
2009FJI,2009,Fiji Islands,"$2,870,624,635",0.00%,3.13%,103.13%,"$2,783,473,102"
2009FRA,2009,France,"$2,690,222,283,967",4.49%,0.09%,100.09%,"$2,687,867,161,912"
2009FSM,2009,Micronesia (Federated States of),"$280,284,600",0.00%,6.39%,106.39%,"$263,441,216"
2009GAB,2009,Gabon,"$12,113,699,660",0.02%,1.89%,101.89%,"$11,889,498,490"
2009GBR,2009,United Kingdom,"$2,412,389,780,339",4.03%,1.96%,101.96%,"$2,365,975,684,471"
2009GEO,2009,Georgia,"$10,766,836,276",0.02%,1.73%,101.73%,"$10,583,996,195"
2009GHA,2009,Garner,"$26,048,108,185",0.04%,19.25%,119.25%,"$21,843,836,319"
2009GIN,2009,Guinea,"$6,716,904,568",0.01%,4.68%,104.68%,"$6,416,338,340"
2009GMB,2009,Gambia,"$900,639,534",0.00%,4.56%,104.56%,"$861,349,038"
2009GNB,2009,Guinea Bissau,"$830,126,469",0.00%,-1.65%,98.35%,"$844,065,342"
2009GNQ,2009,Equatorial Guinea,"$15,027,795,173",0.03%,4.69%,104.69%,"$14,354,419,908"
2009GRC,2009,Greece,"$330,000,251,458",0.55%,1.21%,101.21%,"$326,054,751,944"
2009GRD,2009,Grenada,"$771,275,555",0.00%,-0.31%,99.69%,"$773,663,504"
2009GTM,2009,Guatemala,"$37,125,943,564",0.06%,1.86%,101.86%,"$36,448,331,701"
2009GUY,2009,Guyana,"$2,061,323,853",0.00%,2.95%,102.95%,"$2,002,212,514"
2009HKG,2009,Hong Kong,"$214,046,415,026",0.36%,0.58%,100.58%,"$212,813,286,700"
2009HND,2009,Honduras,"$14,587,496,229",0.02%,5.50%,105.50%,"$13,827,489,987"
2009HRV,2009,Croatia,"$62,600,093,958",0.10%,2.38%,102.38%,"$61,145,725,476"
2009HTI,2009,Haiti,"$6,584,649,419",0.01%,0.39%,100.39%,"$6,558,815,162"
2009HUN,2009,Hungary,"$130,760,312,876",0.22%,4.21%,104.21%,"$125,475,640,624"
2009IDN,2009,Indonesia,"$539,580,085,612",0.90%,4.39%,104.39%,"$516,906,421,941"
2009IND,2009,India,"$1,341,886,602,798",2.24%,10.88%,110.88%,"$1,210,189,509,168"
2009IRL,2009,Ireland,"$235,879,085,857",0.39%,-4.48%,95.52%,"$246,937,188,470"
2009IRN,2009,Iran,"$416,397,025,729",0.69%,13.55%,113.55%,"$366,703,059,551"
2009IRQ,2009,Iraq,"$111,657,581,662",0.19%,6.87%,106.87%,"$104,476,283,664"
2009ISL,2009,Iceland,"$13,154,414,219",0.02%,12.00%,112.00%,"$11,744,684,489"
2009ISR,2009,Israel,"$207,499,297,357",0.35%,3.34%,103.34%,"$200,792,210,759"
2009ITA,2009,Italy,"$2,191,241,872,742",3.66%,0.77%,100.77%,"$2,174,395,350,524"
2009JAM,2009,Jamaica,"$12,120,460,872",0.02%,9.59%,109.59%,"$11,059,597,112"
2009JOR,2009,Jordan,"$24,537,876,056",0.04%,-0.74%,99.26%,"$24,720,578,371"
2009JPN,2009,Japan,"$5,231,382,674,593",8.73%,-1.35%,98.65%,"$5,303,125,301,510"
2009KAZ,2009,Kazakhstan,"$115,308,661,142",0.19%,7.32%,107.32%,"$107,447,702,772"
2009KEN,2009,Kenya,"$37,021,512,048",0.06%,9.23%,109.23%,"$33,891,892,057"
2009KGZ,2009,Kyrgyzstan,"$4,690,062,255",0.01%,6.84%,106.84%,"$4,389,941,183"
2009KHM,2009,Cambodia,"$10,401,851,850",0.02%,-1.24%,98.76%,"$10,532,637,457"
2009KIR,2009,Kiribati,"$132,420,059",0.00%,9.82%,109.82%,"$120,583,093"
2009KNA,2009,Saint Kitts and Nevis,"$747,862,962",0.00%,2.06%,102.06%,"$732,782,754"
2009KOR,2009,South Korea,"$943,941,876,218",1.58%,2.76%,102.76%,"$918,620,143,695"
2009KWT,2009,Kuwait,"$105,963,168,867",0.18%,4.61%,104.61%,"$101,293,928,513"
2009LAO,2009,Laos,"$5,832,915,387",0.01%,0.14%,100.14%,"$5,824,691,640"
2009LBN,2009,Lebanon,"$35,399,582,928",0.06%,1.20%,101.20%,"$34,981,519,933"
2009LBR,2009,Liberia,"$1,768,000,000",0.00%,7.43%,107.43%,"$1,645,758,903"
2009LBY,2009,Libya,"$63,028,320,702",0.11%,2.46%,102.46%,"$61,515,110,345"
2009LCA,2009,Saint Lucia,"$1,401,507,888",0.00%,-0.16%,99.84%,"$1,403,710,817"
2009LKA,2009,Sri Lanka,"$42,066,217,871",0.07%,3.46%,103.46%,"$40,657,452,109"
2009LSO,2009,Lesotho,"$1,740,830,510",0.00%,7.31%,107.31%,"$1,622,307,163"
2009LTU,2009,Lithuania,"$37,388,122,046",0.06%,4.45%,104.45%,"$35,794,190,779"
2009LUX,2009,Luxembourg,"$51,370,543,206",0.09%,0.37%,100.37%,"$51,182,171,320"
2009LVA,2009,Latvia,"$26,317,286,627",0.04%,3.53%,103.53%,"$25,418,953,675"
2009MAC,2009,Macao,"$21,587,740,941",0.04%,1.17%,101.17%,"$21,338,282,136"
2009MDA,2009,Moldova,"$5,439,422,031",0.01%,-0.06%,99.94%,"$5,442,835,701"
2009MDG,2009,Madagascar,"$9,616,879,920",0.02%,8.95%,108.95%,"$8,826,532,919"
2009MDV,2009,Maldives,"$2,345,294,875",0.00%,4.53%,104.53%,"$2,243,653,413"
2009MEX,2009,Mexico,"$900,045,350,649",1.50%,5.30%,105.30%,"$854,765,386,511"
2009MKD,2009,Macedonia,"$9,406,125,226",0.02%,-0.74%,99.26%,"$9,476,214,527"
2009MLI,2009,Mali,"$10,231,962,890",0.02%,2.46%,102.46%,"$9,985,934,247"
2009MLT,2009,Malta,"$8,696,366,907",0.01%,2.08%,102.08%,"$8,518,807,072"
2009MMR,2009,Myanmar,"$42,214,048,042",0.07%,1.47%,101.47%,"$41,601,530,768"
2009MNE,2009,Montenegro,"$4,159,330,369",0.01%,3.47%,103.47%,"$4,019,969,145"
2009MNG,2009,Mongolia,"$4,583,850,367",0.01%,7.62%,107.62%,"$4,259,311,848"
2009MOZ,2009,Mozambique,"$11,914,471,497",0.02%,3.79%,103.79%,"$11,479,555,528"
2009MRT,2009,Mauritania,"$3,662,279,342",0.01%,2.22%,102.22%,"$3,582,710,203"
2009MUS,2009,Mauritius,"$9,128,843,109",0.02%,2.52%,102.52%,"$8,904,790,453"
2009MWI,2009,Malawi,"$6,191,127,665",0.01%,8.42%,108.42%,"$5,710,211,153"
2009MYS,2009,Malaysia,"$202,257,625,195",0.34%,0.58%,100.58%,"$201,084,681,346"
2009NAM,2009,Namibia,"$8,938,868,166",0.01%,9.45%,109.45%,"$8,166,950,354"
2009NER,2009,Niger,"$5,373,097,440",0.01%,0.58%,100.58%,"$5,341,958,810"
2009NGA,2009,Nigeria,"$291,880,204,327",0.49%,12.55%,112.55%,"$259,322,381,986"
2009NIC,2009,Nicaragua,"$8,298,679,908",0.01%,3.69%,103.69%,"$8,003,587,508"
2009NLD,2009,Netherlands,"$868,077,243,678",1.45%,1.19%,101.19%,"$857,870,498,907"
2009NOR,2009,Norway,"$386,190,385,318",0.64%,2.20%,102.20%,"$377,886,755,159"
2009NPL,2009,Nepal,"$12,854,985,464",0.02%,11.09%,111.09%,"$11,571,183,095"
2009NZL,2009,New Zealand,"$121,373,602,348",0.20%,2.12%,102.12%,"$118,858,961,416"
2009OMN,2009,Oman,"$48,388,363,516",0.08%,3.47%,103.47%,"$46,766,135,036"
2009PAK,2009,Pakistan,"$168,152,775,283",0.28%,13.65%,113.65%,"$147,959,597,089"
2009PAN,2009,Panama,"$27,116,635,600",0.05%,2.41%,102.41%,"$26,478,748,504"
2009PER,2009,Peru,"$120,822,986,521",0.20%,2.94%,102.94%,"$117,376,539,551"
2009PHL,2009,Philippines,"$176,131,709,174",0.29%,4.22%,104.22%,"$169,001,484,943"
2009PLW,2009,Palau,"$187,522,800",0.00%,1.44%,101.44%,"$184,864,202"
2009PNG,2009,Papua New Guinea,"$11,619,637,798",0.02%,6.92%,106.92%,"$10,867,770,106"
2009POL,2009,Poland,"$439,737,508,413",0.73%,3.80%,103.80%,"$423,658,023,867"
2009PRT,2009,Portugal,"$243,701,635,176",0.41%,-0.84%,99.16%,"$245,754,991,914"
2009PRY,2009,Paraguay,"$22,355,601,273",0.04%,2.59%,102.59%,"$21,790,795,462"
2009QAT,2009,Qatar,"$97,798,351,648",0.16%,-4.86%,95.14%,"$102,797,689,061"
2009ROU,2009,Romania,"$174,103,695,930",0.29%,5.59%,105.59%,"$164,890,567,322"
2009RUS,2009,Russia,"$1,222,644,282,201",2.04%,11.65%,111.65%,"$1,095,094,962,683"
2009RWA,2009,Rwanda,"$5,671,332,137",0.01%,12.94%,112.94%,"$5,021,348,775"
2009SAU,2009,Saudi Arabia,"$429,097,899,280",0.72%,5.06%,105.06%,"$408,442,072,260"
2009SDN,2009,Sudan,"$49,957,202,646",0.08%,11.26%,111.26%,"$44,902,622,749"
2009SEN,2009,Senegal,"$16,145,868,284",0.03%,-2.25%,97.75%,"$16,517,177,993"
2009SGP,2009,Singapore,"$194,152,286,008",0.32%,0.60%,100.60%,"$193,000,612,259"
2009SLB,2009,Solomon Islands,"$735,940,409",0.00%,7.09%,107.09%,"$687,199,306"
2009SLE,2009,Sierra Leone,"$2,453,899,846",0.00%,7.47%,107.47%,"$2,283,352,446"
2009SLV,2009,El Salvador,"$17,601,620,000",0.03%,1.06%,101.06%,"$17,417,697,769"
2009SMR,2009,San Marino,"$2,056,126,701",0.00%,2.20%,102.20%,"$2,011,873,681"
2009SRB,2009,Serbia,"$45,162,894,380",0.08%,8.12%,108.12%,"$41,772,260,496"
2009SSD,2009,South Sultan,"$12,231,264,525",0.02%,5.01%,105.01%,"$11,648,127,397"
2009STP,2009,Sao Tome and Principe.,"$187,820,464",0.00%,16.96%,116.96%,"$160,588,678"
2009SUR,2009,Suriname,"$3,875,409,836",0.01%,-0.13%,99.87%,"$3,880,595,734"
2009SVK,2009,Slovakia,"$89,046,289,247",0.15%,1.62%,101.62%,"$87,630,957,584"
2009SVN,2009,Slovenia,"$50,368,056,404",0.08%,0.84%,100.84%,"$49,948,854,525"
2009SWE,2009,Sweden,"$436,537,014,293",0.73%,-0.49%,99.51%,"$438,706,243,572"
2009SWZ,2009,Eswatini,"$3,580,417,161",0.01%,7.45%,107.45%,"$3,332,225,221"
2009SYC,2009,Seychelles,"$847,397,850",0.00%,31.75%,131.75%,"$643,164,545"
2009TCD,2009,Chad,"$9,290,728,773",0.02%,9.95%,109.95%,"$8,449,771,753"
2009TGO,2009,Togo,"$3,379,258,564",0.01%,3.71%,103.71%,"$3,258,259,641"
2009THA,2009,Thailand,"$281,710,416,557",0.47%,-0.85%,99.15%,"$284,113,207,674"
2009TJK,2009,Tajikistan,"$4,979,481,980",0.01%,6.45%,106.45%,"$4,677,843,638"
2009TLS,2009,Timor Leste,"$3,199,666,700",0.01%,0.67%,100.67%,"$3,178,381,676"
2009TON,2009,Tonga,"$312,377,379",0.00%,1.43%,101.43%,"$307,982,895"
2009TTO,2009,Trinidad and Tobago,"$19,172,165,225",0.03%,6.98%,106.98%,"$17,921,581,622"
2009TUN,2009,Tunisia,"$43,454,935,940",0.07%,3.66%,103.66%,"$41,918,657,669"
2009TUR,2009,Turkey,"$649,272,568,774",1.08%,6.25%,106.25%,"$611,074,447,841"
2009TZA,2009,Tanzania,"$29,081,425,282",0.05%,12.14%,112.14%,"$25,932,626,660"
2009UGA,2009,Uganda,"$18,168,902,153",0.03%,13.02%,113.02%,"$16,076,219,478"
2009UKR,2009,Ukraine,"$117,113,410,001",0.20%,15.88%,115.88%,"$101,063,345,583"
2009URY,2009,Uruguay,"$31,660,911,277",0.05%,7.06%,107.06%,"$29,572,440,818"
2009USA,2009,the United States,"$14,448,933,025,000",24.11%,-0.36%,99.64%,"$14,500,488,972,092"
2009VCT,2009,Saint Vincent and the Grenadines,"$674,922,222",0.00%,0.42%,100.42%,"$672,089,103"
2009VEN,2009,Venezuela,"$329,787,628,928",0.55%,27.08%,127.08%,"$259,509,903,818"
2009VNM,2009,Vietnam,"$106,014,659,770",0.18%,6.72%,106.72%,"$99,341,882,695"
2009VUT,2009,Vanuatu,"$592,622,502",0.00%,4.30%,104.30%,"$568,206,304"
2009WSM,2009,Samoa,"$584,706,020",0.00%,6.32%,106.32%,"$549,923,608"
2009YEM,2009,Yemen,"$25,130,274,124",0.04%,5.41%,105.41%,"$23,841,009,324"
2009ZAF,2009,South Africa,"$295,936,485,832",0.49%,7.22%,107.22%,"$276,020,723,548"
2009ZMB,2009,Zambia,"$15,328,342,303",0.03%,13.40%,113.40%,"$13,517,622,367"
2010ABW,2010,Aruba,"$2,390,502,793",0.00%,2.08%,102.08%,"$2,341,836,143"
2010AFG,2010,Afghanistan,"$15,856,574,731",0.02%,2.18%,102.18%,"$15,518,498,420"
2010AGO,2010,Angola,"$83,799,496,611",0.13%,14.47%,114.47%,"$73,206,733,715"
2010ALB,2010,Albania,"$11,926,928,505",0.02%,3.63%,103.63%,"$11,509,585,529"
2010ARE,2010,United Arab Emirates,"$289,787,338,325",0.44%,0.88%,100.88%,"$287,265,197,895"
2010ARM,2010,Armenia,"$9,260,284,937",0.01%,8.18%,108.18%,"$8,560,359,046"
2010ATG,2010,Antigua and Barbuda,"$1,148,700,000",0.00%,3.37%,103.37%,"$1,111,250,573"
2010AUS,2010,Australia,"$1,146,138,465,603",1.75%,2.92%,102.92%,"$1,113,638,701,618"
2010AUT,2010,Austria,"$391,892,746,544",0.60%,1.81%,101.81%,"$384,912,230,866"
2010AZE,2010,Azerbaijan,"$52,909,294,791",0.08%,5.73%,105.73%,"$50,043,374,656"
2010BDI,2010,Burundi,"$2,032,135,191",0.00%,6.49%,106.49%,"$1,908,228,819"
2010BEL,2010,Belgium,"$480,951,629,493",0.73%,2.19%,102.19%,"$470,647,742,219"
2010BEN,2010,Benin,"$6,977,040,762",0.01%,2.21%,102.21%,"$6,826,326,710"
2010BFA,2010,Burkina Faso,"$10,109,618,964",0.02%,-0.76%,99.24%,"$10,187,474,777"
2010BGD,2010,Bangladesh,"$115,279,077,465",0.18%,8.13%,108.13%,"$106,614,834,851"
2010BGR,2010,Bulgaria,"$50,381,825,504",0.08%,2.44%,102.44%,"$49,182,274,451"
2010BHR,2010,Bahrain,"$25,713,271,276",0.04%,1.96%,101.96%,"$25,218,513,130"
2010BHS,2010,Bahamas,"$10,095,760,000",0.02%,1.34%,101.34%,"$9,961,869,743"
2010BIH,2010,Bosnia and Herzegovina,"$17,176,781,336",0.03%,2.00%,102.00%,"$16,840,607,055"
2010BLR,2010,Belarus,"$57,222,490,768",0.09%,7.74%,107.74%,"$53,113,745,259"
2010BOL,2010,Bolivia,"$19,649,631,308",0.03%,2.50%,102.50%,"$19,169,759,313"
2010BRA,2010,Brazil,"$2,208,871,646,202",3.37%,5.04%,105.04%,"$2,102,911,670,173"
2010BRB,2010,Barbados,"$4,530,000,000",0.01%,5.82%,105.82%,"$4,280,683,631"
2010BRN,2010,Brunei,"$13,707,370,737",0.02%,0.36%,100.36%,"$13,658,627,312"
2010BTN,2010,Bhutan,"$1,547,991,317",0.00%,7.04%,107.04%,"$1,446,229,096"
2010BWA,2010,Botswana,"$12,786,654,498",0.02%,6.95%,106.95%,"$11,955,856,766"
2010CAF,2010,Central Africa,"$2,142,591,539",0.00%,1.49%,101.49%,"$2,111,114,324"
2010CAN,2010,Canada,"$1,617,343,367,486",2.47%,1.78%,101.78%,"$1,589,106,977,841"
2010CHE,2010,Switzerland,"$603,434,493,402",0.92%,0.69%,100.69%,"$599,309,811,306"
2010CHL,2010,Chile,"$218,537,551,220",0.33%,1.41%,101.41%,"$215,497,504,053"
2010CHN,2010,China,"$6,087,163,874,510",9.28%,3.18%,103.18%,"$5,899,825,262,564"
2010CIV,2010,C ô te d'Ivoire,"$24,908,781,285",0.04%,1.23%,101.23%,"$24,606,987,382"
2010CMR,2010,Cameroon,"$26,169,323,292",0.04%,1.28%,101.28%,"$25,839,767,940"
2010COD,2010,Congo (gold),"$21,565,720,044",0.03%,7.10%,107.10%,"$20,136,059,798"
2010COG,2010,Congo (Brazzaville),"$13,135,580,695",0.02%,0.39%,100.39%,"$13,084,352,184"
2010COL,2010,Columbia,"$286,563,105,192",0.44%,2.27%,102.27%,"$280,199,266,349"
2010COM,2010,Comoros,"$907,978,731",0.00%,3.35%,103.35%,"$878,506,951"
2010CPV,2010,Cape Verde,"$1,664,310,769",0.00%,2.08%,102.08%,"$1,630,419,808"
2010CRI,2010,Costa Rica,"$37,658,614,803",0.06%,5.66%,105.66%,"$35,640,386,303"
2010CYM,2010,Cayman Islands,"$4,156,990,759",0.01%,0.28%,100.28%,"$4,145,543,220"
2010CYP,2010,Cyprus,"$25,732,432,719",0.04%,2.43%,102.43%,"$25,121,958,859"
2010CZE,2010,Czech,"$209,069,940,963",0.32%,1.47%,101.47%,"$206,035,598,512"
2010DEU,2010,Germany,"$3,396,354,075,663",5.18%,1.10%,101.10%,"$3,359,274,100,400"
2010DJI,2010,Djibouti,"$1,128,611,700",0.00%,3.95%,103.95%,"$1,085,724,719"
2010DMA,2010,Dominica,"$53,860,175,555",0.08%,3.00%,103.00%,"$52,291,754,296"
2010DMA,2010,Dominica,"$493,825,925",0.00%,3.00%,103.00%,"$479,445,595"
2010DNK,2010,Denmark,"$321,995,279,401",0.49%,2.31%,102.31%,"$314,722,285,410"
2010DZA,2010,Algeria,"$161,207,310,515",0.25%,3.91%,103.91%,"$155,139,700,704"
2010ECU,2010,Ecuador,"$69,555,367,000",0.11%,3.55%,103.55%,"$67,167,964,100"
2010EGY,2010,Egypt,"$218,983,666,061",0.33%,11.27%,111.27%,"$196,812,380,823"
2010ESP,2010,Spain,"$1,420,722,034,063",2.17%,1.80%,101.80%,"$1,395,603,068,792"
2010EST,2010,Estonia,"$19,685,038,567",0.03%,2.97%,102.97%,"$19,116,876,376"
2010ETH,2010,Ethiopia,"$29,933,790,334",0.05%,8.15%,108.15%,"$27,678,219,175"
2010FIN,2010,Finland,"$249,181,190,476",0.38%,1.18%,101.18%,"$246,265,078,912"
2010FJI,2010,Fiji Islands,"$3,140,508,835",0.00%,3.69%,103.69%,"$3,028,776,883"
2010FRA,2010,France,"$2,642,609,548,930",4.03%,1.53%,101.53%,"$2,602,758,128,297"
2010FSM,2010,Micronesia (Federated States of),"$296,944,100",0.00%,3.31%,103.31%,"$287,419,841"
2010GAB,2010,Gabon,"$14,372,591,916",0.02%,1.46%,101.46%,"$14,165,556,077"
2010GBR,2010,United Kingdom,"$2,481,579,504,997",3.78%,2.49%,102.49%,"$2,421,226,683,664"
2010GEO,2010,Georgia,"$12,243,505,582",0.02%,7.11%,107.11%,"$11,430,758,215"
2010GHA,2010,Garner,"$32,197,272,797",0.05%,10.73%,110.73%,"$29,076,390,458"
2010GIN,2010,Guinea,"$6,853,467,857",0.01%,15.46%,115.46%,"$5,935,692,246"
2010GMB,2010,Gambia,"$951,806,368",0.00%,5.05%,105.05%,"$906,053,556"
2010GNB,2010,Guinea Bissau,"$849,878,424",0.00%,2.52%,102.52%,"$829,005,302"
2010GNQ,2010,Equatorial Guinea,"$16,314,443,428",0.02%,7.79%,107.79%,"$15,135,513,254"
2010GRC,2010,Greece,"$296,835,346,570",0.45%,4.71%,104.71%,"$283,475,191,744"
2010GRD,2010,Grenada,"$771,013,259",0.00%,3.44%,103.44%,"$745,397,603"
2010GTM,2010,Guatemala,"$40,676,432,028",0.06%,3.86%,103.86%,"$39,164,860,667"
2010GUY,2010,Guyana,"$2,273,225,041",0.00%,3.73%,103.73%,"$2,191,411,380"
2010HKG,2010,Hong Kong,"$228,637,697,575",0.35%,2.29%,102.29%,"$223,512,793,113"
2010HND,2010,Honduras,"$15,839,344,591",0.02%,4.70%,104.70%,"$15,128,474,134"
2010HRV,2010,Croatia,"$59,918,313,669",0.09%,1.03%,101.03%,"$59,307,121,135"
2010HTI,2010,Haiti,"$6,622,541,528",0.01%,4.83%,104.83%,"$6,317,570,786"
2010HUN,2010,Hungary,"$131,916,516,051",0.20%,4.86%,104.86%,"$125,807,843,305"
2010IDN,2010,Indonesia,"$755,094,160,363",1.15%,5.13%,105.13%,"$718,219,315,481"
2010IND,2010,India,"$1,675,615,335,600",2.55%,11.99%,111.99%,"$1,496,226,862,917"
2010IRL,2010,Ireland,"$222,071,182,064",0.34%,-0.92%,99.08%,"$224,137,948,741"
2010IRN,2010,Iran,"$486,807,615,326",0.74%,10.09%,110.09%,"$442,193,144,160"
2010IRQ,2010,Iraq,"$138,516,722,649",0.21%,2.88%,102.88%,"$134,642,064,341"
2010ISL,2010,Iceland,"$13,751,161,917",0.02%,5.40%,105.40%,"$13,047,047,825"
2010ISR,2010,Israel,"$234,000,056,700",0.36%,2.72%,102.72%,"$227,811,244,011"
2010ITA,2010,Italy,"$2,134,017,843,247",3.25%,1.53%,101.53%,"$2,101,952,225,296"
2010JAM,2010,Jamaica,"$13,220,556,882",0.02%,12.61%,112.61%,"$11,740,069,334"
2010JOR,2010,Jordan,"$27,133,804,225",0.04%,4.85%,104.85%,"$25,879,793,954"
2010JPN,2010,Japan,"$5,700,098,114,744",8.69%,-0.73%,99.27%,"$5,741,913,207,688"
2010KAZ,2010,Kazakhstan,"$148,047,348,240",0.23%,7.40%,107.40%,"$137,846,097,980"
2010KEN,2010,Kenya,"$40,000,088,346",0.06%,3.96%,103.96%,"$38,475,908,001"
2010KGZ,2010,Kyrgyzstan,"$4,794,357,795",0.01%,7.97%,107.97%,"$4,440,547,318"
2010KHM,2010,Cambodia,"$11,242,275,198",0.02%,4.00%,104.00%,"$10,810,254,690"
2010KIR,2010,Kiribati,"$156,120,895",0.00%,-3.90%,96.10%,"$162,455,947"
2010KNA,2010,Saint Kitts and Nevis,"$760,170,370",0.00%,0.85%,100.85%,"$753,756,814"
2010KOR,2010,South Korea,"$1,144,066,965,324",1.74%,2.94%,102.94%,"$1,111,399,742,434"
2010KWT,2010,Kuwait,"$115,419,399,860",0.18%,4.50%,104.50%,"$110,452,988,506"
2010LAO,2010,Laos,"$7,127,792,629",0.01%,5.98%,105.98%,"$6,725,440,132"
2010LBN,2010,Lebanon,"$38,443,907,042",0.06%,3.98%,103.98%,"$36,971,168,167"
2010LBR,2010,Liberia,"$1,998,000,000",0.00%,7.29%,107.29%,"$1,862,243,771"
2010LBY,2010,Libya,"$74,773,444,900",0.11%,2.80%,102.80%,"$72,736,888,398"
2010LCA,2010,Saint Lucia,"$1,486,758,037",0.00%,3.25%,103.25%,"$1,439,954,559"
2010LKA,2010,Sri Lanka,"$56,725,749,221",0.09%,6.22%,106.22%,"$53,405,201,313"
2010LSO,2010,Lesotho,"$2,234,731,973",0.00%,3.46%,103.46%,"$2,159,964,252"
2010LTU,2010,Lithuania,"$37,128,694,028",0.06%,1.32%,101.32%,"$36,645,264,705"
2010LUX,2010,Luxembourg,"$53,212,476,812",0.08%,2.27%,102.27%,"$52,029,493,093"
2010LVA,2010,Latvia,"$23,869,752,327",0.04%,-1.08%,98.92%,"$24,131,491,155"
2010MAC,2010,Macao,"$28,241,858,488",0.04%,2.81%,102.81%,"$27,470,093,779"
2010MDA,2010,Moldova,"$6,974,960,345",0.01%,7.48%,107.48%,"$6,489,310,058"
2010MDG,2010,Madagascar,"$9,982,711,030",0.02%,9.25%,109.25%,"$9,137,716,945"
2010MDV,2010,Maldives,"$2,588,176,054",0.00%,6.15%,106.15%,"$2,438,227,837"
2010MEX,2010,Mexico,"$1,057,801,295,584",1.61%,4.16%,104.16%,"$1,015,586,149,590"
2010MKD,2010,Macedonia,"$9,412,311,665",0.01%,1.51%,101.51%,"$9,272,302,199"
2010MLI,2010,Mali,"$10,689,167,195",0.02%,1.11%,101.11%,"$10,571,932,194"
2010MLT,2010,Malta,"$9,035,932,122",0.01%,1.52%,101.52%,"$8,901,025,059"
2010MMR,2010,Myanmar,"$51,518,307,518",0.08%,7.72%,107.72%,"$47,826,848,660"
2010MNE,2010,Montenegro,"$4,143,033,275",0.01%,0.65%,100.65%,"$4,116,075,182"
2010MNG,2010,Mongolia,"$7,189,481,824",0.01%,10.05%,110.05%,"$6,533,148,254"
2010MOZ,2010,Mozambique,"$11,104,648,673",0.02%,12.43%,112.43%,"$9,877,336,109"
2010MRT,2010,Mauritania,"$4,337,794,152",0.01%,6.28%,106.28%,"$4,081,341,397"
2010MUS,2010,Mauritius,"$10,003,670,690",0.02%,2.93%,102.93%,"$9,718,683,606"
2010MWI,2010,Malawi,"$6,959,655,570",0.01%,7.41%,107.41%,"$6,479,426,950"
2010MYS,2010,Malaysia,"$255,016,609,232",0.39%,1.62%,101.62%,"$250,944,156,083"
2010NAM,2010,Namibia,"$11,431,334,446",0.02%,4.87%,104.87%,"$10,899,969,659"
2010NER,2010,Niger,"$5,718,664,504",0.01%,0.80%,100.80%,"$5,673,049,044"
2010NGA,2010,Nigeria,"$361,456,622,215",0.55%,13.72%,113.72%,"$317,847,327,358"
2010NIC,2010,Nicaragua,"$8,758,639,096",0.01%,5.46%,105.46%,"$8,305,559,665"
2010NLD,2010,Netherlands,"$846,554,894,931",1.29%,1.28%,101.28%,"$835,894,682,433"
2010NOR,2010,Norway,"$428,757,038,466",0.65%,2.42%,102.42%,"$418,630,752,424"
2010NPL,2010,Nepal,"$16,002,656,434",0.02%,9.33%,109.33%,"$14,637,490,300"
2010NZL,2010,New Zealand,"$146,517,541,181",0.22%,2.30%,102.30%,"$143,220,569,499"
2010OMN,2010,Oman,"$56,913,065,779",0.09%,3.26%,103.26%,"$55,118,100,952"
2010PAK,2010,Pakistan,"$177,165,635,077",0.27%,12.94%,112.94%,"$156,868,608,831"
2010PAN,2010,Panama,"$29,440,300,000",0.04%,3.49%,103.49%,"$28,447,128,606"
2010PER,2010,Peru,"$147,528,937,028",0.22%,1.53%,101.53%,"$145,308,162,452"
2010PHL,2010,Philippines,"$208,368,726,861",0.32%,3.79%,103.79%,"$200,760,242,229"
2010PLW,2010,Palau,"$185,943,000",0.00%,1.44%,101.44%,"$183,299,473"
2010PNG,2010,Papua New Guinea,"$14,250,755,231",0.02%,6.01%,106.01%,"$13,442,382,892"
2010POL,2010,Poland,"$479,834,179,020",0.73%,2.58%,102.58%,"$467,762,657,571"
2010PRT,2010,Portugal,"$237,880,908,317",0.36%,1.40%,101.40%,"$234,590,604,081"
2010PRY,2010,Paraguay,"$27,237,782,849",0.04%,4.65%,104.65%,"$26,027,214,722"
2010QAT,2010,Qatar,"$125,122,306,346",0.19%,-2.43%,97.57%,"$128,232,268,086"
2010ROU,2010,Romania,"$166,309,355,234",0.25%,6.09%,106.09%,"$156,760,424,574"
2010RUS,2010,Russia,"$1,524,917,468,442",2.33%,6.85%,106.85%,"$1,427,165,317,064"
2010RWA,2010,Rwanda,"$6,121,234,528",0.01%,-0.25%,99.75%,"$6,136,337,816"
2010SAU,2010,Saudi Arabia,"$528,207,332,640",0.81%,5.34%,105.34%,"$501,433,697,523"
2010SDN,2010,Sudan,"$65,633,998,265",0.10%,12.98%,112.98%,"$58,094,666,284"
2010SEN,2010,Senegal,"$16,121,314,670",0.02%,1.23%,101.23%,"$15,925,639,334"
2010SGP,2010,Singapore,"$239,809,387,605",0.37%,2.82%,102.82%,"$233,223,933,537"
2010SLB,2010,Solomon Islands,"$846,797,693",0.00%,1.05%,101.05%,"$837,986,420"
2010SLE,2010,Sierra Leone,"$2,578,026,297",0.00%,7.19%,107.19%,"$2,405,020,293"
2010SLV,2010,El Salvador,"$18,447,920,000",0.03%,1.18%,101.18%,"$18,232,892,971"
2010SMR,2010,San Marino,"$1,881,214,370",0.00%,2.59%,102.59%,"$1,833,802,897"
2010SRB,2010,Serbia,"$41,819,468,691",0.06%,6.14%,106.14%,"$39,399,342,933"
2010SSD,2010,South Sultan,"$14,602,072,410",0.02%,1.17%,101.17%,"$14,433,257,879"
2010STP,2010,Sao Tome and Principe.,"$196,652,514",0.00%,13.34%,113.34%,"$173,506,638"
2010SUR,2010,Suriname,"$4,368,398,047",0.01%,6.94%,106.94%,"$4,084,864,260"
2010SVK,2010,Slovakia,"$90,310,718,349",0.14%,0.96%,100.96%,"$89,454,621,401"
2010SVN,2010,Slovenia,"$48,161,250,405",0.07%,1.80%,101.80%,"$47,309,132,400"
2010SWE,2010,Sweden,"$495,812,558,843",0.76%,1.16%,101.16%,"$490,136,833,001"
2010SWZ,2010,Eswatini,"$4,438,778,547",0.01%,4.51%,104.51%,"$4,247,259,551"
2010SYC,2010,Seychelles,"$969,936,525",0.00%,-2.40%,97.60%,"$993,834,658"
2010TCD,2010,Chad,"$10,668,102,734",0.02%,-2.08%,97.92%,"$10,894,475,305"
2010TGO,2010,Togo,"$3,429,461,495",0.01%,1.45%,101.45%,"$3,380,580,159"
2010THA,2010,Thailand,"$341,104,820,155",0.52%,3.25%,103.25%,"$330,375,581,030"
2010TJK,2010,Tajikistan,"$5,642,178,579",0.01%,6.45%,106.45%,"$5,300,541,983"
2010TLS,2010,Timor Leste,"$3,998,961,300",0.01%,6.77%,106.77%,"$3,745,539,000"
2010TON,2010,Tonga,"$366,840,012",0.00%,3.53%,103.53%,"$354,315,277"
2010TTO,2010,Trinidad and Tobago,"$22,157,948,396",0.03%,10.55%,110.55%,"$20,043,517,576"
2010TUN,2010,Tunisia,"$44,050,929,160",0.07%,3.34%,103.34%,"$42,627,602,203"
2010TUR,2010,Turkey,"$776,992,599,946",1.18%,8.57%,108.57%,"$715,683,934,966"
2010TZA,2010,Tanzania,"$32,014,249,841",0.05%,6.20%,106.20%,"$30,145,200,403"
2010UGA,2010,Uganda,"$20,186,496,527",0.03%,3.98%,103.98%,"$19,414,469,865"
2010UKR,2010,Ukraine,"$136,013,155,905",0.21%,9.37%,109.37%,"$124,357,237,753"
2010URY,2010,Uruguay,"$40,284,481,651",0.06%,6.70%,106.70%,"$37,755,360,002"
2010USA,2010,the United States,"$14,992,052,727,000",22.86%,1.64%,101.64%,"$14,750,143,958,326"
2010VCT,2010,Saint Vincent and the Grenadines,"$681,225,925",0.00%,0.75%,100.75%,"$676,174,167"
2010VEN,2010,Venezuela,"$393,192,354,510",0.60%,28.19%,128.19%,"$306,732,296,640"
2010VNM,2010,Vietnam,"$115,931,749,697",0.18%,9.21%,109.21%,"$106,157,347,501"
2010VUT,2010,Vanuatu,"$670,713,208",0.00%,2.76%,102.76%,"$652,681,608"
2010WSM,2010,Samoa,"$663,161,517",0.00%,0.78%,100.78%,"$658,048,433"
2010YEM,2010,Yemen,"$30,906,749,533",0.05%,11.17%,111.17%,"$27,800,131,073"
2010ZAF,2010,South Africa,"$375,349,442,837",0.57%,4.09%,104.09%,"$360,601,803,094"
2010ZMB,2010,Zambia,"$20,265,559,483",0.03%,8.50%,108.50%,"$18,677,631,804"
2010ZWE,2010,Zimbabwe,"$12,041,655,200",0.02%,3.02%,103.02%,"$11,688,354,803"
2011ABW,2011,Aruba,"$2,549,720,670",0.00%,4.32%,104.32%,"$2,444,220,829"
2011AFG,2011,Afghanistan,"$17,804,292,964",0.02%,11.80%,111.80%,"$15,924,531,658"
2011AGO,2011,Angola,"$111,789,686,464",0.15%,13.48%,113.48%,"$98,508,332,179"
2011ALB,2011,Albania,"$12,890,765,324",0.02%,3.43%,103.43%,"$12,463,380,641"
2011ARE,2011,United Arab Emirates,"$350,666,031,313",0.48%,0.88%,100.88%,"$347,616,232,133"
2011ARM,2011,Armenia,"$10,142,111,334",0.01%,7.65%,107.65%,"$9,421,375,358"
2011ATG,2011,Antigua and Barbuda,"$1,137,637,037",0.00%,3.46%,103.46%,"$1,099,625,728"
2011AUS,2011,Australia,"$1,396,649,906,339",1.92%,3.30%,103.30%,"$1,351,982,432,629"
2011AUT,2011,Austria,"$431,120,310,088",0.59%,3.29%,103.29%,"$417,402,060,984"
2011AZE,2011,Azerbaijan,"$65,951,627,200",0.09%,7.86%,107.86%,"$61,146,529,120"
2011BDI,2011,Burundi,"$2,235,820,808",0.00%,9.59%,109.59%,"$2,040,128,312"
2011BEL,2011,Belgium,"$522,645,519,183",0.72%,3.53%,103.53%,"$504,815,037,568"
2011BEN,2011,Benin,"$7,824,320,326",0.01%,2.70%,102.70%,"$7,618,303,194"
2011BFA,2011,Burkina Faso,"$12,080,296,644",0.02%,2.76%,102.76%,"$11,755,862,209"
2011BGD,2011,Bangladesh,"$128,637,938,711",0.18%,11.40%,111.40%,"$115,478,924,535"
2011BGR,2011,Bulgaria,"$57,386,216,850",0.08%,4.22%,104.22%,"$55,062,627,139"
2011BHR,2011,Bahrain,"$28,776,595,744",0.04%,-0.40%,99.60%,"$28,892,176,207"
2011BHS,2011,Bahamas,"$10,070,450,000",0.01%,3.20%,103.20%,"$9,758,303,210"
2011BIH,2011,Bosnia and Herzegovina,"$18,644,723,860",0.03%,3.67%,103.67%,"$17,984,469,040"
2011BLR,2011,Belarus,"$61,757,788,944",0.08%,53.23%,153.23%,"$40,304,322,640"
2011BOL,2011,Bolivia,"$23,963,033,429",0.03%,9.88%,109.88%,"$21,807,480,797"
2011BRA,2011,Brazil,"$2,616,200,980,392",3.59%,6.64%,106.64%,"$2,453,383,425,335"
2011BRB,2011,Barbados,"$4,657,500,000",0.01%,9.43%,109.43%,"$4,256,059,823"
2011BRN,2011,Brunei,"$18,525,319,977",0.03%,0.14%,100.14%,"$18,499,806,605"
2011BTN,2011,Bhutan,"$1,777,101,316",0.00%,8.85%,108.85%,"$1,632,630,111"
2011BWA,2011,Botswana,"$15,351,972,361",0.02%,8.46%,108.46%,"$14,154,518,192"
2011CAF,2011,Central Africa,"$2,437,982,706",0.00%,1.19%,101.19%,"$2,409,205,333"
2011CAN,2011,Canada,"$1,793,326,630,174",2.46%,2.91%,102.91%,"$1,742,580,336,734"
2011CHE,2011,Switzerland,"$722,038,242,134",0.99%,0.23%,100.23%,"$720,371,667,985"
2011CHL,2011,Chile,"$252,251,992,029",0.35%,3.34%,103.34%,"$244,096,208,165"
2011CHN,2011,China,"$7,551,500,124,197",10.37%,5.55%,105.55%,"$7,154,165,029,665"
2011CIV,2011,C ô te d'Ivoire,"$25,414,875,503",0.03%,4.91%,104.91%,"$24,224,845,946"
2011CMR,2011,Cameroon,"$29,375,448,542",0.04%,2.94%,102.94%,"$28,536,559,457"
2011COD,2011,Congo (gold),"$25,839,749,198",0.04%,15.32%,115.32%,"$22,407,674,212"
2011COG,2011,Congo (Brazzaville),"$15,634,897,272",0.02%,1.76%,101.76%,"$15,364,544,734"
2011COL,2011,Columbia,"$334,943,871,931",0.46%,3.42%,103.42%,"$323,875,148,566"
2011COM,2011,Comoros,"$1,023,086,272",0.00%,1.84%,101.84%,"$1,004,575,334"
2011CPV,2011,Cape Verde,"$1,865,915,544",0.00%,4.47%,104.47%,"$1,786,011,473"
2011CRI,2011,Costa Rica,"$42,762,617,081",0.06%,4.88%,104.88%,"$40,773,677,769"
2011CUW,2011,Cura ç Ao,"$3,038,699,608",0.00%,2.33%,102.33%,"$2,969,436,564"
2011CYM,2011,Cayman Islands,"$4,186,223,808",0.01%,1.33%,101.33%,"$4,131,463,908"
2011CYP,2011,Cyprus,"$27,565,469,097",0.04%,3.29%,103.29%,"$26,687,594,191"
2011CZE,2011,Czech,"$229,562,733,398",0.32%,1.92%,101.92%,"$225,244,306,452"
2011DEU,2011,Germany,"$3,744,408,602,683",5.14%,2.08%,102.08%,"$3,668,285,281,027"
2011DJI,2011,Djibouti,"$1,239,144,501",0.00%,5.07%,105.07%,"$1,179,365,821"
2011DMA,2011,Dominica,"$58,029,750,745",0.08%,1.13%,101.13%,"$57,380,642,915"
2011DMA,2011,Dominica,"$501,025,925",0.00%,1.13%,101.13%,"$495,421,561"
2011DNK,2011,Denmark,"$344,003,137,611",0.47%,2.76%,102.76%,"$334,767,953,463"
2011DZA,2011,Algeria,"$200,013,038,488",0.27%,4.52%,104.52%,"$191,355,701,811"
2011ECU,2011,Ecuador,"$79,276,664,000",0.11%,4.47%,104.47%,"$75,881,329,146"
2011EGY,2011,Egypt,"$235,989,672,977",0.32%,10.06%,110.06%,"$214,409,514,070"
2011ESP,2011,Spain,"$1,478,772,824,224",2.03%,3.20%,103.20%,"$1,432,973,530,172"
2011EST,2011,Estonia,"$23,394,844,085",0.03%,4.98%,104.98%,"$22,284,645,060"
2011ETH,2011,Ethiopia,"$31,952,763,089",0.04%,33.25%,133.25%,"$23,979,566,761"
2011FIN,2011,Finland,"$275,243,697,751",0.38%,3.42%,103.42%,"$266,149,868,953"
2011FJI,2011,Fiji Islands,"$3,774,530,615",0.01%,7.28%,107.28%,"$3,518,453,429"
2011FRA,2011,France,"$2,861,408,170,264",3.93%,2.11%,102.11%,"$2,802,236,207,888"
2011FSM,2011,Micronesia (Federated States of),"$311,301,600",0.00%,5.08%,105.08%,"$296,244,685"
2011GAB,2011,Gabon,"$18,210,308,748",0.02%,1.26%,101.26%,"$17,983,124,860"
2011GBR,2011,United Kingdom,"$2,659,882,040,934",3.65%,3.86%,103.86%,"$2,561,122,285,693"
2011GEO,2011,Georgia,"$15,107,441,446",0.02%,8.54%,108.54%,"$13,918,401,670"
2011GHA,2011,Garner,"$39,337,314,809",0.05%,8.73%,108.73%,"$36,179,409,730"
2011GIN,2011,Guinea,"$6,785,137,172",0.01%,21.35%,121.35%,"$5,591,356,484"
2011GMB,2011,Gambia,"$898,290,989",0.00%,4.80%,104.80%,"$857,181,567"
2011GNB,2011,Guinea Bissau,"$1,099,818,651",0.00%,5.05%,105.05%,"$1,046,986,635"
2011GNQ,2011,Equatorial Guinea,"$21,357,343,681",0.03%,4.81%,104.81%,"$20,378,096,813"
2011GRC,2011,Greece,"$282,625,610,892",0.39%,3.33%,103.33%,"$273,517,867,341"
2011GRD,2011,Grenada,"$778,655,925",0.00%,3.03%,103.03%,"$755,731,030"
2011GTM,2011,Guatemala,"$46,876,114,650",0.06%,6.21%,106.21%,"$44,133,598,165"
2011GUY,2011,Guyana,"$2,576,024,115",0.00%,4.98%,104.98%,"$2,453,876,624"
2011HKG,2011,Hong Kong,"$248,513,617,677",0.34%,5.31%,105.31%,"$235,993,571,263"
2011HND,2011,Honduras,"$17,710,315,005",0.02%,6.76%,106.76%,"$16,588,550,821"
2011HRV,2011,Croatia,"$62,537,851,352",0.09%,2.27%,102.27%,"$61,148,121,322"
2011HTI,2011,Haiti,"$7,516,834,160",0.01%,6.33%,106.33%,"$7,069,158,834"
2011HUN,2011,Hungary,"$141,759,722,464",0.19%,3.93%,103.93%,"$136,399,336,317"
2011IDN,2011,Indonesia,"$892,969,107,923",1.23%,5.36%,105.36%,"$847,572,708,596"
2011IND,2011,India,"$1,823,049,927,772",2.50%,8.91%,108.91%,"$1,673,877,430,025"
2011IRL,2011,Ireland,"$237,644,567,329",0.33%,2.56%,102.56%,"$231,719,073,071"
2011IRN,2011,Iran,"$580,764,902,917",0.80%,26.29%,126.29%,"$459,853,776,060"
2011IRQ,2011,Iraq,"$185,749,664,444",0.25%,5.80%,105.80%,"$175,564,375,549"
2011ISL,2011,Iceland,"$15,221,622,925",0.02%,4.00%,104.00%,"$14,636,031,409"
2011ISR,2011,Israel,"$261,013,927,690",0.36%,3.48%,103.48%,"$252,239,590,146"
2011ITA,2011,Italy,"$2,291,991,045,770",3.15%,2.78%,102.78%,"$2,229,983,397,566"
2011JAM,2011,Jamaica,"$14,444,655,299",0.02%,7.56%,107.56%,"$13,429,910,535"
2011JOR,2011,Jordan,"$29,524,149,154",0.04%,4.16%,104.16%,"$28,344,332,844"
2011JPN,2011,Japan,"$6,157,459,594,823",8.45%,-0.27%,99.73%,"$6,174,281,772,259"
2011KAZ,2011,Kazakhstan,"$192,626,507,971",0.26%,8.42%,108.42%,"$177,658,941,781"
2011KEN,2011,Kenya,"$41,953,433,591",0.06%,14.02%,114.02%,"$36,793,997,512"
2011KGZ,2011,Kyrgyzstan,"$6,197,766,118",0.01%,16.64%,116.64%,"$5,313,752,856"
2011KHM,2011,Cambodia,"$12,829,541,141",0.02%,5.48%,105.48%,"$12,163,187,310"
2011KIR,2011,Kiribati,"$181,705,002",0.00%,1.50%,101.50%,"$179,024,275"
2011KNA,2011,Saint Kitts and Nevis,"$817,759,259",0.00%,5.84%,105.84%,"$772,672,540"
2011KOR,2011,South Korea,"$1,253,223,044,718",1.72%,4.03%,104.03%,"$1,204,721,383,426"
2011KWT,2011,Kuwait,"$154,068,115,942",0.21%,4.84%,104.84%,"$146,956,307,266"
2011LAO,2011,Laos,"$8,749,241,114",0.01%,7.57%,107.57%,"$8,133,609,167"
2011LBN,2011,Lebanon,"$39,927,125,961",0.05%,4.97%,104.97%,"$38,036,163,524"
2011LBR,2011,Liberia,"$2,398,000,000",0.00%,8.49%,108.49%,"$2,210,379,302"
2011LBY,2011,Libya,"$34,699,395,523",0.05%,15.52%,115.52%,"$30,037,960,215"
2011LCA,2011,Saint Lucia,"$1,576,988,407",0.00%,2.77%,102.77%,"$1,534,492,062"
2011LKA,2011,Sri Lanka,"$65,292,753,005",0.09%,6.72%,106.72%,"$61,183,217,935"
2011LSO,2011,Lesotho,"$2,579,421,686",0.00%,5.04%,105.04%,"$2,455,735,369"
2011LTU,2011,Lithuania,"$43,535,051,482",0.06%,4.13%,104.13%,"$41,808,255,304"
2011LUX,2011,Luxembourg,"$60,004,630,234",0.08%,3.41%,103.41%,"$58,025,562,016"
2011LVA,2011,Latvia,"$28,374,734,038",0.04%,4.37%,104.37%,"$27,186,484,674"
2011MAC,2011,Macao,"$36,845,925,519",0.05%,5.81%,105.81%,"$34,823,960,639"
2011MDA,2011,Moldova,"$8,414,360,656",0.01%,7.69%,107.69%,"$7,813,701,785"
2011MDG,2011,Madagascar,"$11,551,821,062",0.02%,9.48%,109.48%,"$10,551,290,654"
2011MDV,2011,Maldives,"$2,774,351,760",0.00%,11.27%,111.27%,"$2,493,274,579"
2011MEX,2011,Mexico,"$1,180,489,601,957",1.62%,3.41%,103.41%,"$1,141,591,269,386"
2011MKD,2011,Macedonia,"$10,494,822,518",0.01%,3.90%,103.90%,"$10,100,425,718"
2011MLI,2011,Mali,"$12,995,113,407",0.02%,2.96%,102.96%,"$12,622,050,534"
2011MLT,2011,Malta,"$9,638,916,481",0.01%,2.96%,102.96%,"$9,361,535,560"
2011MMR,2011,Myanmar,"$54,148,124,619",0.07%,5.02%,105.02%,"$51,559,104,724"
2011MNE,2011,Montenegro,"$4,544,516,982",0.01%,3.45%,103.45%,"$4,392,953,789"
2011MNG,2011,Mongolia,"$10,409,797,649",0.01%,8.41%,108.41%,"$9,602,140,935"
2011MOZ,2011,Mozambique,"$14,381,552,432",0.02%,11.17%,111.17%,"$12,936,935,830"
2011MRT,2011,Mauritania,"$5,166,346,516",0.01%,5.69%,105.69%,"$4,888,377,735"
2011MUS,2011,Mauritius,"$11,518,413,429",0.02%,6.52%,106.52%,"$10,813,127,963"
2011MWI,2011,Malawi,"$8,004,000,737",0.01%,7.62%,107.62%,"$7,437,084,943"
2011MYS,2011,Malaysia,"$297,951,960,784",0.41%,3.17%,103.17%,"$288,784,578,318"
2011NAM,2011,Namibia,"$12,523,402,326",0.02%,5.01%,105.01%,"$11,926,414,306"
2011NER,2011,Niger,"$6,409,184,724",0.01%,2.94%,102.94%,"$6,225,992,059"
2011NGA,2011,Nigeria,"$404,993,594,133",0.56%,10.84%,110.84%,"$365,385,685,227"
2011NIC,2011,Nicaragua,"$9,774,351,930",0.01%,8.08%,108.08%,"$9,043,427,068"
2011NLD,2011,Netherlands,"$904,085,980,796",1.24%,2.34%,102.34%,"$883,404,853,226"
2011NOR,2011,Norway,"$498,283,438,454",0.68%,1.28%,101.28%,"$491,961,965,368"
2011NPL,2011,Nepal,"$21,621,710,002",0.03%,9.23%,109.23%,"$19,795,192,640"
2011NRU,2011,Nauru,"$66,055,407",0.00%,0.30%,100.30%,"$65,857,636"
2011NZL,2011,New Zealand,"$168,291,357,111",0.23%,4.03%,104.03%,"$161,775,202,916"
2011OMN,2011,Oman,"$67,871,907,375",0.09%,4.04%,104.04%,"$65,234,986,155"
2011PAK,2011,Pakistan,"$213,587,413,183",0.29%,11.92%,111.92%,"$190,846,024,027"
2011PAN,2011,Panama,"$34,686,200,000",0.05%,5.88%,105.88%,"$32,761,215,690"
2011PER,2011,Peru,"$171,761,737,046",0.24%,3.37%,103.37%,"$166,163,182,730"
2011PHL,2011,Philippines,"$234,216,930,369",0.32%,4.72%,104.72%,"$223,663,551,239"
2011PLW,2011,Palau,"$196,911,100",0.00%,4.67%,104.67%,"$188,117,188"
2011PNG,2011,Papua New Guinea,"$17,984,910,501",0.02%,4.44%,104.44%,"$17,220,190,428"
2011POL,2011,Poland,"$528,301,269,069",0.73%,4.24%,104.24%,"$506,815,332,290"
2011PRT,2011,Portugal,"$244,797,226,567",0.34%,3.65%,103.65%,"$236,169,913,634"
2011PRY,2011,Paraguay,"$33,756,238,766",0.05%,8.25%,108.25%,"$31,182,449,300"
2011QAT,2011,Qatar,"$167,775,268,614",0.23%,1.14%,101.14%,"$165,886,868,515"
2011ROU,2011,Romania,"$183,326,740,143",0.25%,5.79%,105.79%,"$173,294,294,501"
2011RUS,2011,Russia,"$2,045,925,608,274",2.81%,8.44%,108.44%,"$1,886,680,964,467"
2011RWA,2011,Rwanda,"$6,881,038,269",0.01%,3.08%,103.08%,"$6,675,423,821"
2011SAU,2011,Saudi Arabia,"$671,238,840,106",0.92%,5.83%,105.83%,"$634,284,079,049"
2011SDN,2011,Sudan,"$57,892,238,677",0.08%,18.10%,118.10%,"$49,021,081,288"
2011SEN,2011,Senegal,"$17,814,284,622",0.02%,3.40%,103.40%,"$17,227,977,226"
2011SGP,2011,Singapore,"$279,351,168,707",0.38%,5.25%,105.25%,"$265,422,352,040"
2011SLB,2011,Solomon Islands,"$1,049,952,233",0.00%,7.34%,107.34%,"$978,130,943"
2011SLE,2011,Sierra Leone,"$2,942,546,781",0.00%,6.79%,106.79%,"$2,755,498,205"
2011SLV,2011,El Salvador,"$20,283,790,000",0.03%,5.13%,105.13%,"$19,294,204,937"
2011SMR,2011,San Marino,"$1,813,752,783",0.00%,2.90%,102.90%,"$1,762,639,827"
2011SRB,2011,Serbia,"$49,258,136,128",0.07%,11.14%,111.14%,"$44,321,836,914"
2011SSD,2011,South Sultan,"$14,907,308,932",0.02%,46.85%,146.85%,"$10,151,234,640"
2011STP,2011,Sao Tome and Principe.,"$231,489,270",0.00%,14.33%,114.33%,"$202,479,670"
2011SUR,2011,Suriname,"$4,422,276,621",0.01%,17.71%,117.71%,"$3,756,868,373"
2011SVK,2011,Slovakia,"$99,122,802,874",0.14%,3.92%,103.92%,"$95,384,414,865"
2011SVN,2011,Slovenia,"$51,516,366,654",0.07%,1.80%,101.80%,"$50,604,050,657"
2011SWE,2011,Sweden,"$574,094,112,972",0.79%,2.96%,102.96%,"$557,583,232,954"
2011SWZ,2011,Eswatini,"$4,820,499,497",0.01%,6.11%,106.11%,"$4,543,036,832"
2011SXM,2011,Netherlands Saint Martin,"$936,089,385",0.00%,4.58%,104.58%,"$895,053,386"
2011SYC,2011,Seychelles,"$1,065,826,669",0.00%,2.56%,102.56%,"$1,039,229,991"
2011TCD,2011,Chad,"$12,172,309,522",0.02%,2.03%,102.03%,"$11,930,216,728"
2011TGO,2011,Togo,"$3,872,459,249",0.01%,3.56%,103.56%,"$3,739,211,883"
2011THA,2011,Thailand,"$370,819,140,946",0.51%,3.81%,103.81%,"$357,213,622,151"
2011TJK,2011,Tajikistan,"$6,522,732,202",0.01%,12.43%,112.43%,"$5,801,514,128"
2011TLS,2011,Timor Leste,"$5,672,048,700",0.01%,13.50%,113.50%,"$4,997,406,770"
2011TON,2011,Tonga,"$414,523,388",0.00%,6.27%,106.27%,"$390,063,471"
2011TTO,2011,Trinidad and Tobago,"$25,433,011,405",0.03%,5.11%,105.11%,"$24,197,226,872"
2011TUN,2011,Tunisia,"$45,810,626,509",0.06%,3.24%,103.24%,"$44,372,930,936"
2011TUR,2011,Turkey,"$838,762,755,164",1.15%,6.47%,106.47%,"$787,778,667,716"
2011TUV,2011,Tuvalu,"$38,711,810",0.00%,0.50%,100.50%,"$38,518,991"
2011TZA,2011,Tanzania,"$34,657,139,495",0.05%,12.69%,112.69%,"$30,754,140,867"
2011UGA,2011,Uganda,"$20,176,025,256",0.03%,15.13%,115.13%,"$17,525,297,092"
2011UKR,2011,Ukraine,"$163,159,671,670",0.22%,7.96%,107.96%,"$151,135,729,188"
2011URY,2011,Uruguay,"$47,962,439,303",0.07%,8.09%,108.09%,"$44,371,526,204"
2011USA,2011,the United States,"$15,542,581,104,000",21.33%,3.16%,103.16%,"$15,066,941,627,525"
2011VCT,2011,Saint Vincent and the Grenadines,"$676,129,629",0.00%,3.19%,103.19%,"$655,253,063"
2011VEN,2011,Venezuela,"$316,482,190,800",0.43%,26.09%,126.09%,"$250,996,635,644"
2011VNM,2011,Vietnam,"$135,539,438,559",0.19%,18.68%,118.68%,"$114,207,978,157"
2011VUT,2011,Vanuatu,"$770,153,304",0.00%,0.87%,100.87%,"$763,482,050"
2011WSM,2011,Samoa,"$737,401,692",0.00%,5.24%,105.24%,"$700,716,280"
2011YEM,2011,Yemen,"$32,726,417,212",0.04%,19.54%,119.54%,"$27,376,143,678"
2011ZAF,2011,South Africa,"$416,418,874,936",0.57%,5.00%,105.00%,"$396,592,173,405"
2011ZMB,2011,Zambia,"$23,459,515,275",0.03%,6.43%,106.43%,"$22,042,326,630"
2011ZWE,2011,Zimbabwe,"$14,101,920,300",0.02%,3.47%,103.47%,"$13,629,504,010"
2012ABW,2012,Aruba,"$2,534,636,871",0.00%,0.63%,100.63%,"$2,518,831,906"
2012AFG,2012,Afghanistan,"$20,001,598,505",0.03%,6.44%,106.44%,"$18,791,216,275"
2012AGO,2012,Angola,"$128,052,853,643",0.17%,10.28%,110.28%,"$116,118,322,828"
2012ALB,2012,Albania,"$12,319,830,252",0.02%,2.03%,102.03%,"$12,074,525,084"
2012ARE,2012,United Arab Emirates,"$374,590,605,854",0.50%,0.66%,100.66%,"$372,126,130,225"
2012ARM,2012,Armenia,"$10,619,320,048",0.01%,2.56%,102.56%,"$10,354,451,110"
2012ATG,2012,Antigua and Barbuda,"$1,199,948,148",0.00%,3.38%,103.38%,"$1,160,750,975"
2012AUS,2012,Australia,"$1,546,151,783,872",2.07%,1.76%,101.76%,"$1,519,368,654,730"
2012AUT,2012,Austria,"$409,425,234,155",0.55%,2.49%,102.49%,"$399,495,082,284"
2012AZE,2012,Azerbaijan,"$69,683,935,845",0.09%,1.07%,101.07%,"$68,948,794,560"
2012BDI,2012,Burundi,"$2,333,308,059",0.00%,18.16%,118.16%,"$1,974,684,680"
2012BEL,2012,Belgium,"$496,181,260,258",0.67%,2.84%,102.84%,"$482,480,439,637"
2012BEN,2012,Benin,"$8,152,088,222",0.01%,6.74%,106.74%,"$7,636,997,018"
2012BFA,2012,Burkina Faso,"$12,561,016,091",0.02%,3.82%,103.82%,"$12,099,055,705"
2012BGD,2012,Bangladesh,"$133,355,749,482",0.18%,6.22%,106.22%,"$125,549,692,078"
2012BGR,2012,Bulgaria,"$54,033,250,328",0.07%,2.95%,102.95%,"$52,482,615,605"
2012BHR,2012,Bahrain,"$30,749,308,510",0.04%,2.76%,102.76%,"$29,924,180,154"
2012BHS,2012,Bahamas,"$10,720,500,000",0.01%,1.97%,101.97%,"$10,513,039,097"
2012BIH,2012,Bosnia and Herzegovina,"$17,226,849,297",0.02%,2.05%,102.05%,"$16,880,350,641"
2012BLR,2012,Belarus,"$65,685,102,554",0.09%,59.22%,159.22%,"$41,254,372,225"
2012BOL,2012,Bolivia,"$27,084,497,481",0.04%,4.52%,104.52%,"$25,914,310,137"
2012BRA,2012,Brazil,"$2,465,188,674,415",3.31%,5.40%,105.40%,"$2,338,811,039,983"
2012BRB,2012,Barbados,"$4,610,000,000",0.01%,4.53%,104.53%,"$4,410,075,931"
2012BRN,2012,Brunei,"$19,047,940,300",0.03%,0.11%,100.11%,"$19,026,674,897"
2012BTN,2012,Bhutan,"$1,781,281,281",0.00%,10.92%,110.92%,"$1,605,920,294"
2012BWA,2012,Botswana,"$14,380,004,175",0.02%,7.54%,107.54%,"$13,372,157,674"
2012CAF,2012,Central Africa,"$2,510,126,509",0.00%,5.48%,105.48%,"$2,379,756,410"
2012CAN,2012,Canada,"$1,828,366,481,521",2.45%,1.52%,101.52%,"$1,801,068,084,637"
2012CHE,2012,Switzerland,"$692,109,693,986",0.93%,-0.69%,99.31%,"$696,936,340,678"
2012CHL,2012,Chile,"$267,122,320,056",0.36%,3.01%,103.01%,"$259,323,305,450"
2012CHN,2012,China,"$8,532,229,986,993",11.45%,2.62%,102.62%,"$8,314,431,433,036"
2012CIV,2012,C ô te d'Ivoire,"$26,789,047,554",0.04%,1.30%,101.30%,"$26,444,081,549"
2012CMR,2012,Cameroon,"$29,102,772,799",0.04%,2.74%,102.74%,"$28,325,924,663"
2012COD,2012,Congo (gold),"$29,306,235,826",0.04%,9.72%,109.72%,"$26,709,576,703"
2012COG,2012,Congo (Brazzaville),"$13,677,147,848",0.02%,5.01%,105.01%,"$13,024,591,369"
2012COL,2012,Columbia,"$370,921,320,483",0.50%,3.17%,103.17%,"$359,533,717,013"
2012COM,2012,Comoros,"$1,015,843,491",0.00%,6.31%,106.31%,"$955,505,745"
2012CPV,2012,Cape Verde,"$1,741,809,808",0.00%,2.54%,102.54%,"$1,698,657,181"
2012CRI,2012,Costa Rica,"$47,231,651,864",0.06%,4.50%,104.50%,"$45,199,719,646"
2012CUW,2012,Cura ç Ao,"$3,131,096,089",0.00%,3.18%,103.18%,"$3,034,478,669"
2012CYM,2012,Cayman Islands,"$4,291,159,006",0.01%,1.19%,101.19%,"$4,240,738,808"
2012CYP,2012,Cyprus,"$24,978,513,426",0.03%,2.39%,102.39%,"$24,395,687,259"
2012CZE,2012,Czech,"$208,857,719,320",0.28%,3.29%,103.29%,"$202,209,822,552"
2012DEU,2012,Germany,"$3,527,344,944,139",4.73%,2.01%,102.01%,"$3,457,893,467,747"
2012DJI,2012,Djibouti,"$1,353,632,941",0.00%,3.73%,103.73%,"$1,304,942,791"
2012DMA,2012,Dominica,"$60,681,537,195",0.08%,1.36%,101.36%,"$59,869,248,310"
2012DMA,2012,Dominica,"$485,996,296",0.00%,1.36%,101.36%,"$479,490,703"
2012DNK,2012,Denmark,"$327,148,943,812",0.44%,2.40%,102.40%,"$319,487,896,085"
2012DZA,2012,Algeria,"$209,058,991,952",0.28%,8.89%,108.89%,"$191,988,434,540"
2012ECU,2012,Ecuador,"$87,924,544,000",0.12%,5.10%,105.10%,"$83,656,616,167"
2012EGY,2012,Egypt,"$279,116,666,666",0.37%,7.11%,107.11%,"$260,584,595,304"
2012ESP,2012,Spain,"$1,324,820,091,194",1.78%,2.45%,102.45%,"$1,293,187,082,161"
2012EST,2012,Estonia,"$23,192,708,981",0.03%,3.93%,103.93%,"$22,314,971,904"
2012ETH,2012,Ethiopia,"$43,310,721,414",0.06%,23.60%,123.60%,"$35,040,918,329"
2012FIN,2012,Finland,"$258,304,834,621",0.35%,2.81%,102.81%,"$251,248,920,178"
2012FJI,2012,Fiji Islands,"$3,972,012,570",0.01%,3.42%,103.42%,"$3,840,536,591"
2012FRA,2012,France,"$2,683,825,225,092",3.60%,1.95%,101.95%,"$2,632,383,313,677"
2012FSM,2012,Micronesia (Federated States of),"$327,248,700",0.00%,5.02%,105.02%,"$311,610,515"
2012GAB,2012,Gabon,"$17,170,465,294",0.02%,2.65%,102.65%,"$16,726,800,577"
2012GBR,2012,United Kingdom,"$2,704,017,284,861",3.63%,2.57%,102.57%,"$2,636,182,129,005"
2012GEO,2012,Georgia,"$16,488,403,076",0.02%,-0.94%,99.06%,"$16,645,479,618"
2012GHA,2012,Garner,"$41,270,954,737",0.06%,11.19%,111.19%,"$37,118,727,344"
2012GIN,2012,Guinea,"$7,638,045,254",0.01%,15.23%,115.23%,"$6,628,803,240"
2012GMB,2012,Gambia,"$910,026,155",0.00%,4.25%,104.25%,"$872,890,579"
2012GNB,2012,Guinea Bissau,"$989,271,229",0.00%,2.13%,102.13%,"$968,634,037"
2012GNQ,2012,Equatorial Guinea,"$22,388,344,123",0.03%,3.66%,103.66%,"$21,598,566,516"
2012GRC,2012,Greece,"$242,053,529,231",0.32%,1.50%,101.50%,"$238,472,795,903"
2012GRD,2012,Grenada,"$799,882,259",0.00%,2.41%,102.41%,"$781,052,817"
2012GTM,2012,Guatemala,"$49,593,961,141",0.07%,3.78%,103.78%,"$47,786,757,923"
2012GUY,2012,Guyana,"$2,861,562,265",0.00%,2.39%,102.39%,"$2,794,714,505"
2012HKG,2012,Hong Kong,"$262,629,441,493",0.35%,4.05%,104.05%,"$252,397,476,205"
2012HND,2012,Honduras,"$18,528,601,901",0.02%,5.20%,105.20%,"$17,613,377,992"
2012HRV,2012,Croatia,"$56,580,819,623",0.08%,3.41%,103.41%,"$54,713,939,788"
2012HTI,2012,Haiti,"$7,890,647,021",0.01%,5.02%,105.02%,"$7,513,610,904"
2012HUN,2012,Hungary,"$128,475,498,380",0.17%,5.65%,105.65%,"$121,602,356,651"
2012IDN,2012,Indonesia,"$917,869,910,105",1.23%,4.28%,104.28%,"$880,201,679,276"
2012IND,2012,India,"$1,827,637,859,136",2.45%,9.48%,109.48%,"$1,669,395,875,605"
2012IRL,2012,Ireland,"$224,984,397,510",0.30%,1.70%,101.70%,"$221,231,843,136"
2012IRN,2012,Iran,"$598,868,460,912",0.80%,27.26%,127.26%,"$470,598,349,991"
2012IRQ,2012,Iraq,"$218,002,481,737",0.29%,6.09%,106.09%,"$205,489,997,655"
2012ISL,2012,Iceland,"$14,751,508,133",0.02%,5.19%,105.19%,"$14,024,225,822"
2012ISR,2012,Israel,"$257,173,086,463",0.35%,1.69%,101.69%,"$252,900,380,332"
2012ITA,2012,Italy,"$2,087,077,032,435",2.80%,3.04%,103.04%,"$2,025,474,979,121"
2012JAM,2012,Jamaica,"$14,807,086,889",0.02%,6.87%,106.87%,"$13,854,716,829"
2012JOR,2012,Jordan,"$31,634,561,690",0.04%,4.52%,104.52%,"$30,267,896,670"
2012JPN,2012,Japan,"$6,203,213,121,334",8.32%,-0.04%,99.96%,"$6,205,947,741,797"
2012KAZ,2012,Kazakhstan,"$207,998,568,865",0.28%,5.10%,105.10%,"$197,909,320,239"
2012KEN,2012,Kenya,"$50,412,754,861",0.07%,9.38%,109.38%,"$46,090,495,374"
2012KGZ,2012,Kyrgyzstan,"$6,605,139,933",0.01%,2.77%,102.77%,"$6,427,206,427"
2012KHM,2012,Cambodia,"$14,054,443,213",0.02%,2.93%,102.93%,"$13,653,797,632"
2012KIR,2012,Kiribati,"$190,243,321",0.00%,-3.05%,96.95%,"$196,219,911"
2012KNA,2012,Saint Kitts and Nevis,"$800,414,814",0.00%,0.82%,100.82%,"$793,935,591"
2012KOR,2012,South Korea,"$1,278,427,634,342",1.72%,2.19%,102.19%,"$1,251,065,933,568"
2012KWT,2012,Kuwait,"$174,070,382,279",0.23%,3.26%,103.26%,"$168,582,767,075"
2012LAO,2012,Laos,"$10,191,350,119",0.01%,4.26%,104.26%,"$9,775,394,682"
2012LBN,2012,Lebanon,"$44,035,991,745",0.06%,6.58%,106.58%,"$41,316,740,983"
2012LBR,2012,Liberia,"$2,721,000,000",0.00%,6.83%,106.83%,"$2,546,994,743"
2012LBY,2012,Libya,"$81,873,662,518",0.11%,6.06%,106.06%,"$77,195,751,350"
2012LCA,2012,Saint Lucia,"$1,605,146,777",0.00%,4.18%,104.18%,"$1,540,778,655"
2012LKA,2012,Sri Lanka,"$68,434,409,315",0.09%,7.54%,107.54%,"$63,634,512,903"
2012LSO,2012,Lesotho,"$2,477,702,252",0.00%,6.05%,106.05%,"$2,336,321,252"
2012LTU,2012,Lithuania,"$42,927,454,291",0.06%,3.09%,103.09%,"$41,640,761,922"
2012LUX,2012,Luxembourg,"$56,677,961,787",0.08%,2.66%,102.66%,"$55,207,863,793"
2012LVA,2012,Latvia,"$28,324,787,663",0.04%,2.26%,102.26%,"$27,699,393,731"
2012MAC,2012,Macao,"$43,189,526,777",0.06%,6.11%,106.11%,"$40,703,599,503"
2012MDA,2012,Moldova,"$8,709,165,249",0.01%,4.55%,104.55%,"$8,330,435,791"
2012MDG,2012,Madagascar,"$11,578,978,052",0.02%,5.71%,105.71%,"$10,953,133,077"
2012MDV,2012,Maldives,"$2,886,170,571",0.00%,10.88%,110.88%,"$2,602,857,458"
2012MEX,2012,Mexico,"$1,201,089,987,015",1.61%,4.11%,104.11%,"$1,153,657,255,759"
2012MKD,2012,Macedonia,"$9,743,277,661",0.01%,3.32%,103.32%,"$9,430,555,201"
2012MLI,2012,Mali,"$12,442,036,265",0.02%,5.32%,105.32%,"$11,813,204,227"
2012MLT,2012,Malta,"$9,462,238,211",0.01%,2.38%,102.38%,"$9,242,649,444"
2012MMR,2012,Myanmar,"$53,254,531,557",0.07%,1.47%,101.47%,"$52,484,281,051"
2012MNE,2012,Montenegro,"$4,087,725,812",0.01%,4.15%,104.15%,"$3,925,023,868"
2012MNG,2012,Mongolia,"$12,292,770,631",0.02%,14.33%,114.33%,"$10,751,976,411"
2012MOZ,2012,Mozambique,"$16,350,804,543",0.02%,2.60%,102.60%,"$15,936,075,420"
2012MRT,2012,Mauritania,"$5,231,255,478",0.01%,4.90%,104.90%,"$4,986,782,112"
2012MUS,2012,Mauritius,"$11,668,696,526",0.02%,3.85%,103.85%,"$11,235,872,695"
2012MWI,2012,Malawi,"$6,028,487,928",0.01%,21.27%,121.27%,"$4,971,076,972"
2012MYS,2012,Malaysia,"$314,443,149,443",0.42%,1.66%,101.66%,"$309,297,761,502"
2012NAM,2012,Namibia,"$13,042,007,432",0.02%,6.72%,106.72%,"$12,220,542,816"
2012NER,2012,Niger,"$6,942,258,305",0.01%,0.46%,100.46%,"$6,910,807,922"
2012NGA,2012,Nigeria,"$455,501,524,575",0.61%,12.22%,112.22%,"$405,908,508,894"
2012NIC,2012,Nicaragua,"$10,532,049,076",0.01%,7.19%,107.19%,"$9,825,263,762"
2012NLD,2012,Netherlands,"$838,971,306,990",1.13%,2.46%,102.46%,"$818,863,718,177"
2012NOR,2012,Norway,"$509,506,317,146",0.68%,0.70%,100.70%,"$505,980,321,874"
2012NPL,2012,Nepal,"$21,703,106,502",0.03%,9.46%,109.46%,"$19,827,465,936"
2012NRU,2012,Nauru,"$96,927,201",0.00%,-0.12%,99.88%,"$97,048,269"
2012NZL,2012,New Zealand,"$176,206,659,722",0.24%,1.06%,101.06%,"$174,358,609,829"
2012OMN,2012,Oman,"$76,511,069,704",0.10%,2.95%,102.95%,"$74,320,304,122"
2012PAK,2012,Pakistan,"$224,383,620,829",0.30%,9.68%,109.68%,"$204,575,865,690"
2012PAN,2012,Panama,"$40,429,700,000",0.05%,5.70%,105.70%,"$38,250,131,181"
2012PER,2012,Peru,"$192,648,999,090",0.26%,3.61%,103.61%,"$185,934,508,058"
2012PHL,2012,Philippines,"$261,920,509,950",0.35%,3.03%,103.03%,"$254,225,204,750"
2012PLW,2012,Palau,"$212,397,800",0.00%,3.61%,103.61%,"$204,989,123"
2012PNG,2012,Papua New Guinea,"$21,295,659,243",0.03%,4.54%,104.54%,"$20,371,368,477"
2012POL,2012,Poland,"$498,523,568,248",0.67%,3.56%,103.56%,"$481,384,491,911"
2012PRT,2012,Portugal,"$216,236,608,773",0.29%,2.77%,102.77%,"$210,401,463,884"
2012PRY,2012,Paraguay,"$33,296,438,306",0.04%,3.68%,103.68%,"$32,115,884,415"
2012QAT,2012,Qatar,"$186,833,502,362",0.25%,2.32%,102.32%,"$182,605,547,495"
2012ROU,2012,Romania,"$170,635,805,316",0.23%,3.33%,103.33%,"$165,128,884,694"
2012RUS,2012,Russia,"$2,208,295,773,643",2.96%,5.07%,105.07%,"$2,101,642,802,471"
2012RWA,2012,Rwanda,"$7,650,300,319",0.01%,10.27%,110.27%,"$6,937,725,290"
2012SAU,2012,Saudi Arabia,"$735,974,843,360",0.99%,2.87%,102.87%,"$715,467,617,723"
2012SDN,2012,Sudan,"$48,243,204,173",0.06%,35.56%,135.56%,"$35,588,329,614"
2012SEN,2012,Senegal,"$17,660,871,725",0.02%,1.42%,101.42%,"$17,413,902,756"
2012SGP,2012,Singapore,"$295,087,220,933",0.40%,4.58%,104.58%,"$282,175,969,636"
2012SLB,2012,Solomon Islands,"$1,190,994,126",0.00%,5.91%,105.91%,"$1,124,512,858"
2012SLE,2012,Sierra Leone,"$3,801,862,611",0.01%,6.59%,106.59%,"$3,566,864,735"
2012SLV,2012,El Salvador,"$21,386,150,000",0.03%,1.73%,101.73%,"$21,022,516,218"
2012SMR,2012,San Marino,"$1,604,779,647",0.00%,2.83%,102.83%,"$1,560,654,752"
2012SRB,2012,Serbia,"$43,309,252,921",0.06%,7.33%,107.33%,"$40,351,343,713"
2012SSD,2012,South Sultan,"$11,931,472,169",0.02%,45.53%,145.53%,"$8,198,865,182"
2012STP,2012,Sao Tome and Principe.,"$250,680,845",0.00%,10.64%,110.64%,"$226,577,660"
2012SUR,2012,Suriname,"$4,980,000,000",0.01%,5.01%,105.01%,"$4,742,547,152"
2012SVK,2012,Slovakia,"$94,534,730,680",0.13%,3.61%,103.61%,"$91,244,365,221"
2012SVN,2012,Slovenia,"$46,580,457,470",0.06%,2.60%,102.60%,"$45,401,200,398"
2012SWE,2012,Sweden,"$552,483,727,282",0.74%,0.89%,100.89%,"$547,618,804,994"
2012SWZ,2012,Eswatini,"$4,886,658,806",0.01%,8.94%,108.94%,"$4,485,656,919"
2012SXM,2012,Netherlands Saint Martin,"$985,865,921",0.00%,4.02%,104.02%,"$947,809,619"
2012SYC,2012,Seychelles,"$1,060,226,125",0.00%,7.11%,107.11%,"$989,844,512"
2012TCD,2012,Chad,"$12,367,363,677",0.02%,7.52%,107.52%,"$11,502,745,582"
2012TGO,2012,Togo,"$3,873,308,389",0.01%,2.58%,102.58%,"$3,775,994,157"
2012THA,2012,Thailand,"$397,558,222,957",0.53%,3.01%,103.01%,"$385,923,031,401"
2012TJK,2012,Tajikistan,"$7,633,049,792",0.01%,5.83%,105.83%,"$7,212,478,214"
2012TLS,2012,Timor Leste,"$6,661,664,600",0.01%,11.80%,111.80%,"$5,958,538,594"
2012TON,2012,Tonga,"$470,714,083",0.00%,1.15%,101.15%,"$465,373,740"
2012TTO,2012,Trinidad and Tobago,"$25,763,220,107",0.03%,9.26%,109.26%,"$23,579,675,783"
2012TUN,2012,Tunisia,"$45,044,138,549",0.06%,4.61%,104.61%,"$43,058,354,282"
2012TUR,2012,Turkey,"$880,556,375,779",1.18%,8.89%,108.89%,"$808,654,311,865"
2012TZA,2012,Tanzania,"$39,650,530,214",0.05%,16.00%,116.00%,"$34,181,169,244"
2012UGA,2012,Uganda,"$27,188,667,092",0.04%,12.68%,112.68%,"$24,129,368,148"
2012UKR,2012,Ukraine,"$175,781,379,051",0.24%,0.57%,100.57%,"$174,787,314,701"
2012URY,2012,Uruguay,"$51,264,390,116",0.07%,8.10%,108.10%,"$47,424,097,745"
2012USA,2012,the United States,"$16,197,007,349,000",21.73%,2.07%,102.07%,"$15,868,631,836,952"
2012VCT,2012,Saint Vincent and the Grenadines,"$692,933,333",0.00%,2.60%,102.60%,"$675,383,861"
2012VEN,2012,Venezuela,"$381,286,237,847",0.51%,21.07%,121.07%,"$314,933,014,735"
2012VNM,2012,Vietnam,"$155,820,001,920",0.21%,9.09%,109.09%,"$142,830,033,970"
2012VUT,2012,Vanuatu,"$747,839,697",0.00%,1.35%,101.35%,"$737,897,243"
2012WSM,2012,Samoa,"$760,549,587",0.00%,2.05%,102.05%,"$745,278,686"
2012YEM,2012,Yemen,"$35,401,341,663",0.05%,9.89%,109.89%,"$32,216,605,486"
2012ZAF,2012,South Africa,"$396,332,702,639",0.53%,5.72%,105.72%,"$374,872,532,527"
2012ZMB,2012,Zambia,"$25,503,060,420",0.03%,6.58%,106.58%,"$23,929,481,703"
2012ZWE,2012,Zimbabwe,"$17,114,849,900",0.02%,3.73%,103.73%,"$16,500,164,859"
2013ABW,2013,Aruba,"$2,727,849,720",0.00%,-2.37%,97.63%,"$2,794,128,265"
2013AFG,2013,Afghanistan,"$20,561,069,558",0.03%,7.39%,107.39%,"$19,146,921,623"
2013AGO,2013,Angola,"$136,709,862,831",0.18%,8.78%,108.78%,"$125,678,074,817"
2013ALB,2013,Albania,"$12,776,217,194",0.02%,1.94%,101.94%,"$12,533,368,048"
2013ARE,2013,United Arab Emirates,"$390,107,556,160",0.51%,1.10%,101.10%,"$385,858,794,119"
2013ARM,2013,Armenia,"$11,121,465,767",0.01%,5.79%,105.79%,"$10,512,809,048"
2013ATG,2013,Antigua and Barbuda,"$1,181,448,148",0.00%,1.06%,101.06%,"$1,169,061,962"
2013AUS,2013,Australia,"$1,576,184,467,015",2.06%,2.45%,102.45%,"$1,538,493,099,332"
2013AUT,2013,Austria,"$430,068,712,971",0.56%,2.00%,102.00%,"$421,635,347,556"
2013AZE,2013,Azerbaijan,"$74,164,435,946",0.10%,2.42%,102.42%,"$72,415,091,932"
2013BDI,2013,Burundi,"$2,451,625,280",0.00%,7.94%,107.94%,"$2,271,328,200"
2013BEL,2013,Belgium,"$521,642,714,407",0.68%,1.11%,101.11%,"$515,900,249,673"
2013BEN,2013,Benin,"$9,159,958,825",0.01%,0.43%,100.43%,"$9,120,840,553"
2013BFA,2013,Burkina Faso,"$13,444,301,139",0.02%,0.53%,100.53%,"$13,372,924,690"
2013BGD,2013,Bangladesh,"$149,990,451,022",0.20%,7.53%,107.53%,"$139,486,547,137"
2013BGR,2013,Bulgaria,"$55,615,397,665",0.07%,0.89%,100.89%,"$55,124,735,951"
2013BHR,2013,Bahrain,"$32,539,468,085",0.04%,3.30%,103.30%,"$31,499,965,577"
2013BHS,2013,Bahamas,"$10,568,400,000",0.01%,0.72%,100.72%,"$10,492,599,907"
2013BIH,2013,Bosnia and Herzegovina,"$18,178,503,835",0.02%,-0.09%,99.91%,"$18,195,433,901"
2013BLR,2013,Belarus,"$75,527,984,234",0.10%,18.31%,118.31%,"$63,837,833,518"
2013BOL,2013,Bolivia,"$30,659,338,885",0.04%,5.74%,105.74%,"$28,996,011,606"
2013BRA,2013,Brazil,"$2,472,806,919,901",3.23%,6.20%,106.20%,"$2,328,348,919,544"
2013BRB,2013,Barbados,"$4,677,000,000",0.01%,1.81%,101.81%,"$4,593,666,103"
2013BRN,2013,Brunei,"$18,093,829,923",0.02%,0.39%,100.39%,"$18,023,680,846"
2013BTN,2013,Bhutan,"$1,756,215,665",0.00%,7.01%,107.01%,"$1,641,220,795"
2013BWA,2013,Botswana,"$14,901,750,991",0.02%,5.88%,105.88%,"$14,073,576,324"
2013CAF,2013,Central Africa,"$1,691,544,110",0.00%,6.99%,106.99%,"$1,581,047,936"
2013CAN,2013,Canada,"$1,846,597,421,834",2.41%,0.94%,100.94%,"$1,829,432,009,509"
2013CHE,2013,Switzerland,"$712,748,124,222",0.93%,-0.22%,99.78%,"$714,300,464,528"
2013CHL,2013,Chile,"$278,384,332,694",0.36%,1.79%,101.79%,"$273,490,075,890"
2013CHN,2013,China,"$9,570,406,235,659",12.48%,2.62%,102.62%,"$9,325,967,951,092"
2013CIV,2013,C ô te d'Ivoire,"$31,273,074,527",0.04%,2.58%,102.58%,"$30,486,174,425"
2013CMR,2013,Cameroon,"$32,357,345,500",0.04%,2.06%,102.06%,"$31,704,521,863"
2013COD,2013,Congo (gold),"$32,679,745,297",0.04%,0.81%,100.81%,"$32,417,737,652"
2013COG,2013,Congo (Brazzaville),"$14,089,855,509",0.02%,4.63%,104.63%,"$13,466,154,898"
2013COL,2013,Columbia,"$382,116,126,448",0.50%,2.02%,102.02%,"$374,557,193,425"
2013COM,2013,Comoros,"$1,116,224,107",0.00%,-4.29%,95.71%,"$1,166,315,897"
2013CPV,2013,Cape Verde,"$1,850,470,042",0.00%,1.51%,101.51%,"$1,823,005,680"
2013CRI,2013,Costa Rica,"$50,949,672,205",0.07%,5.23%,105.23%,"$48,416,825,323"
2013CUW,2013,Cura ç Ao,"$3,147,616,201",0.00%,1.33%,101.33%,"$3,106,231,234"
2013CYM,2013,Cayman Islands,"$4,405,954,638",0.01%,2.16%,102.16%,"$4,312,772,383"
2013CYP,2013,Cyprus,"$23,900,872,625",0.03%,-0.40%,99.60%,"$23,996,705,310"
2013CZE,2013,Czech,"$211,685,616,592",0.28%,1.44%,101.44%,"$208,684,117,373"
2013DEU,2013,Germany,"$3,732,743,446,218",4.87%,1.50%,101.50%,"$3,677,408,705,900"
2013DJI,2013,Djibouti,"$1,324,733,711",0.00%,2.71%,102.71%,"$1,289,830,480"
2013DMA,2013,Dominica,"$62,682,163,837",0.08%,-0.05%,99.95%,"$62,711,269,170"
2013DMA,2013,Dominica,"$498,296,296",0.00%,-0.05%,99.95%,"$498,527,671"
2013DNK,2013,Denmark,"$343,584,391,647",0.45%,0.79%,100.79%,"$340,894,489,431"
2013DZA,2013,Algeria,"$209,755,003,250",0.27%,3.25%,103.25%,"$203,144,205,079"
2013ECU,2013,Ecuador,"$95,129,659,000",0.12%,2.72%,102.72%,"$92,609,048,355"
2013EGY,2013,Egypt,"$288,434,108,527",0.38%,9.47%,109.47%,"$263,483,006,100"
2013ESP,2013,Spain,"$1,354,757,433,212",1.77%,1.41%,101.41%,"$1,335,939,640,042"
2013EST,2013,Estonia,"$25,271,406,707",0.03%,2.78%,102.78%,"$24,587,728,542"
2013ETH,2013,Ethiopia,"$47,648,211,133",0.06%,7.46%,107.46%,"$44,338,756,616"
2013FIN,2013,Finland,"$271,285,280,621",0.35%,1.48%,101.48%,"$267,333,329,025"
2013FJI,2013,Fiji Islands,"$4,190,143,206",0.01%,2.91%,102.91%,"$4,071,517,827"
2013FRA,2013,France,"$2,811,077,725,703",3.67%,0.86%,100.86%,"$2,787,005,923,611"
2013FSM,2013,Micronesia (Federated States of),"$317,214,400",0.00%,1.75%,101.75%,"$311,751,493"
2013GAB,2013,Gabon,"$17,595,745,653",0.02%,0.51%,100.51%,"$17,507,256,789"
2013GBR,2013,United Kingdom,"$2,783,251,090,198",3.63%,2.29%,102.29%,"$2,720,897,196,111"
2013GEO,2013,Georgia,"$17,189,551,520",0.02%,-0.51%,99.49%,"$17,278,025,101"
2013GHA,2013,Garner,"$62,823,043,699",0.08%,11.67%,111.67%,"$56,259,681,108"
2013GIN,2013,Guinea,"$8,376,613,843",0.01%,11.89%,111.89%,"$7,486,613,094"
2013GMB,2013,Gambia,"$1,375,608,956",0.00%,5.70%,105.70%,"$1,301,438,297"
2013GNB,2013,Guinea Bissau,"$1,046,087,417",0.00%,1.21%,101.21%,"$1,033,610,441"
2013GNQ,2013,Equatorial Guinea,"$21,948,834,290",0.03%,2.95%,102.95%,"$21,320,129,895"
2013GRC,2013,Greece,"$238,484,046,041",0.31%,-0.92%,99.08%,"$240,701,555,951"
2013GRD,2013,Grenada,"$842,620,111",0.00%,-0.04%,99.96%,"$842,991,025"
2013GTM,2013,Guatemala,"$52,996,540,703",0.07%,4.34%,104.34%,"$50,790,519,835"
2013GUY,2013,Guyana,"$2,987,684,170",0.00%,1.90%,101.90%,"$2,931,940,596"
2013HKG,2013,Hong Kong,"$275,696,879,834",0.36%,4.34%,104.34%,"$264,234,408,574"
2013HND,2013,Honduras,"$18,499,710,127",0.02%,5.16%,105.16%,"$17,591,647,075"
2013HRV,2013,Croatia,"$58,194,069,434",0.08%,2.22%,102.22%,"$56,932,122,224"
2013HTI,2013,Haiti,"$8,485,077,205",0.01%,4.77%,104.77%,"$8,099,150,725"
2013HUN,2013,Hungary,"$135,411,698,965",0.18%,1.73%,101.73%,"$133,104,728,019"
2013IDN,2013,Indonesia,"$912,524,136,718",1.19%,6.41%,106.41%,"$857,534,615,434"
2013IND,2013,India,"$1,856,722,121,394",2.42%,10.02%,110.02%,"$1,687,654,904,108"
2013IRL,2013,Ireland,"$238,483,849,535",0.31%,0.51%,100.51%,"$237,276,787,238"
2013IRN,2013,Iran,"$460,293,149,324",0.60%,36.60%,136.60%,"$336,956,750,318"
2013IRQ,2013,Iraq,"$234,637,675,128",0.31%,1.88%,101.88%,"$230,309,021,656"
2013ISL,2013,Iceland,"$16,125,060,515",0.02%,3.87%,103.87%,"$15,523,930,575"
2013ISR,2013,Israel,"$292,692,657,451",0.38%,1.58%,101.58%,"$288,150,790,179"
2013ITA,2013,Italy,"$2,141,315,327,318",2.79%,1.22%,101.22%,"$2,115,506,289,720"
2013JAM,2013,Jamaica,"$14,264,202,737",0.02%,9.34%,109.34%,"$13,045,552,363"
2013JOR,2013,Jordan,"$34,454,440,140",0.04%,4.82%,104.82%,"$32,868,651,570"
2013JPN,2013,Japan,"$5,155,717,056,270",6.72%,0.34%,100.34%,"$5,138,501,129,378"
2013KAZ,2013,Kazakhstan,"$236,634,552,078",0.31%,5.85%,105.85%,"$223,564,081,131"
2013KEN,2013,Kenya,"$55,096,728,047",0.07%,5.72%,105.72%,"$52,116,945,064"
2013KGZ,2013,Kyrgyzstan,"$7,335,027,591",0.01%,6.61%,106.61%,"$6,880,001,362"
2013KHM,2013,Cambodia,"$15,227,991,395",0.02%,2.94%,102.94%,"$14,792,841,458"
2013KIR,2013,Kiribati,"$185,113,921",0.00%,-1.49%,98.51%,"$187,910,135"
2013KNA,2013,Saint Kitts and Nevis,"$839,770,370",0.00%,1.11%,101.11%,"$830,576,014"
2013KOR,2013,South Korea,"$1,370,795,199,976",1.79%,1.30%,101.30%,"$1,353,185,553,003"
2013KWT,2013,Kuwait,"$174,161,142,454",0.23%,2.68%,102.68%,"$169,611,654,406"
2013LAO,2013,Laos,"$11,942,230,508",0.02%,6.37%,106.37%,"$11,226,915,747"
2013LBN,2013,Lebanon,"$46,909,335,135",0.06%,4.82%,104.82%,"$44,751,840,166"
2013LBR,2013,Liberia,"$3,067,000,000",0.00%,7.58%,107.58%,"$2,850,973,027"
2013LBY,2013,Libya,"$65,502,870,173",0.09%,2.61%,102.61%,"$63,839,333,317"
2013LCA,2013,Saint Lucia,"$1,664,816,740",0.00%,1.47%,101.47%,"$1,640,721,674"
2013LKA,2013,Sri Lanka,"$74,317,806,538",0.10%,6.91%,106.91%,"$69,515,371,606"
2013LSO,2013,Lesotho,"$2,367,113,170",0.00%,4.87%,104.87%,"$2,257,293,171"
2013LTU,2013,Lithuania,"$46,523,420,074",0.06%,1.05%,101.05%,"$46,041,148,541"
2013LUX,2013,Luxembourg,"$61,739,352,212",0.08%,1.73%,101.73%,"$60,687,015,313"
2013LVA,2013,Latvia,"$30,436,727,789",0.04%,-0.03%,99.97%,"$30,445,695,501"
2013MAC,2013,Macao,"$51,536,304,807",0.07%,5.50%,105.50%,"$48,849,310,483"
2013MDA,2013,Moldova,"$9,496,684,701",0.01%,4.60%,104.60%,"$9,079,232,575"
2013MDG,2013,Madagascar,"$12,423,557,906",0.02%,5.83%,105.83%,"$11,739,560,686"
2013MDV,2013,Maldives,"$3,295,011,381",0.00%,3.81%,103.81%,"$3,174,212,594"
2013MEX,2013,Mexico,"$1,274,443,084,716",1.66%,3.81%,103.81%,"$1,227,711,585,153"
2013MKD,2013,Macedonia,"$10,816,616,379",0.01%,2.79%,102.79%,"$10,523,535,846"
2013MLI,2013,Mali,"$13,242,691,429",0.02%,-0.61%,99.39%,"$13,323,530,130"
2013MLT,2013,Malta,"$10,551,661,176",0.01%,1.18%,101.18%,"$10,428,574,344"
2013MMR,2013,Myanmar,"$58,175,459,729",0.08%,5.64%,105.64%,"$55,067,953,716"
2013MNE,2013,Montenegro,"$4,466,040,642",0.01%,2.21%,102.21%,"$4,369,650,834"
2013MNG,2013,Mongolia,"$12,582,122,604",0.02%,10.49%,110.49%,"$11,387,499,154"
2013MOZ,2013,Mozambique,"$16,974,320,551",0.02%,4.26%,104.26%,"$16,280,548,969"
2013MRT,2013,Mauritania,"$5,639,818,811",0.01%,4.13%,104.13%,"$5,416,179,259"
2013MUS,2013,Mauritius,"$12,129,658,758",0.02%,3.54%,103.54%,"$11,714,576,662"
2013MWI,2013,Malawi,"$5,518,880,768",0.01%,27.28%,127.28%,"$4,335,902,136"
2013MYS,2013,Malaysia,"$323,277,158,906",0.42%,2.11%,102.11%,"$316,612,428,309"
2013NAM,2013,Namibia,"$12,043,276,401",0.02%,5.60%,105.60%,"$11,404,517,904"
2013NER,2013,Niger,"$7,667,952,566",0.01%,2.30%,102.30%,"$7,495,757,686"
2013NGA,2013,Nigeria,"$508,692,961,937",0.66%,8.48%,108.48%,"$468,945,916,034"
2013NIC,2013,Nicaragua,"$10,982,979,274",0.01%,7.14%,107.14%,"$10,251,487,667"
2013NLD,2013,Netherlands,"$876,923,518,850",1.14%,2.51%,102.51%,"$855,477,564,390"
2013NOR,2013,Norway,"$522,761,531,914",0.68%,2.12%,102.12%,"$511,906,622,604"
2013NPL,2013,Nepal,"$22,162,208,956",0.03%,9.04%,109.04%,"$20,324,812,731"
2013NZL,2013,New Zealand,"$190,906,575,136",0.25%,1.13%,101.13%,"$188,765,180,151"
2013OMN,2013,Oman,"$78,555,622,509",0.10%,1.05%,101.05%,"$77,742,799,471"
2013PAK,2013,Pakistan,"$231,218,567,178",0.30%,7.69%,107.69%,"$214,703,257,424"
2013PAN,2013,Panama,"$45,599,900,000",0.06%,4.03%,104.03%,"$43,834,610,151"
2013PER,2013,Peru,"$201,175,469,114",0.26%,2.77%,102.77%,"$195,757,114,479"
2013PHL,2013,Philippines,"$283,902,728,260",0.37%,2.58%,102.58%,"$276,755,010,746"
2013PLW,2013,Palau,"$221,117,200",0.00%,3.35%,103.35%,"$213,939,922"
2013PNG,2013,Papua New Guinea,"$21,261,432,791",0.03%,4.96%,104.96%,"$20,256,639,181"
2013POL,2013,Poland,"$521,016,262,734",0.68%,0.99%,100.99%,"$515,898,637,981"
2013PRT,2013,Portugal,"$226,369,502,104",0.30%,0.27%,100.27%,"$225,750,006,461"
2013PRY,2013,Paraguay,"$38,651,334,287",0.05%,2.68%,102.68%,"$37,641,100,822"
2013QAT,2013,Qatar,"$198,727,642,979",0.26%,3.22%,103.22%,"$192,524,545,316"
2013ROU,2013,Romania,"$190,801,346,194",0.25%,3.98%,103.98%,"$183,489,805,254"
2013RUS,2013,Russia,"$2,292,473,246,621",2.99%,6.75%,106.75%,"$2,147,441,284,237"
2013RWA,2013,Rwanda,"$7,815,599,502",0.01%,5.92%,105.92%,"$7,378,478,605"
2013SAU,2013,Saudi Arabia,"$746,647,127,413",0.97%,3.53%,103.53%,"$721,171,563,744"
2013SDN,2013,Sudan,"$51,215,344,066",0.07%,36.52%,136.52%,"$37,514,257,538"
2013SEN,2013,Senegal,"$18,918,668,644",0.02%,0.71%,100.71%,"$18,785,247,273"
2013SGP,2013,Singapore,"$307,576,360,584",0.40%,2.36%,102.36%,"$300,489,014,212"
2013SLB,2013,Solomon Islands,"$1,284,698,922",0.00%,5.39%,105.39%,"$1,218,979,312"
2013SLE,2013,Sierra Leone,"$4,920,343,194",0.01%,5.52%,105.52%,"$4,663,024,830"
2013SLV,2013,El Salvador,"$21,990,970,000",0.03%,0.76%,100.76%,"$21,825,604,123"
2013SMR,2013,San Marino,"$1,678,841,811",0.00%,1.60%,101.60%,"$1,652,331,914"
2013SRB,2013,Serbia,"$48,394,239,474",0.06%,7.69%,107.69%,"$44,936,691,931"
2013SSD,2013,South Sultan,"$13,257,627,118",0.02%,-0.06%,99.94%,"$13,265,333,080"
2013STP,2013,Sao Tome and Principe.,"$300,554,483",0.00%,8.11%,108.11%,"$278,018,748"
2013SUR,2013,Suriname,"$5,145,757,575",0.01%,1.92%,101.92%,"$5,048,650,021"
2013SVK,2013,Slovakia,"$98,848,641,554",0.13%,1.40%,101.40%,"$97,483,412,017"
2013SVN,2013,Slovenia,"$48,401,896,808",0.06%,1.77%,101.77%,"$47,560,456,798"
2013SWE,2013,Sweden,"$586,841,821,796",0.77%,-0.04%,99.96%,"$587,101,866,650"
2013SWZ,2013,Eswatini,"$4,597,702,903",0.01%,5.62%,105.62%,"$4,353,007,046"
2013SXM,2013,Netherlands Saint Martin,"$1,022,905,027",0.00%,2.53%,102.53%,"$997,677,282"
2013SYC,2013,Seychelles,"$1,328,157,608",0.00%,4.34%,104.34%,"$1,272,926,126"
2013TCD,2013,Chad,"$12,953,535,495",0.02%,0.22%,100.22%,"$12,924,755,739"
2013TGO,2013,Togo,"$4,321,655,656",0.01%,1.83%,101.83%,"$4,244,182,570"
2013THA,2013,Thailand,"$420,333,203,150",0.55%,2.18%,102.18%,"$411,345,766,329"
2013TJK,2013,Tajikistan,"$8,448,469,837",0.01%,5.01%,105.01%,"$8,045,422,609"
2013TLS,2013,Timor Leste,"$5,637,671,700",0.01%,10.99%,110.99%,"$5,079,567,690"
2013TON,2013,Tonga,"$450,643,615",0.00%,0.78%,100.78%,"$447,175,193"
2013TTO,2013,Trinidad and Tobago,"$27,268,478,564",0.04%,5.20%,105.20%,"$25,920,651,990"
2013TUN,2013,Tunisia,"$46,251,074,044",0.06%,5.32%,105.32%,"$43,916,376,147"
2013TUR,2013,Turkey,"$957,783,020,853",1.25%,7.49%,107.49%,"$891,018,220,925"
2013TZA,2013,Tanzania,"$45,680,532,613",0.06%,7.87%,107.87%,"$42,347,479,528"
2013UGA,2013,Uganda,"$28,791,625,085",0.04%,4.90%,104.90%,"$27,446,024,866"
2013UKR,2013,Ukraine,"$183,310,146,378",0.24%,-0.24%,99.76%,"$183,749,212,597"
2013URY,2013,Uruguay,"$57,531,233,350",0.08%,8.58%,108.58%,"$52,987,484,960"
2013USA,2013,the United States,"$16,784,849,196,000",21.89%,1.46%,101.46%,"$16,542,528,831,547"
2013VCT,2013,Saint Vincent and the Grenadines,"$721,207,407",0.00%,0.81%,100.81%,"$715,447,143"
2013VEN,2013,Venezuela,"$371,005,379,786",0.48%,40.64%,140.64%,"$263,798,983,207"
2013VNM,2013,Vietnam,"$171,222,025,117",0.22%,6.59%,106.59%,"$160,632,074,863"
2013VUT,2013,Vanuatu,"$758,304,466",0.00%,1.46%,101.46%,"$747,400,390"
2013WSM,2013,Samoa,"$770,021,663",0.00%,0.61%,100.61%,"$765,352,358"
2013YEM,2013,Yemen,"$40,415,235,701",0.05%,10.97%,110.97%,"$36,420,476,775"
2013ZAF,2013,South Africa,"$366,829,390,478",0.48%,5.78%,105.78%,"$346,770,554,893"
2013ZMB,2013,Zambia,"$28,037,239,462",0.04%,6.98%,106.98%,"$26,208,495,544"
2013ZWE,2013,Zimbabwe,"$19,091,020,000",0.02%,1.63%,101.63%,"$18,783,912,347"
2014ABW,2014,Aruba,"$2,790,849,162",0.00%,0.42%,100.42%,"$2,779,136,743"
2014AFG,2014,Afghanistan,"$20,484,885,119",0.03%,4.67%,104.67%,"$19,570,175,875"
2014AGO,2014,Angola,"$145,712,200,312",0.18%,7.28%,107.28%,"$135,823,708,297"
2014ALB,2014,Albania,"$13,228,144,008",0.02%,1.63%,101.63%,"$13,016,513,072"
2014ARE,2014,United Arab Emirates,"$403,137,100,068",0.51%,2.35%,102.35%,"$393,895,259,063"
2014ARM,2014,Armenia,"$11,609,512,939",0.01%,2.98%,102.98%,"$11,273,417,562"
2014ATG,2014,Antigua and Barbuda,"$1,249,733,333",0.00%,1.09%,101.09%,"$1,236,264,949"
2014AUS,2014,Australia,"$1,467,483,705,131",1.86%,2.49%,102.49%,"$1,431,860,131,808"
2014AUT,2014,Austria,"$441,996,131,736",0.56%,1.61%,101.61%,"$435,010,678,794"
2014AZE,2014,Azerbaijan,"$75,244,294,275",0.10%,1.37%,101.37%,"$74,224,859,024"
2014BDI,2014,Burundi,"$2,705,783,330",0.00%,4.41%,104.41%,"$2,591,613,619"
2014BEL,2014,Belgium,"$534,678,075,827",0.68%,0.34%,100.34%,"$532,866,315,259"
2014BEN,2014,Benin,"$9,720,362,615",0.01%,-0.55%,99.45%,"$9,773,998,168"
2014BFA,2014,Burkina Faso,"$13,943,016,923",0.02%,-0.26%,99.74%,"$13,979,095,503"
2014BGD,2014,Bangladesh,"$172,885,454,931",0.22%,6.99%,106.99%,"$161,587,818,190"
2014BGR,2014,Bulgaria,"$56,901,994,980",0.07%,-1.42%,98.58%,"$57,720,578,881"
2014BHR,2014,Bahrain,"$33,387,712,765",0.04%,2.65%,102.65%,"$32,526,554,916"
2014BHS,2014,Bahamas,"$11,111,600,000",0.01%,1.51%,101.51%,"$10,945,905,649"
2014BIH,2014,Bosnia and Herzegovina,"$18,558,343,508",0.02%,-0.90%,99.10%,"$18,726,355,254"
2014BLR,2014,Belarus,"$78,813,839,984",0.10%,18.12%,118.12%,"$66,723,787,114"
2014BOL,2014,Bolivia,"$32,996,188,017",0.04%,5.77%,105.77%,"$31,197,171,682"
2014BRA,2014,Brazil,"$2,455,993,625,159",3.12%,6.33%,106.33%,"$2,309,805,130,921"
2014BRB,2014,Barbados,"$4,696,500,000",0.01%,1.77%,101.77%,"$4,614,840,253"
2014BRN,2014,Brunei,"$17,098,342,541",0.02%,-0.21%,99.79%,"$17,133,828,195"
2014BTN,2014,Bhutan,"$1,907,090,813",0.00%,8.27%,108.27%,"$1,761,404,014"
2014BWA,2014,Botswana,"$16,250,781,586",0.02%,4.40%,104.40%,"$15,565,546,820"
2014CAF,2014,Central Africa,"$1,894,813,389",0.00%,14.90%,114.90%,"$1,649,116,700"
2014CAN,2014,Canada,"$1,805,749,878,439",2.29%,1.91%,101.91%,"$1,771,964,958,285"
2014CHE,2014,Switzerland,"$734,396,591,036",0.93%,-0.01%,99.99%,"$734,493,562,835"
2014CHL,2014,Chile,"$260,541,637,327",0.33%,4.72%,104.72%,"$248,801,502,342"
2014CHN,2014,China,"$10,475,682,920,597",13.30%,1.92%,101.92%,"$10,278,173,264,548"
2014CIV,2014,C ô te d'Ivoire,"$35,363,533,865",0.04%,0.45%,100.45%,"$35,205,572,770"
2014CMR,2014,Cameroon,"$34,989,493,826",0.04%,1.83%,101.83%,"$34,359,299,341"
2014COD,2014,Congo (gold),"$35,909,040,265",0.05%,1.24%,101.24%,"$35,468,157,274"
2014COG,2014,Congo (Brazzaville),"$14,196,322,768",0.02%,0.91%,100.91%,"$14,068,002,950"
2014COL,2014,Columbia,"$381,112,119,657",0.48%,2.90%,102.90%,"$370,379,201,726"
2014CPV,2014,Cape Verde,"$1,859,898,513",0.00%,-0.24%,99.76%,"$1,864,350,174"
2014CRI,2014,Costa Rica,"$52,016,408,950",0.07%,4.52%,104.52%,"$49,767,323,573"
2014CUW,2014,Cura ç Ao,"$3,158,406,033",0.00%,1.50%,101.50%,"$3,111,768,720"
2014CYM,2014,Cayman Islands,"$4,563,017,880",0.01%,1.27%,101.27%,"$4,505,617,257"
2014CYP,2014,Cyprus,"$23,156,850,006",0.03%,-1.35%,98.65%,"$23,474,932,728"
2014CZE,2014,Czech,"$209,358,834,156",0.27%,0.34%,100.34%,"$208,641,132,466"
2014DEU,2014,Germany,"$3,883,920,155,292",4.93%,0.91%,100.91%,"$3,849,017,344,951"
2014DJI,2014,Djibouti,"$1,455,035,088",0.00%,1.34%,101.34%,"$1,435,769,007"
2014DMA,2014,Dominica,"$67,179,914,026",0.09%,0.80%,100.80%,"$66,647,235,746"
2014DMA,2014,Dominica,"$520,207,407",0.00%,0.80%,100.80%,"$516,082,615"
2014DNK,2014,Denmark,"$352,993,631,617",0.45%,0.56%,100.56%,"$351,013,841,453"
2014DZA,2014,Algeria,"$213,810,023,703",0.27%,2.92%,102.92%,"$207,750,104,963"
2014ECU,2014,Ecuador,"$101,726,331,000",0.13%,3.59%,103.59%,"$98,201,657,312"
2014EGY,2014,Egypt,"$305,595,408,895",0.39%,10.07%,110.07%,"$277,636,786,291"
2014ESP,2014,Spain,"$1,369,398,844,599",1.74%,-0.15%,99.85%,"$1,371,471,341,295"
2014EST,2014,Estonia,"$26,773,473,625",0.03%,-0.11%,99.89%,"$26,801,930,614"
2014ETH,2014,Ethiopia,"$55,612,228,233",0.07%,6.89%,106.89%,"$52,027,521,826"
2014FIN,2014,Finland,"$274,497,230,802",0.35%,1.04%,101.04%,"$271,668,627,345"
2014FJI,2014,Fiji Islands,"$4,856,963,229",0.01%,0.52%,100.52%,"$4,831,871,010"
2014FRA,2014,France,"$2,852,165,760,630",3.62%,0.51%,100.51%,"$2,837,756,800,102"
2014FSM,2014,Micronesia (Federated States of),"$319,271,200",0.00%,0.65%,100.65%,"$317,208,441"
2014GAB,2014,Gabon,"$18,203,968,001",0.02%,4.69%,104.69%,"$17,388,373,719"
2014GBR,2014,United Kingdom,"$3,065,521,109,394",3.89%,1.45%,101.45%,"$3,021,673,003,185"
2014GEO,2014,Georgia,"$17,627,003,454",0.02%,3.07%,103.07%,"$17,102,169,991"
2014GHA,2014,Garner,"$51,717,482,623",0.07%,15.49%,115.49%,"$44,781,067,252"
2014GIN,2014,Guinea,"$8,778,473,614",0.01%,7.07%,107.07%,"$8,198,662,466"
2014GMB,2014,Gambia,"$1,229,460,601",0.00%,5.95%,105.95%,"$1,160,437,770"
2014GNB,2014,Guinea Bissau,"$1,054,915,645",0.00%,-1.51%,98.49%,"$1,071,080,875"
2014GNQ,2014,Equatorial Guinea,"$21,765,453,087",0.03%,4.31%,104.31%,"$20,866,123,446"
2014GRC,2014,Greece,"$235,295,470,067",0.30%,-1.31%,98.69%,"$238,424,218,009"
2014GRD,2014,Grenada,"$911,497,407",0.00%,-0.98%,99.02%,"$920,551,984"
2014GTM,2014,Guatemala,"$57,852,399,963",0.07%,3.42%,103.42%,"$55,940,162,862"
2014GUY,2014,Guyana,"$3,077,643,313",0.00%,0.85%,100.85%,"$3,051,624,234"
2014HKG,2014,Hong Kong,"$291,459,356,985",0.37%,4.42%,104.42%,"$279,112,413,756"
2014HND,2014,Honduras,"$19,756,494,434",0.03%,6.13%,106.13%,"$18,615,503,797"
2014HRV,2014,Croatia,"$57,639,588,805",0.07%,-0.22%,99.78%,"$57,763,894,488"
2014HTI,2014,Haiti,"$8,775,444,941",0.01%,3.44%,103.44%,"$8,483,759,167"
2014HUN,2014,Hungary,"$140,765,018,880",0.18%,-0.23%,99.77%,"$141,086,083,218"
2014IDN,2014,Indonesia,"$890,814,755,233",1.13%,6.39%,106.39%,"$837,271,845,266"
2014IND,2014,India,"$2,039,127,446,299",2.59%,6.67%,106.67%,"$1,911,700,081,378"
2014IRL,2014,Ireland,"$258,909,619,169",0.33%,0.18%,100.18%,"$258,437,860,710"
2014IRN,2014,Iran,"$432,687,036,177",0.55%,16.61%,116.61%,"$371,065,797,037"
2014IRQ,2014,Iraq,"$228,415,656,174",0.29%,2.24%,102.24%,"$223,420,041,949"
2014ISL,2014,Iceland,"$17,867,662,177",0.02%,2.04%,102.04%,"$17,509,657,133"
2014ISR,2014,Israel,"$310,047,504,908",0.39%,0.49%,100.49%,"$308,546,440,194"
2014ITA,2014,Italy,"$2,159,133,919,743",2.74%,0.24%,100.24%,"$2,153,941,898,154"
2014JAM,2014,Jamaica,"$13,899,228,824",0.02%,8.27%,108.27%,"$12,837,078,800"
2014JOR,2014,Jordan,"$36,847,643,521",0.05%,2.90%,102.90%,"$35,809,358,668"
2014JPN,2014,Japan,"$4,850,413,536,037",6.16%,2.76%,102.76%,"$4,720,173,254,648"
2014KAZ,2014,Kazakhstan,"$221,415,572,819",0.28%,6.71%,106.71%,"$207,499,459,138"
2014KEN,2014,Kenya,"$61,448,046,801",0.08%,6.88%,106.88%,"$57,493,551,236"
2014KGZ,2014,Kyrgyzstan,"$7,468,096,566",0.01%,7.53%,107.53%,"$6,944,854,085"
2014KHM,2014,Cambodia,"$16,702,610,842",0.02%,3.86%,103.86%,"$16,082,518,989"
2014KIR,2014,Kiribati,"$179,703,443",0.00%,2.10%,102.10%,"$176,000,420"
2014KNA,2014,Saint Kitts and Nevis,"$916,566,666",0.00%,0.25%,100.25%,"$914,300,432"
2014KOR,2014,South Korea,"$1,484,318,219,633",1.88%,1.27%,101.27%,"$1,465,634,682,959"
2014KWT,2014,Kuwait,"$162,631,412,508",0.21%,2.91%,102.91%,"$158,034,310,217"
2014LAO,2014,Laos,"$13,268,458,231",0.02%,4.13%,104.13%,"$12,742,297,783"
2014LBN,2014,Lebanon,"$48,134,486,624",0.06%,1.85%,101.85%,"$47,258,037,077"
2014LBR,2014,Liberia,"$3,144,000,000",0.00%,9.86%,109.86%,"$2,861,795,151"
2014LCA,2014,Saint Lucia,"$1,755,130,814",0.00%,3.52%,103.52%,"$1,695,500,805"
2014LKA,2014,Sri Lanka,"$79,356,449,840",0.10%,3.18%,103.18%,"$76,911,433,610"
2014LSO,2014,Lesotho,"$2,441,053,175",0.00%,5.37%,105.37%,"$2,316,642,750"
2014LTU,2014,Lithuania,"$48,533,659,592",0.06%,0.10%,100.10%,"$48,483,354,229"
2014LUX,2014,Luxembourg,"$66,103,853,236",0.08%,0.63%,100.63%,"$65,690,956,679"
2014LVA,2014,Latvia,"$31,329,367,172",0.04%,0.62%,100.62%,"$31,136,170,151"
2014MAC,2014,Macao,"$54,903,031,137",0.07%,6.05%,106.05%,"$51,771,754,037"
2014MDA,2014,Moldova,"$9,510,219,299",0.01%,5.09%,105.09%,"$9,049,699,499"
2014MDG,2014,Madagascar,"$12,522,959,157",0.02%,6.08%,106.08%,"$11,805,157,408"
2014MDV,2014,Maldives,"$3,697,351,596",0.00%,2.12%,102.12%,"$3,620,594,920"
2014MEX,2014,Mexico,"$1,315,351,183,524",1.67%,4.02%,104.02%,"$1,264,534,400,746"
2014MKD,2014,Macedonia,"$11,361,563,307",0.01%,-0.28%,99.72%,"$11,393,659,820"
2014MLI,2014,Mali,"$14,364,937,996",0.02%,0.88%,100.88%,"$14,239,090,840"
2014MLT,2014,Malta,"$11,626,281,387",0.01%,0.31%,100.31%,"$11,590,315,887"
2014MMR,2014,Myanmar,"$59,640,204,521",0.08%,4.95%,104.95%,"$56,825,469,027"
2014MNE,2014,Montenegro,"$4,594,024,179",0.01%,-0.71%,99.29%,"$4,626,898,946"
2014MNG,2014,Mongolia,"$12,226,514,722",0.02%,12.25%,112.25%,"$10,891,831,750"
2014MOZ,2014,Mozambique,"$17,716,084,107",0.02%,2.56%,102.56%,"$17,273,915,275"
2014MRT,2014,Mauritania,"$6,592,537,781",0.01%,3.53%,103.53%,"$6,367,487,311"
2014MUS,2014,Mauritius,"$12,803,438,964",0.02%,3.22%,103.22%,"$12,404,306,593"
2014MWI,2014,Malawi,"$6,047,813,437",0.01%,23.79%,123.79%,"$4,885,461,309"
2014MYS,2014,Malaysia,"$338,061,963,396",0.43%,3.14%,103.14%,"$327,760,482,538"
2014NAM,2014,Namibia,"$12,435,416,063",0.02%,5.35%,105.35%,"$11,803,888,026"
2014NER,2014,Niger,"$8,229,731,383",0.01%,-0.93%,99.07%,"$8,307,010,443"
2014NGA,2014,Nigeria,"$546,676,374,567",0.69%,8.06%,108.06%,"$505,889,134,789"
2014NIC,2014,Nicaragua,"$11,880,434,070",0.02%,6.04%,106.04%,"$11,204,154,802"
2014NLD,2014,Netherlands,"$890,981,311,077",1.13%,0.98%,100.98%,"$882,369,079,328"
2014NOR,2014,Norway,"$498,410,050,251",0.63%,2.04%,102.04%,"$488,437,605,653"
2014NPL,2014,Nepal,"$22,731,602,969",0.03%,8.36%,108.36%,"$20,977,050,052"
2014NZL,2014,New Zealand,"$201,313,497,220",0.26%,1.23%,101.23%,"$198,872,324,509"
2014OMN,2014,Oman,"$80,686,929,102",0.10%,1.02%,101.02%,"$79,870,379,750"
2014PAK,2014,Pakistan,"$244,360,888,750",0.31%,7.19%,107.19%,"$227,971,166,143"
2014PAN,2014,Panama,"$49,921,400,000",0.06%,2.63%,102.63%,"$48,643,758,548"
2014PER,2014,Peru,"$200,789,362,451",0.25%,3.41%,103.41%,"$194,164,572,479"
2014PHL,2014,Philippines,"$297,483,247,101",0.38%,3.60%,103.60%,"$287,152,024,266"
2014PLW,2014,Palau,"$241,669,800",0.00%,4.19%,104.19%,"$231,947,165"
2014PNG,2014,Papua New Guinea,"$23,210,682,538",0.03%,5.22%,105.22%,"$22,058,748,821"
2014POL,2014,Poland,"$542,477,096,211",0.69%,0.05%,100.05%,"$542,185,284,972"
2014PRT,2014,Portugal,"$229,596,170,846",0.29%,-0.28%,99.72%,"$230,236,581,650"
2014PRY,2014,Paraguay,"$40,377,987,208",0.05%,5.03%,105.03%,"$38,444,670,955"
2014QAT,2014,Qatar,"$206,224,598,564",0.26%,3.35%,103.35%,"$199,540,547,235"
2014ROU,2014,Romania,"$199,959,363,430",0.25%,1.07%,101.07%,"$197,845,757,660"
2014RUS,2014,Russia,"$2,059,241,965,490",2.61%,7.82%,107.82%,"$1,909,828,237,085"
2014RWA,2014,Rwanda,"$8,241,332,516",0.01%,2.35%,102.35%,"$8,051,754,714"
2014SAU,2014,Saudi Arabia,"$756,350,347,333",0.96%,2.24%,102.24%,"$739,806,134,400"
2014SDN,2014,Sudan,"$61,731,303,935",0.08%,36.91%,136.91%,"$45,090,072,094"
2014SEN,2014,Senegal,"$19,797,254,643",0.03%,-1.09%,98.91%,"$20,015,474,368"
2014SGP,2014,Singapore,"$314,851,156,183",0.40%,1.03%,101.03%,"$311,656,218,598"
2014SLB,2014,Solomon Islands,"$1,335,538,893",0.00%,5.17%,105.17%,"$1,269,935,276"
2014SLE,2014,Sierra Leone,"$5,015,157,815",0.01%,4.65%,104.65%,"$4,792,522,979"
2014SLV,2014,El Salvador,"$22,593,460,000",0.03%,1.14%,101.14%,"$22,338,500,712"
2014SMR,2014,San Marino,"$1,673,973,694",0.00%,1.11%,101.11%,"$1,655,548,056"
2014SRB,2014,Serbia,"$47,062,206,677",0.06%,2.08%,102.08%,"$46,102,153,335"
2014SSD,2014,South Sultan,"$13,962,212,847",0.02%,1.67%,101.67%,"$13,732,293,191"
2014STP,2014,Sao Tome and Principe.,"$346,528,329",0.00%,7.00%,107.00%,"$323,862,793"
2014SUR,2014,Suriname,"$5,240,606,060",0.01%,3.38%,103.38%,"$5,069,097,568"
2014SVK,2014,Slovakia,"$101,189,715,749",0.13%,-0.08%,99.92%,"$101,266,845,976"
2014SVN,2014,Slovenia,"$49,930,685,013",0.06%,0.20%,100.20%,"$49,831,349,294"
2014SWE,2014,Sweden,"$581,964,017,237",0.74%,-0.18%,99.82%,"$583,011,330,010"
2014SWZ,2014,Eswatini,"$4,422,304,974",0.01%,5.68%,105.68%,"$4,184,565,225"
2014SXM,2014,Netherlands Saint Martin,"$1,245,251,396",0.00%,1.89%,101.89%,"$1,222,191,638"
2014SYC,2014,Seychelles,"$1,343,007,845",0.00%,1.39%,101.39%,"$1,324,650,382"
2014TCD,2014,Chad,"$13,940,768,065",0.02%,1.68%,101.68%,"$13,710,166,743"
2014TGO,2014,Togo,"$4,574,986,536",0.01%,0.19%,100.19%,"$4,566,270,663"
2014THA,2014,Thailand,"$407,339,454,060",0.52%,1.90%,101.90%,"$399,763,371,235"
2014TJK,2014,Tajikistan,"$9,112,544,556",0.01%,6.10%,106.10%,"$8,588,279,262"
2014TLS,2014,Timor Leste,"$4,041,637,000",0.01%,0.85%,100.85%,"$4,007,618,800"
2014TON,2014,Tonga,"$439,878,828",0.00%,2.51%,102.51%,"$429,104,544"
2014TTO,2014,Trinidad and Tobago,"$27,615,843,098",0.04%,5.68%,105.68%,"$26,130,477,494"
2014TUN,2014,Tunisia,"$47,632,390,881",0.06%,4.63%,104.63%,"$45,526,537,665"
2014TUR,2014,Turkey,"$938,952,628,604",1.19%,8.85%,108.85%,"$862,575,273,775"
2014TZA,2014,Tanzania,"$49,964,788,814",0.06%,6.13%,106.13%,"$47,078,138,903"
2014UGA,2014,Uganda,"$32,472,362,948",0.04%,3.07%,103.07%,"$31,503,724,971"
2014UKR,2014,Ukraine,"$133,503,411,375",0.17%,12.07%,112.07%,"$119,123,048,189"
2014URY,2014,Uruguay,"$57,236,013,086",0.07%,8.88%,108.88%,"$52,569,254,610"
2014USA,2014,the United States,"$17,527,163,695,000",22.25%,1.62%,101.62%,"$17,247,372,849,703"
2014VCT,2014,Saint Vincent and the Grenadines,"$727,714,814",0.00%,0.19%,100.19%,"$726,306,806"
2014VEN,2014,Venezuela,"$482,359,318,767",0.61%,62.17%,162.17%,"$297,443,013,077"
2014VNM,2014,Vietnam,"$186,204,652,922",0.24%,4.08%,104.08%,"$178,897,487,603"
2014VUT,2014,Vanuatu,"$772,315,721",0.00%,0.80%,100.80%,"$766,194,867"
2014WSM,2014,Samoa,"$756,919,917",0.00%,-0.41%,99.59%,"$760,011,767"
2014YEM,2014,Yemen,"$43,228,585,321",0.05%,8.10%,108.10%,"$39,987,692,478"
2014ZAF,2014,South Africa,"$350,904,575,292",0.45%,6.13%,106.13%,"$330,637,060,121"
2014ZMB,2014,Zambia,"$27,141,023,558",0.03%,7.81%,107.81%,"$25,175,596,105"
2014ZWE,2014,Zimbabwe,"$19,495,519,600",0.02%,-0.20%,99.80%,"$19,534,155,192"
2015ABW,2015,Aruba,"$2,962,905,027",0.00%,0.47%,100.47%,"$2,948,904,701"
2015AFG,2015,Afghanistan,"$19,907,111,418",0.03%,-0.66%,99.34%,"$20,039,716,056"
2015AGO,2015,Angola,"$116,193,649,124",0.16%,9.15%,109.15%,"$106,452,820,009"
2015ALB,2015,Albania,"$11,386,846,319",0.02%,3.50%,103.50%,"$11,001,655,440"
2015ARE,2015,United Arab Emirates,"$358,135,057,862",0.48%,4.07%,104.07%,"$344,129,119,417"
2015ARM,2015,Armenia,"$10,553,337,672",0.01%,3.73%,103.73%,"$10,173,687,087"
2015ATG,2015,Antigua and Barbuda,"$1,336,692,592",0.00%,0.97%,100.97%,"$1,323,864,432"
2015AUS,2015,Australia,"$1,351,693,984,524",1.82%,1.51%,101.51%,"$1,331,608,445,859"
2015AUT,2015,Austria,"$381,817,565,893",0.52%,0.90%,100.90%,"$378,424,748,349"
2015AZE,2015,Azerbaijan,"$53,074,370,486",0.07%,4.03%,104.03%,"$51,019,466,703"
2015BDI,2015,Burundi,"$3,104,394,792",0.00%,5.54%,105.54%,"$2,941,308,392"
2015BEL,2015,Belgium,"$462,149,679,343",0.62%,0.56%,100.56%,"$459,569,522,068"
2015BEN,2015,Benin,"$8,294,490,789",0.01%,0.22%,100.22%,"$8,276,383,227"
2015BFA,2015,Burkina Faso,"$11,832,159,275",0.02%,0.72%,100.72%,"$11,747,012,350"
2015BGD,2015,Bangladesh,"$195,078,678,697",0.26%,6.19%,106.19%,"$183,699,798,402"
2015BGR,2015,Bulgaria,"$50,647,442,756",0.07%,-0.10%,99.90%,"$50,700,492,334"
2015BHR,2015,Bahrain,"$31,050,638,297",0.04%,1.85%,101.85%,"$30,487,046,397"
2015BHS,2015,Bahamas,"$11,710,800,000",0.02%,1.86%,101.86%,"$11,496,789,220"
2015BIH,2015,Bosnia and Herzegovina,"$16,211,541,820",0.02%,-1.04%,98.96%,"$16,381,255,399"
2015BLR,2015,Belarus,"$56,454,734,396",0.08%,13.53%,113.53%,"$49,724,744,010"
2015BOL,2015,Bolivia,"$33,000,198,248",0.04%,4.06%,104.06%,"$31,712,782,815"
2015BRA,2015,Brazil,"$1,802,214,373,741",2.43%,9.03%,109.03%,"$1,652,954,241,740"
2015BRB,2015,Barbados,"$4,715,000,000",0.01%,-1.11%,98.89%,"$4,768,058,474"
2015BRN,2015,Brunei,"$12,930,394,937",0.02%,-0.49%,99.51%,"$12,993,850,069"
2015BTN,2015,Bhutan,"$2,003,598,212",0.00%,4.55%,104.55%,"$1,916,435,946"
2015BWA,2015,Botswana,"$14,420,593,484",0.02%,3.06%,103.06%,"$13,992,149,433"
2015CAF,2015,Central Africa,"$1,695,825,714",0.00%,1.40%,101.40%,"$1,672,362,961"
2015CAN,2015,Canada,"$1,556,508,816,217",2.10%,1.13%,101.13%,"$1,539,189,222,462"
2015CHE,2015,Switzerland,"$702,149,580,770",0.95%,-1.14%,98.86%,"$710,274,472,051"
2015CHL,2015,Chile,"$243,919,079,437",0.33%,4.35%,104.35%,"$233,753,662,052"
2015CHN,2015,China,"$11,061,553,079,871",14.93%,1.44%,101.44%,"$10,904,847,820,357"
2015CIV,2015,C ô te d'Ivoire,"$33,131,114,321",0.04%,1.25%,101.25%,"$32,721,603,600"
2015CMR,2015,Cameroon,"$30,928,653,813",0.04%,2.69%,102.69%,"$30,119,645,328"
2015COD,2015,Congo (gold),"$37,917,704,900",0.05%,0.74%,100.74%,"$37,637,606,213"
2015COG,2015,Congo (Brazzaville),"$8,556,594,871",0.01%,3.17%,103.17%,"$8,293,757,568"
2015COL,2015,Columbia,"$293,481,748,240",0.40%,4.99%,104.99%,"$279,532,425,341"
2015CPV,2015,Cape Verde,"$1,596,800,287",0.00%,0.13%,100.13%,"$1,594,708,221"
2015CRI,2015,Costa Rica,"$56,441,917,652",0.08%,0.80%,100.80%,"$55,992,864,951"
2015CUW,2015,Cura ç Ao,"$3,151,910,782",0.00%,-0.48%,99.52%,"$3,167,002,882"
2015CYM,2015,Cayman Islands,"$4,708,336,733",0.01%,-2.35%,97.65%,"$4,821,523,329"
2015CYP,2015,Cyprus,"$19,842,404,304",0.03%,-2.10%,97.90%,"$20,267,411,454"
2015CZE,2015,Czech,"$188,033,050,459",0.25%,0.31%,100.31%,"$187,453,136,909"
2015DEU,2015,Germany,"$3,356,235,704,119",4.53%,0.51%,100.51%,"$3,339,058,899,298"
2015DJI,2015,Djibouti,"$1,633,741,922",0.00%,-0.85%,99.15%,"$1,647,704,400"
2015DMA,2015,Dominica,"$71,164,825,256",0.10%,-0.84%,99.16%,"$71,770,443,627"
2015DMA,2015,Dominica,"$540,737,037",0.00%,-0.84%,99.16%,"$545,338,753"
2015DNK,2015,Denmark,"$302,673,070,846",0.41%,0.45%,100.45%,"$301,311,042,026"
2015DZA,2015,Algeria,"$165,979,173,991",0.22%,4.78%,104.78%,"$158,400,582,082"
2015ECU,2015,Ecuador,"$99,290,381,000",0.13%,3.97%,103.97%,"$95,502,148,619"
2015EGY,2015,Egypt,"$329,366,576,819",0.44%,10.37%,110.37%,"$298,419,057,308"
2015ESP,2015,Spain,"$1,195,119,269,971",1.61%,-0.50%,99.50%,"$1,201,129,309,167"
2015EST,2015,Estonia,"$23,048,864,242",0.03%,-0.49%,99.51%,"$23,162,901,229"
2015ETH,2015,Ethiopia,"$64,589,334,978",0.09%,9.57%,109.57%,"$58,948,602,420"
2015FIN,2015,Finland,"$234,440,080,998",0.32%,-0.21%,99.79%,"$234,928,565,239"
2015FJI,2015,Fiji Islands,"$4,682,546,863",0.01%,1.37%,101.37%,"$4,619,040,350"
2015FRA,2015,France,"$2,438,207,896,251",3.29%,0.04%,100.04%,"$2,437,293,560,659"
2015FSM,2015,Micronesia (Federated States of),"$316,489,900",0.00%,-0.30%,99.70%,"$317,436,228"
2015GAB,2015,Gabon,"$14,383,107,714",0.02%,-0.34%,99.66%,"$14,432,002,645"
2015GBR,2015,United Kingdom,"$2,932,784,751,846",3.96%,0.37%,100.37%,"$2,922,030,311,562"
2015GEO,2015,Georgia,"$14,953,950,557",0.02%,4.00%,104.00%,"$14,378,303,915"
2015GHA,2015,Garner,"$47,498,906,691",0.06%,17.15%,117.15%,"$40,545,385,452"
2015GIN,2015,Guinea,"$8,794,202,443",0.01%,10.82%,110.82%,"$7,935,524,556"
2015GMB,2015,Gambia,"$1,378,176,868",0.00%,6.81%,106.81%,"$1,290,325,629"
2015GNB,2015,Guinea Bissau,"$1,048,229,629",0.00%,1.48%,101.48%,"$1,032,975,469"
2015GNQ,2015,Equatorial Guinea,"$13,185,496,881",0.02%,1.68%,101.68%,"$12,968,070,215"
2015GRC,2015,Greece,"$195,317,994,377",0.26%,-1.74%,98.26%,"$198,768,391,122"
2015GRD,2015,Grenada,"$997,007,925",0.00%,-0.52%,99.48%,"$1,002,173,609"
2015GTM,2015,Guatemala,"$62,186,186,575",0.08%,2.39%,102.39%,"$60,735,388,015"
2015GUY,2015,Guyana,"$3,197,220,338",0.00%,-1.00%,99.00%,"$3,229,572,070"
2015HKG,2015,Hong Kong,"$309,383,627,028",0.42%,2.99%,102.99%,"$300,399,144,639"
2015HND,2015,Honduras,"$20,979,767,785",0.03%,3.16%,103.16%,"$20,337,542,526"
2015HRV,2015,Croatia,"$49,525,747,503",0.07%,-0.46%,99.54%,"$49,756,867,658"
2015HTI,2015,Haiti,"$8,724,656,126",0.01%,6.73%,106.73%,"$8,174,370,524"
2015HUN,2015,Hungary,"$125,074,286,021",0.17%,-0.06%,99.94%,"$125,151,435,223"
2015IDN,2015,Indonesia,"$860,854,235,065",1.16%,6.36%,106.36%,"$809,354,056,097"
2015IND,2015,India,"$2,103,587,813,812",2.84%,4.91%,104.91%,"$2,005,193,501,264"
2015IRL,2015,Ireland,"$291,521,892,625",0.39%,-0.29%,99.71%,"$292,369,410,379"
2015IRN,2015,Iran,"$384,951,479,697",0.52%,12.48%,112.48%,"$342,225,691,853"
2015IRQ,2015,Iraq,"$166,774,109,673",0.23%,1.39%,101.39%,"$164,482,327,584"
2015ISL,2015,Iceland,"$17,517,210,519",0.02%,1.63%,101.63%,"$17,235,741,284"
2015ISR,2015,Israel,"$300,122,499,721",0.41%,-0.63%,99.37%,"$302,038,604,390"
2015ITA,2015,Italy,"$1,835,899,237,320",2.48%,0.04%,100.04%,"$1,835,187,360,802"
2015JAM,2015,Jamaica,"$14,188,935,947",0.02%,3.69%,103.69%,"$13,683,792,944"
2015JOR,2015,Jordan,"$38,587,017,887",0.05%,-0.88%,99.12%,"$38,928,361,756"
2015JPN,2015,Japan,"$4,389,475,622,588",5.92%,0.80%,100.80%,"$4,354,842,447,640"
2015KAZ,2015,Kazakhstan,"$184,388,432,148",0.25%,6.67%,106.67%,"$172,865,598,380"
2015KEN,2015,Kenya,"$64,007,750,169",0.09%,6.58%,106.58%,"$60,054,836,118"
2015KGZ,2015,Kyrgyzstan,"$6,678,178,340",0.01%,6.50%,106.50%,"$6,270,394,614"
2015KHM,2015,Cambodia,"$18,049,954,289",0.02%,1.22%,101.22%,"$17,831,706,337"
2015KIR,2015,Kiribati,"$171,117,872",0.00%,0.57%,100.57%,"$170,144,618"
2015KNA,2015,Saint Kitts and Nevis,"$923,155,555",0.00%,-2.30%,97.70%,"$944,906,119"
2015KOR,2015,South Korea,"$1,465,773,245,547",1.98%,0.71%,100.71%,"$1,455,492,638,601"
2015KWT,2015,Kuwait,"$114,567,298,105",0.15%,3.27%,103.27%,"$110,937,746,026"
2015LAO,2015,Laos,"$14,390,442,307",0.02%,1.28%,101.28%,"$14,208,943,757"
2015LBN,2015,Lebanon,"$49,939,374,832",0.07%,-3.75%,96.25%,"$51,884,603,997"
2015LBR,2015,Liberia,"$3,177,000,000",0.00%,7.75%,107.75%,"$2,948,527,539"
2015LCA,2015,Saint Lucia,"$1,808,079,888",0.00%,-0.98%,99.02%,"$1,826,040,843"
2015LKA,2015,Sri Lanka,"$80,604,080,688",0.11%,3.77%,103.77%,"$77,676,928,309"
2015LSO,2015,Lesotho,"$2,359,759,799",0.00%,3.22%,103.22%,"$2,286,180,339"
2015LTU,2015,Lithuania,"$41,418,872,976",0.06%,-0.88%,99.12%,"$41,788,322,451"
2015LUX,2015,Luxembourg,"$57,744,457,954",0.08%,0.47%,100.47%,"$57,471,615,390"
2015LVA,2015,Latvia,"$27,239,653,843",0.04%,0.17%,100.17%,"$27,192,273,416"
2015MAC,2015,Macao,"$45,060,237,946",0.06%,4.56%,104.56%,"$43,094,869,126"
2015MDA,2015,Moldova,"$7,745,231,660",0.01%,9.68%,109.68%,"$7,061,904,781"
2015MDG,2015,Madagascar,"$11,323,023,786",0.02%,7.40%,107.40%,"$10,542,441,224"
2015MDV,2015,Maldives,"$4,109,447,297",0.01%,0.95%,100.95%,"$4,070,645,632"
2015MEX,2015,Mexico,"$1,171,867,608,197",1.58%,2.72%,102.72%,"$1,140,829,730,794"
2015MKD,2015,Macedonia,"$10,071,243,243",0.01%,-0.30%,99.70%,"$10,101,539,829"
2015MLI,2015,Mali,"$13,104,764,333",0.02%,1.45%,101.45%,"$12,917,373,217"
2015MLT,2015,Malta,"$11,091,434,483",0.01%,1.10%,101.10%,"$10,970,696,671"
2015MMR,2015,Myanmar,"$60,291,736,893",0.08%,9.45%,109.45%,"$55,084,000,773"
2015MNE,2015,Montenegro,"$4,054,712,082",0.01%,1.55%,101.55%,"$3,992,874,767"
2015MNG,2015,Mongolia,"$11,749,620,619",0.02%,5.73%,105.73%,"$11,113,182,835"
2015MOZ,2015,Mozambique,"$15,950,969,018",0.02%,3.55%,103.55%,"$15,404,009,655"
2015MRT,2015,Mauritania,"$4,828,858,024",0.01%,3.24%,103.24%,"$4,677,417,145"
2015MUS,2015,Mauritius,"$11,692,287,066",0.02%,1.29%,101.29%,"$11,543,770,718"
2015MWI,2015,Malawi,"$6,373,212,640",0.01%,21.87%,121.87%,"$5,229,631,044"
2015MYS,2015,Malaysia,"$301,354,803,994",0.41%,2.10%,102.10%,"$295,143,827,389"
2015NAM,2015,Namibia,"$11,335,179,560",0.02%,3.39%,103.39%,"$10,963,090,579"
2015NER,2015,Niger,"$7,217,667,780",0.01%,-0.58%,99.42%,"$7,259,488,997"
2015NGA,2015,Nigeria,"$486,803,295,097",0.66%,9.01%,109.01%,"$446,570,068,576"
2015NIC,2015,Nicaragua,"$12,756,706,583",0.02%,4.00%,104.00%,"$12,266,373,044"
2015NLD,2015,Netherlands,"$765,264,949,780",1.03%,0.60%,100.60%,"$760,698,868,915"
2015NOR,2015,Norway,"$385,801,550,067",0.52%,2.17%,102.17%,"$377,603,267,128"
2015NPL,2015,Nepal,"$24,360,795,410",0.03%,7.87%,107.87%,"$22,583,704,281"
2015NZL,2015,New Zealand,"$178,064,471,137",0.24%,0.29%,100.29%,"$177,544,789,322"
2015OMN,2015,Oman,"$68,420,257,566",0.09%,0.07%,100.07%,"$68,375,615,036"
2015PAK,2015,Pakistan,"$270,556,131,701",0.37%,2.53%,102.53%,"$263,881,697,581"
2015PAN,2015,Panama,"$54,091,800,000",0.07%,0.14%,100.14%,"$54,017,530,186"
2015PER,2015,Peru,"$189,805,300,841",0.26%,3.40%,103.40%,"$183,567,508,130"
2015PHL,2015,Philippines,"$306,446,140,628",0.41%,0.67%,100.67%,"$304,393,939,405"
2015PLW,2015,Palau,"$280,457,700",0.00%,0.95%,100.95%,"$277,821,065"
2015PNG,2015,Papua New Guinea,"$21,723,531,173",0.03%,6.00%,106.00%,"$20,494,678,880"
2015POL,2015,Poland,"$477,811,911,394",0.64%,-0.87%,99.13%,"$482,025,420,312"
2015PRT,2015,Portugal,"$199,313,894,327",0.27%,0.49%,100.49%,"$198,346,087,159"
2015PRY,2015,Paraguay,"$36,211,372,702",0.05%,3.13%,103.13%,"$35,112,695,496"
2015QAT,2015,Qatar,"$161,739,955,577",0.22%,1.81%,101.81%,"$158,858,146,106"
2015ROU,2015,Romania,"$177,729,210,874",0.24%,-0.59%,99.41%,"$178,791,512,152"
2015RUS,2015,Russia,"$1,363,481,063,446",1.84%,15.53%,115.53%,"$1,180,151,542,613"
2015RWA,2015,Rwanda,"$8,539,048,447",0.01%,2.53%,102.53%,"$8,328,463,023"
2015SAU,2015,Saudi Arabia,"$654,269,902,880",0.88%,1.21%,101.21%,"$646,472,965,555"
2015SDN,2015,Sudan,"$64,458,521,787",0.09%,16.91%,116.91%,"$55,135,367,832"
2015SEN,2015,Senegal,"$17,774,766,636",0.02%,0.14%,100.14%,"$17,750,765,483"
2015SGP,2015,Singapore,"$308,004,146,057",0.42%,-0.52%,99.48%,"$309,622,288,385"
2015SLB,2015,Solomon Islands,"$1,307,061,543",0.00%,-0.57%,99.43%,"$1,314,613,594"
2015SLE,2015,Sierra Leone,"$4,218,723,875",0.01%,6.69%,106.69%,"$3,954,052,296"
2015SLV,2015,El Salvador,"$23,438,240,000",0.03%,-0.73%,99.27%,"$23,610,926,655"
2015SMR,2015,San Marino,"$1,419,394,771",0.00%,0.15%,100.15%,"$1,417,329,919"
2015SRB,2015,Serbia,"$39,655,958,842",0.05%,1.39%,101.39%,"$39,111,388,213"
2015SSD,2015,South Sultan,"$11,997,800,760",0.02%,52.77%,152.77%,"$7,853,694,415"
2015STP,2015,Sao Tome and Principe.,"$316,066,072",0.00%,5.25%,105.25%,"$300,299,818"
2015SUR,2015,Suriname,"$5,126,291,450",0.01%,6.89%,106.89%,"$4,795,681,772"
2015SVK,2015,Slovakia,"$88,467,555,243",0.12%,-0.33%,99.67%,"$88,756,207,985"
2015SVN,2015,Slovenia,"$43,090,173,394",0.06%,-0.53%,99.47%,"$43,317,831,246"
2015SWE,2015,Sweden,"$505,103,781,349",0.68%,-0.05%,99.95%,"$505,340,203,475"
2015SWZ,2015,Eswatini,"$4,062,660,889",0.01%,4.95%,104.95%,"$3,870,998,283"
2015SXM,2015,Netherlands Saint Martin,"$1,253,072,625",0.00%,0.33%,100.33%,"$1,248,950,748"
2015SYC,2015,Seychelles,"$1,377,495,054",0.00%,4.04%,104.04%,"$1,323,980,502"
2015TCD,2015,Chad,"$10,950,392,219",0.01%,4.38%,104.38%,"$10,491,179,984"
2015TGO,2015,Togo,"$4,180,866,177",0.01%,2.58%,102.58%,"$4,075,557,629"
2015THA,2015,Thailand,"$401,296,437,424",0.54%,-0.90%,99.10%,"$404,942,642,059"
2015TJK,2015,Tajikistan,"$8,271,454,300",0.01%,5.71%,105.71%,"$7,824,328,399"
2015TLS,2015,Timor Leste,"$3,092,624,800",0.00%,0.65%,100.65%,"$3,072,770,138"
2015TON,2015,Tonga,"$437,006,227",0.00%,-1.05%,98.95%,"$441,661,330"
2015TTO,2015,Trinidad and Tobago,"$24,959,858,249",0.03%,4.66%,104.66%,"$23,848,240,263"
2015TUN,2015,Tunisia,"$43,173,531,810",0.06%,4.44%,104.44%,"$41,339,159,808"
2015TUR,2015,Turkey,"$864,316,670,330",1.17%,7.67%,107.67%,"$802,739,683,996"
2015TZA,2015,Tanzania,"$47,378,599,025",0.06%,5.59%,105.59%,"$44,871,124,517"
2015UGA,2015,Uganda,"$32,248,116,472",0.04%,5.41%,105.41%,"$30,593,032,149"
2015UKR,2015,Ukraine,"$91,030,959,454",0.12%,48.70%,148.70%,"$61,217,916,825"
2015URY,2015,Uruguay,"$53,274,304,222",0.07%,8.67%,108.67%,"$49,025,612,350"
2015USA,2015,the United States,"$18,238,300,569,000",24.62%,0.12%,100.12%,"$18,216,690,630,631"
2015VCT,2015,Saint Vincent and the Grenadines,"$755,400,000",0.00%,-1.73%,98.27%,"$768,726,739"
2015VNM,2015,Vietnam,"$193,241,108,709",0.26%,0.63%,100.63%,"$192,029,019,798"
2015VUT,2015,Vanuatu,"$730,870,581",0.00%,2.48%,102.48%,"$713,160,880"
2015WSM,2015,Samoa,"$788,307,330",0.00%,0.72%,100.72%,"$782,637,356"
2015ZAF,2015,South Africa,"$317,620,522,794",0.43%,4.54%,104.54%,"$303,824,920,027"
2015ZMB,2015,Zambia,"$21,251,216,798",0.03%,10.11%,110.11%,"$19,299,884,089"
2015ZWE,2015,Zimbabwe,"$19,963,120,600",0.03%,-2.43%,97.57%,"$20,460,509,116"
2016ABW,2016,Aruba,"$2,983,636,871",0.00%,-0.93%,99.07%,"$3,011,681,529"
2016AFG,2016,Afghanistan,"$18,017,749,073",0.02%,4.38%,104.38%,"$17,261,043,572"
2016AGO,2016,Angola,"$101,123,851,090",0.13%,30.70%,130.70%,"$77,373,739,560"
2016ALB,2016,Albania,"$11,861,200,797",0.02%,-0.37%,99.63%,"$11,904,929,652"
2016ARE,2016,United Arab Emirates,"$357,045,064,669",0.47%,1.62%,101.62%,"$351,361,828,937"
2016ARM,2016,Armenia,"$10,546,135,160",0.01%,-1.40%,98.60%,"$10,696,268,797"
2016ATG,2016,Antigua and Barbuda,"$1,436,585,185",0.00%,-0.49%,99.51%,"$1,443,650,958"
2016AUS,2016,Australia,"$1,208,846,993,739",1.61%,1.28%,101.28%,"$1,193,604,768,921"
2016AUT,2016,Austria,"$395,568,644,341",0.53%,0.89%,100.89%,"$392,072,954,215"
2016AZE,2016,Azerbaijan,"$37,867,518,957",0.05%,12.44%,112.44%,"$33,676,967,633"
2016BDI,2016,Burundi,"$2,959,641,046",0.00%,5.56%,105.56%,"$2,803,813,779"
2016BEL,2016,Belgium,"$475,739,588,764",0.63%,1.97%,101.97%,"$466,530,955,157"
2016BEN,2016,Benin,"$8,578,984,066",0.01%,-0.79%,99.21%,"$8,647,650,752"
2016BFA,2016,Burkina Faso,"$12,833,363,370",0.02%,0.44%,100.44%,"$12,777,011,454"
2016BGD,2016,Bangladesh,"$221,415,188,000",0.29%,5.51%,105.51%,"$209,845,312,698"
2016BGR,2016,Bulgaria,"$53,806,894,796",0.07%,-0.80%,99.20%,"$54,240,083,158"
2016BHR,2016,Bahrain,"$32,234,973,404",0.04%,2.79%,102.79%,"$31,361,006,909"
2016BHS,2016,Bahamas,"$11,928,500,000",0.02%,-0.35%,99.65%,"$11,969,961,184"
2016BIH,2016,Bosnia and Herzegovina,"$16,913,330,693",0.02%,-1.58%,98.42%,"$17,185,567,264"
2016BLR,2016,Belarus,"$47,722,657,820",0.06%,11.84%,111.84%,"$42,671,778,314"
2016BOL,2016,Bolivia,"$33,941,126,193",0.05%,3.62%,103.62%,"$32,754,365,338"
2016BRA,2016,Brazil,"$1,795,700,168,991",2.38%,8.74%,108.74%,"$1,651,383,403,265"
2016BRB,2016,Barbados,"$4,830,000,000",0.01%,1.28%,101.28%,"$4,768,866,558"
2016BRN,2016,Brunei,"$11,400,854,267",0.02%,-0.28%,99.72%,"$11,432,716,478"
2016BTN,2016,Bhutan,"$2,158,972,129",0.00%,3.22%,103.22%,"$2,091,624,196"
2016BWA,2016,Botswana,"$15,646,354,089",0.02%,2.81%,102.81%,"$15,217,974,511"
2016CAF,2016,Central Africa,"$1,825,018,144",0.00%,4.95%,104.95%,"$1,739,016,264"
2016CAN,2016,Canada,"$1,527,994,741,907",2.03%,1.43%,101.43%,"$1,506,470,895,169"
2016CHE,2016,Switzerland,"$695,600,652,899",0.92%,-0.43%,99.57%,"$698,637,059,955"
2016CHL,2016,Chile,"$250,440,149,690",0.33%,3.79%,103.79%,"$241,303,916,351"
2016CHN,2016,China,"$11,233,276,536,744",14.92%,2.00%,102.00%,"$11,013,016,015,771"
2016CIV,2016,C ô te d'Ivoire,"$35,296,977,343",0.05%,0.72%,100.72%,"$35,043,549,939"
2016CMR,2016,Cameroon,"$32,643,697,595",0.04%,0.86%,100.86%,"$32,364,797,109"
2016COD,2016,Congo (gold),"$37,134,799,974",0.05%,2.89%,102.89%,"$36,093,203,863"
2016COG,2016,Congo (Brazzaville),"$10,158,508,345",0.01%,3.19%,103.19%,"$9,844,416,164"
2016COL,2016,Columbia,"$282,825,009,887",0.38%,7.51%,107.51%,"$263,058,056,185"
2016CPV,2016,Cape Verde,"$1,662,998,677",0.00%,-1.41%,98.59%,"$1,686,744,949"
2016CRI,2016,Costa Rica,"$58,847,016,044",0.08%,-0.02%,99.98%,"$58,857,303,624"
2016CUW,2016,Cura ç Ao,"$3,122,287,932",0.00%,-0.05%,99.95%,"$3,123,762,597"
2016CYM,2016,Cayman Islands,"$4,909,498,979",0.01%,-0.63%,99.37%,"$4,940,389,175"
2016CYP,2016,Cyprus,"$20,953,442,550",0.03%,-1.43%,98.57%,"$21,257,243,996"
2016CZE,2016,Czech,"$196,272,068,576",0.26%,0.68%,100.68%,"$194,939,647,878"
2016DEU,2016,Germany,"$3,467,498,002,104",4.61%,0.49%,100.49%,"$3,450,530,067,940"
2016DJI,2016,Djibouti,"$1,764,268,468",0.00%,2.74%,102.74%,"$1,717,243,271"
2016DMA,2016,Dominica,"$75,704,720,189",0.10%,0.14%,100.14%,"$75,597,510,652"
2016DMA,2016,Dominica,"$576,229,629",0.00%,0.14%,100.14%,"$575,413,599"
2016DNK,2016,Denmark,"$313,115,929,314",0.42%,0.25%,100.25%,"$312,335,091,585"
2016DZA,2016,Algeria,"$160,034,162,957",0.21%,6.40%,106.40%,"$150,411,306,611"
2016ECU,2016,Ecuador,"$99,937,696,000",0.13%,1.73%,101.73%,"$98,239,851,393"
2016EGY,2016,Egypt,"$332,441,717,791",0.44%,13.81%,113.81%,"$292,093,123,890"
2016ESP,2016,Spain,"$1,232,076,017,361",1.64%,-0.20%,99.80%,"$1,234,577,246,170"
2016EST,2016,Estonia,"$24,259,552,888",0.03%,0.15%,100.15%,"$24,223,536,146"
2016ETH,2016,Ethiopia,"$74,296,618,481",0.10%,6.63%,106.63%,"$69,678,251,069"
2016FIN,2016,Finland,"$240,607,907,010",0.32%,0.36%,100.36%,"$239,752,746,124"
2016FJI,2016,Fiji Islands,"$4,930,204,229",0.01%,3.86%,103.86%,"$4,746,823,730"
2016FRA,2016,France,"$2,471,285,607,081",3.28%,0.18%,100.18%,"$2,466,763,170,252"
2016FSM,2016,Micronesia (Federated States of),"$332,265,200",0.00%,-1.04%,98.96%,"$335,748,483"
2016GAB,2016,Gabon,"$14,023,890,620",0.02%,2.11%,102.11%,"$13,734,544,003"
2016GBR,2016,United Kingdom,"$2,693,247,611,031",3.58%,1.01%,101.01%,"$2,666,359,577,954"
2016GEO,2016,Georgia,"$15,141,758,566",0.02%,2.13%,102.13%,"$14,825,250,274"
2016GHA,2016,Garner,"$54,499,451,834",0.07%,17.45%,117.45%,"$46,400,426,827"
2016GIN,2016,Guinea,"$8,595,955,581",0.01%,8.17%,108.17%,"$7,946,553,902"
2016GMB,2016,Gambia,"$1,484,579,844",0.00%,7.23%,107.23%,"$1,384,497,397"
2016GNB,2016,Guinea Bissau,"$1,179,004,941",0.00%,1.50%,101.50%,"$1,161,545,512"
2016GNQ,2016,Equatorial Guinea,"$11,240,808,846",0.01%,1.41%,101.41%,"$11,084,305,201"
2016GRC,2016,Greece,"$192,732,474,229",0.26%,-0.83%,99.17%,"$194,337,025,612"
2016GRD,2016,Grenada,"$1,061,631,222",0.00%,1.65%,101.65%,"$1,044,394,638"
2016GTM,2016,Guatemala,"$66,053,725,049",0.09%,4.45%,104.45%,"$63,240,507,742"
2016GUY,2016,Guyana,"$3,504,024,213",0.00%,0.84%,100.84%,"$3,474,973,157"
2016HKG,2016,Hong Kong,"$320,837,638,328",0.43%,2.41%,102.41%,"$313,289,530,367"
2016HND,2016,Honduras,"$21,717,622,071",0.03%,2.72%,102.72%,"$21,141,595,572"
2016HRV,2016,Croatia,"$51,601,147,665",0.07%,-1.13%,98.88%,"$52,188,265,654"
2016HTI,2016,Haiti,"$7,970,649,131",0.01%,11.50%,111.50%,"$7,148,377,847"
2016HUN,2016,Hungary,"$128,470,534,117",0.17%,0.39%,100.39%,"$127,965,366,128"
2016IDN,2016,Indonesia,"$931,877,364,177",1.24%,3.53%,103.53%,"$900,140,175,451"
2016IND,2016,India,"$2,294,797,980,509",3.05%,4.95%,104.95%,"$2,186,600,268,701"
2016IRL,2016,Ireland,"$299,556,360,839",0.40%,0.01%,100.01%,"$299,531,480,742"
2016IRN,2016,Iran,"$417,983,583,565",0.56%,7.25%,107.25%,"$389,744,906,746"
2016IRQ,2016,Iraq,"$166,602,488,747",0.22%,0.56%,100.56%,"$165,680,441,639"
2016ISL,2016,Iceland,"$20,793,168,030",0.03%,1.70%,101.70%,"$20,446,210,634"
2016ISR,2016,Israel,"$318,616,506,157",0.42%,-0.55%,99.45%,"$320,365,815,464"
2016ITA,2016,Italy,"$1,875,797,463,583",2.49%,-0.09%,99.91%,"$1,877,562,685,253"
2016JAM,2016,Jamaica,"$14,077,109,396",0.02%,2.35%,102.35%,"$13,753,755,580"
2016JOR,2016,Jordan,"$39,892,551,126",0.05%,-0.78%,99.22%,"$40,205,523,166"
2016JPN,2016,Japan,"$4,922,538,141,454",6.54%,-0.13%,99.87%,"$4,928,810,488,705"
2016KAZ,2016,Kazakhstan,"$137,278,320,084",0.18%,14.55%,114.55%,"$119,845,556,870"
2016KEN,2016,Kenya,"$69,188,755,364",0.09%,6.30%,106.30%,"$65,089,939,350"
2016KGZ,2016,Kyrgyzstan,"$6,813,092,065",0.01%,0.39%,100.39%,"$6,786,702,766"
2016KHM,2016,Cambodia,"$20,016,747,754",0.03%,3.02%,103.02%,"$19,430,125,123"
2016KIR,2016,Kiribati,"$178,328,873",0.00%,1.92%,101.92%,"$174,974,076"
2016KNA,2016,Saint Kitts and Nevis,"$971,170,370",0.00%,-0.69%,99.31%,"$977,888,829"
2016KOR,2016,South Korea,"$1,500,111,596,236",1.99%,0.97%,100.97%,"$1,485,675,499,267"
2016KWT,2016,Kuwait,"$109,419,728,566",0.15%,3.20%,103.20%,"$106,028,514,913"
2016LAO,2016,Laos,"$15,805,692,545",0.02%,1.60%,101.60%,"$15,557,256,801"
2016LBN,2016,Lebanon,"$51,205,122,503",0.07%,-0.78%,99.22%,"$51,609,409,781"
2016LBR,2016,Liberia,"$3,277,826,000",0.00%,8.83%,108.83%,"$3,011,759,662"
2016LCA,2016,Saint Lucia,"$1,865,375,222",0.00%,-3.08%,96.92%,"$1,924,619,190"
2016LKA,2016,Sri Lanka,"$82,401,038,709",0.11%,3.96%,103.96%,"$79,263,100,948"
2016LSO,2016,Lesotho,"$2,114,323,793",0.00%,6.60%,106.60%,"$1,983,483,225"
2016LTU,2016,Lithuania,"$43,018,087,237",0.06%,0.91%,100.91%,"$42,632,043,394"
2016LUX,2016,Luxembourg,"$60,691,483,443",0.08%,0.29%,100.29%,"$60,515,484,243"
2016LVA,2016,Latvia,"$28,052,325,862",0.04%,0.14%,100.14%,"$28,012,930,344"
2016MAC,2016,Macao,"$45,085,114,632",0.06%,2.37%,102.37%,"$44,041,783,500"
2016MDA,2016,Moldova,"$8,071,480,540",0.01%,6.36%,106.36%,"$7,588,880,200"
2016MDG,2016,Madagascar,"$11,848,615,018",0.02%,6.04%,106.04%,"$11,174,169,145"
2016MDV,2016,Maldives,"$4,379,115,587",0.01%,0.50%,100.50%,"$4,357,220,146"
2016MEX,2016,Mexico,"$1,078,490,651,625",1.43%,2.82%,102.82%,"$1,048,893,929,315"
2016MKD,2016,Macedonia,"$10,680,463,278",0.01%,-0.24%,99.76%,"$10,706,081,946"
2016MLI,2016,Mali,"$14,026,048,690",0.02%,-1.80%,98.20%,"$14,283,093,972"
2016MLT,2016,Malta,"$11,721,521,912",0.02%,0.64%,100.64%,"$11,646,668,451"
2016MMR,2016,Myanmar,"$61,449,392,056",0.08%,6.93%,106.93%,"$57,467,564,904"
2016MNE,2016,Montenegro,"$4,377,033,429",0.01%,-0.27%,99.73%,"$4,388,944,367"
2016MNG,2016,Mongolia,"$11,186,734,674",0.01%,0.74%,100.74%,"$11,104,307,320"
2016MOZ,2016,Mozambique,"$11,936,999,283",0.02%,17.42%,117.42%,"$10,166,239,445"
2016MRT,2016,Mauritania,"$4,679,346,590",0.01%,1.49%,101.49%,"$4,610,829,354"
2016MUS,2016,Mauritius,"$12,232,469,391",0.02%,0.98%,100.98%,"$12,114,033,498"
2016MWI,2016,Malawi,"$5,433,040,159",0.01%,21.71%,121.71%,"$4,463,881,741"
2016MYS,2016,Malaysia,"$301,255,380,276",0.40%,2.09%,102.09%,"$295,086,402,519"
2016NAM,2016,Namibia,"$10,721,994,676",0.01%,6.73%,106.73%,"$10,046,038,690"
2016NER,2016,Niger,"$7,528,285,443",0.01%,1.65%,101.65%,"$7,405,801,687"
2016NGA,2016,Nigeria,"$404,650,006,428",0.54%,15.68%,115.68%,"$349,815,271,348"
2016NIC,2016,Nicaragua,"$13,286,083,644",0.02%,3.52%,103.52%,"$12,833,922,335"
2016NLD,2016,Netherlands,"$783,528,181,704",1.04%,0.32%,100.32%,"$781,054,841,370"
2016NOR,2016,Norway,"$368,827,142,857",0.49%,3.55%,103.55%,"$356,182,658,481"
2016NPL,2016,Nepal,"$24,524,098,184",0.03%,8.79%,108.79%,"$22,542,532,210"
2016NZL,2016,New Zealand,"$188,943,457,301",0.25%,0.65%,100.65%,"$187,730,268,680"
2016OMN,2016,Oman,"$65,441,278,668",0.09%,1.11%,101.11%,"$64,723,361,922"
2016PAK,2016,Pakistan,"$278,654,637,737",0.37%,3.77%,103.77%,"$268,543,649,332"
2016PAN,2016,Panama,"$57,907,700,000",0.08%,0.74%,100.74%,"$57,482,482,518"
2016PER,2016,Peru,"$191,895,943,823",0.25%,3.56%,103.56%,"$185,304,341,096"
2016PHL,2016,Philippines,"$318,626,761,492",0.42%,1.25%,101.25%,"$314,681,602,021"
2016PLW,2016,Palau,"$295,065,400",0.00%,-1.04%,98.96%,"$298,173,276"
2016PNG,2016,Papua New Guinea,"$20,759,069,103",0.03%,6.67%,106.67%,"$19,460,338,861"
2016POL,2016,Poland,"$472,630,364,208",0.63%,-0.66%,99.34%,"$475,793,282,513"
2016PRT,2016,Portugal,"$206,286,022,781",0.27%,0.61%,100.61%,"$205,040,612,101"
2016PRY,2016,Paraguay,"$36,089,550,659",0.05%,4.09%,104.09%,"$34,672,545,175"
2016QAT,2016,Qatar,"$151,732,181,857",0.20%,2.68%,102.68%,"$147,776,800,285"
2016ROU,2016,Romania,"$188,128,818,486",0.25%,-1.54%,98.46%,"$191,080,625,624"
2016RUS,2016,Russia,"$1,276,786,979,221",1.70%,7.04%,107.04%,"$1,192,785,672,871"
2016RWA,2016,Rwanda,"$8,690,485,823",0.01%,7.17%,107.17%,"$8,108,737,202"
2016SAU,2016,Saudi Arabia,"$644,935,541,440",0.86%,2.07%,102.07%,"$631,863,298,494"
2016SDN,2016,Sudan,"$95,558,220,776",0.13%,17.75%,117.75%,"$81,153,303,426"
2016SEN,2016,Senegal,"$19,040,312,815",0.03%,0.84%,100.84%,"$18,882,214,873"
2016SGP,2016,Singapore,"$318,763,807,455",0.42%,-0.53%,99.47%,"$320,469,566,780"
2016SLB,2016,Solomon Islands,"$1,378,551,118",0.00%,0.51%,100.51%,"$1,371,522,264"
2016SLE,2016,Sierra Leone,"$3,674,794,530",0.00%,10.88%,110.88%,"$3,314,110,419"
2016SLV,2016,El Salvador,"$24,191,430,000",0.03%,0.60%,100.60%,"$24,046,179,274"
2016SMR,2016,San Marino,"$1,468,377,272",0.00%,0.57%,100.57%,"$1,459,997,644"
2016SRB,2016,Serbia,"$40,692,643,373",0.05%,1.12%,101.12%,"$40,241,012,862"
2016SSD,2016,South Sultan,"$3,070,885,014",0.00%,380.00%,480.00%,"$639,768,264"
2016STP,2016,Sao Tome and Principe.,"$345,495,614",0.00%,5.43%,105.43%,"$327,693,000"
2016SUR,2016,Suriname,"$3,317,438,910",0.00%,55.41%,155.41%,"$2,134,603,910"
2016SVK,2016,Slovakia,"$89,655,253,976",0.12%,-0.52%,99.48%,"$90,123,907,484"
2016SVN,2016,Slovenia,"$44,736,333,522",0.06%,-0.05%,99.95%,"$44,760,951,841"
2016SWE,2016,Sweden,"$515,654,671,469",0.68%,0.98%,100.98%,"$510,628,710,119"
2016SWZ,2016,Eswatini,"$3,816,018,484",0.01%,7.85%,107.85%,"$3,538,354,120"
2016SXM,2016,Netherlands Saint Martin,"$1,263,687,150",0.00%,0.11%,100.11%,"$1,262,277,405"
2016SYC,2016,Seychelles,"$1,426,651,768",0.00%,-1.02%,98.98%,"$1,441,287,785"
2016TCD,2016,Chad,"$10,097,778,353",0.01%,-0.79%,99.21%,"$10,178,436,408"
2016TGO,2016,Togo,"$4,486,979,198",0.01%,1.29%,101.29%,"$4,430,042,230"
2016THA,2016,Thailand,"$413,366,150,655",0.55%,0.19%,100.19%,"$412,589,864,047"
2016TJK,2016,Tajikistan,"$6,992,393,787",0.01%,6.00%,106.00%,"$6,596,312,851"
2016TLS,2016,Timor Leste,"$2,503,532,100",0.00%,-1.47%,98.53%,"$2,540,879,029"
2016TON,2016,Tonga,"$420,540,178",0.00%,2.58%,102.58%,"$409,970,502"
2016TTO,2016,Trinidad and Tobago,"$22,386,264,807",0.03%,3.07%,103.07%,"$21,719,336,225"
2016TUN,2016,Tunisia,"$41,801,284,916",0.06%,3.63%,103.63%,"$40,337,283,791"
2016TUR,2016,Turkey,"$869,692,960,365",1.16%,7.78%,107.78%,"$806,951,405,999"
2016TZA,2016,Tanzania,"$49,774,021,003",0.07%,5.17%,105.17%,"$47,325,059,762"
2016UGA,2016,Uganda,"$29,078,589,751",0.04%,5.45%,105.45%,"$27,576,822,516"
2016UKR,2016,Ukraine,"$93,355,993,628",0.12%,13.91%,113.91%,"$81,953,974,639"
2016URY,2016,Uruguay,"$57,236,652,490",0.08%,9.64%,109.64%,"$52,204,449,728"
2016USA,2016,the United States,"$18,745,075,687,000",24.90%,1.26%,101.26%,"$18,511,537,241,983"
2016VCT,2016,Saint Vincent and the Grenadines,"$774,429,629",0.00%,-0.15%,99.85%,"$775,590,235"
2016VNM,2016,Vietnam,"$205,276,172,134",0.27%,2.67%,102.67%,"$199,941,243,562"
2016VUT,2016,Vanuatu,"$780,889,605",0.00%,0.84%,100.84%,"$774,368,884"
2016WSM,2016,Samoa,"$799,376,439",0.00%,1.30%,101.30%,"$789,081,150"
2016ZAF,2016,South Africa,"$296,357,282,715",0.39%,6.57%,106.57%,"$278,083,325,043"
2016ZMB,2016,Zambia,"$20,958,412,538",0.03%,17.87%,117.87%,"$17,780,996,464"
2016ZWE,2016,Zimbabwe,"$20,548,678,100",0.03%,-1.54%,98.46%,"$20,870,855,146"
2017ABW,2017,Aruba,"$3,092,430,167",0.00%,-1.03%,98.97%,"$3,124,559,443"
2017AFG,2017,Afghanistan,"$18,869,945,678",0.02%,4.98%,104.98%,"$17,975,493,822"
2017AGO,2017,Angola,"$122,123,822,333",0.15%,29.84%,129.84%,"$94,054,566,303"
2017ALB,2017,Albania,"$13,019,693,450",0.02%,2.06%,102.06%,"$12,756,826,480"
2017ARE,2017,United Arab Emirates,"$385,605,506,848",0.48%,1.97%,101.97%,"$378,167,609,575"
2017ARM,2017,Armenia,"$11,527,458,565",0.01%,0.97%,100.97%,"$11,416,766,928"
2017ATG,2017,Antigua and Barbuda,"$1,467,977,777",0.00%,2.43%,102.43%,"$1,433,117,371"
2017AUS,2017,Australia,"$1,329,188,475,752",1.66%,1.95%,101.95%,"$1,303,782,354,679"
2017AUT,2017,Austria,"$416,207,272,209",0.52%,2.08%,102.08%,"$407,721,490,751"
2017AZE,2017,Azerbaijan,"$40,865,558,912",0.05%,12.94%,112.94%,"$36,184,731,557"
2017BDI,2017,Burundi,"$3,172,292,379",0.00%,16.05%,116.05%,"$2,733,496,835"
2017BEL,2017,Belgium,"$501,522,868,356",0.63%,2.13%,102.13%,"$491,082,595,478"
2017BEN,2017,Benin,"$9,269,594,834",0.01%,1.77%,101.77%,"$9,108,429,152"
2017BFA,2017,Burkina Faso,"$14,106,956,830",0.02%,1.48%,101.48%,"$13,900,807,990"
2017BGD,2017,Bangladesh,"$249,710,922,462",0.31%,5.70%,105.70%,"$236,240,332,939"
2017BGR,2017,Bulgaria,"$58,971,520,599",0.07%,2.06%,102.06%,"$57,780,323,646"
2017BHR,2017,Bahrain,"$35,473,776,595",0.04%,1.39%,101.39%,"$34,988,583,503"
2017BHS,2017,Bahamas,"$12,490,700,000",0.02%,1.52%,101.52%,"$12,303,901,308"
2017BIH,2017,Bosnia and Herzegovina,"$18,080,118,128",0.02%,0.81%,100.81%,"$17,934,822,157"
2017BLR,2017,Belarus,"$54,726,595,249",0.07%,6.03%,106.03%,"$51,613,361,295"
2017BOL,2017,Bolivia,"$37,508,642,170",0.05%,2.82%,102.82%,"$36,478,930,229"
2017BRA,2017,Brazil,"$2,063,507,864,886",2.57%,3.45%,103.45%,"$1,994,760,954,939"
2017BRB,2017,Barbados,"$4,978,000,000",0.01%,4.66%,104.66%,"$4,756,345,517"
2017BRN,2017,Brunei,"$12,128,104,859",0.02%,-1.26%,98.74%,"$12,282,931,909"
2017BTN,2017,Bhutan,"$2,450,364,928",0.00%,4.96%,104.96%,"$2,334,679,600"
2017BWA,2017,Botswana,"$17,405,588,070",0.02%,3.31%,103.31%,"$16,848,202,236"
2017CAF,2017,Central Africa,"$2,072,349,974",0.00%,4.18%,104.18%,"$1,989,187,546"
2017CAN,2017,Canada,"$1,649,265,644,244",2.06%,1.60%,101.60%,"$1,623,342,741,643"
2017CHE,2017,Switzerland,"$704,478,516,963",0.88%,0.53%,100.53%,"$700,738,062,396"
2017CHL,2017,Chile,"$277,034,675,515",0.35%,2.18%,102.18%,"$271,116,955,651"
2017CHN,2017,China,"$12,310,409,370,894",15.36%,1.59%,101.59%,"$12,117,363,293,887"
2017CIV,2017,C ô te d'Ivoire,"$38,053,606,750",0.05%,0.69%,100.69%,"$37,794,382,239"
2017CMR,2017,Cameroon,"$35,009,262,788",0.04%,0.64%,100.64%,"$34,785,704,277"
2017COG,2017,Congo (Brazzaville),"$11,109,029,840",0.01%,0.45%,100.45%,"$11,059,256,129"
2017COL,2017,Columbia,"$311,883,730,690",0.39%,4.31%,104.31%,"$298,990,824,658"
2017CPV,2017,Cape Verde,"$1,769,787,215",0.00%,0.78%,100.78%,"$1,756,012,783"
2017CRI,2017,Costa Rica,"$60,516,043,590",0.08%,1.63%,101.63%,"$59,547,850,955"
2017CUW,2017,Cura ç Ao,"$3,116,610,111",0.00%,1.59%,101.59%,"$3,067,964,828"
2017CYP,2017,Cyprus,"$22,729,184,365",0.03%,0.53%,100.53%,"$22,608,957,504"
2017CZE,2017,Czech,"$218,628,940,951",0.27%,2.45%,102.45%,"$213,399,513,352"
2017DEU,2017,Germany,"$3,673,506,280,844",4.58%,1.51%,101.51%,"$3,618,879,420,553"
2017DJI,2017,Djibouti,"$1,844,674,434",0.00%,0.57%,100.57%,"$1,834,253,816"
2017DMA,2017,Dominica,"$79,997,975,621",0.10%,0.30%,100.30%,"$79,761,679,342"
2017DMA,2017,Dominica,"$519,837,037",0.00%,0.30%,100.30%,"$518,301,554"
2017DNK,2017,Denmark,"$332,121,063,806",0.41%,1.15%,101.15%,"$328,354,404,797"
2017DZA,2017,Algeria,"$170,097,230,857",0.21%,5.59%,105.59%,"$161,090,475,644"
2017ECU,2017,Ecuador,"$104,295,862,000",0.13%,0.42%,100.42%,"$103,862,407,211"
2017EGY,2017,Egypt,"$235,733,695,652",0.29%,29.51%,129.51%,"$182,024,453,101"
2017ESP,2017,Spain,"$1,309,297,246,509",1.63%,1.96%,101.96%,"$1,284,177,749,465"
2017EST,2017,Estonia,"$26,885,077,004",0.03%,3.42%,103.42%,"$25,996,708,262"
2017ETH,2017,Ethiopia,"$81,770,791,970",0.10%,10.69%,110.69%,"$73,875,619,532"
2017FIN,2017,Finland,"$255,016,517,537",0.32%,0.75%,100.75%,"$253,108,044,794"
2017FJI,2017,Fiji Islands,"$5,353,404,422",0.01%,3.35%,103.35%,"$5,179,999,868"
2017FRA,2017,France,"$2,588,740,901,639",3.23%,1.03%,101.03%,"$2,562,290,815,520"
2017FSM,2017,Micronesia (Federated States of),"$366,666,800",0.00%,0.69%,100.69%,"$364,157,652"
2017GAB,2017,Gabon,"$14,929,488,770",0.02%,2.65%,102.65%,"$14,543,798,033"
2017GBR,2017,United Kingdom,"$2,662,484,018,735",3.32%,2.56%,102.56%,"$2,596,082,566,930"
2017GEO,2017,Georgia,"$16,242,916,915",0.02%,6.04%,106.04%,"$15,318,402,713"
2017GHA,2017,Garner,"$58,845,211,998",0.07%,12.37%,112.37%,"$52,366,473,036"
2017GIN,2017,Guinea,"$10,324,668,266",0.01%,8.91%,108.91%,"$9,479,606,300"
2017GMB,2017,Gambia,"$1,504,909,753",0.00%,8.03%,108.03%,"$1,392,993,974"
2017GNB,2017,Guinea Bissau,"$1,350,177,127",0.00%,1.69%,101.69%,"$1,327,723,796"
2017GNQ,2017,Equatorial Guinea,"$12,200,913,887",0.02%,0.75%,100.75%,"$12,110,617,220"
2017GRC,2017,Greece,"$199,630,819,054",0.25%,1.12%,101.12%,"$197,417,269,002"
2017GRD,2017,Grenada,"$1,125,685,185",0.00%,0.91%,100.91%,"$1,115,550,871"
2017GTM,2017,Guatemala,"$71,654,134,378",0.09%,4.42%,104.42%,"$68,618,101,400"
2017GUY,2017,Guyana,"$3,555,205,811",0.00%,1.90%,101.90%,"$3,488,756,986"
2017HKG,2017,Hong Kong,"$341,244,161,576",0.43%,1.49%,101.49%,"$336,221,442,118"
2017HND,2017,Honduras,"$23,136,232,229",0.03%,3.93%,103.93%,"$22,260,426,717"
2017HRV,2017,Croatia,"$55,481,644,098",0.07%,1.13%,101.13%,"$54,862,047,439"
2017HTI,2017,Haiti,"$8,409,497,402",0.01%,10.68%,110.68%,"$7,598,021,920"
2017HUN,2017,Hungary,"$142,961,605,733",0.18%,2.35%,102.35%,"$139,681,543,918"
2017IDN,2017,Indonesia,"$1,015,618,742,565",1.27%,3.81%,103.81%,"$978,355,169,742"
2017IND,2017,India,"$2,651,472,946,375",3.31%,3.33%,103.33%,"$2,566,069,697,905"
2017IRL,2017,Ireland,"$338,503,196,943",0.42%,0.34%,100.34%,"$337,354,398,743"
2017IRN,2017,Iran,"$445,345,256,459",0.56%,8.04%,108.04%,"$412,185,263,701"
2017IRQ,2017,Iraq,"$190,643,898,226",0.24%,0.18%,100.18%,"$190,293,645,837"
2017ISL,2017,Iceland,"$24,728,285,177",0.03%,1.76%,101.76%,"$24,300,495,466"
2017ISR,2017,Israel,"$352,667,925,811",0.44%,0.24%,100.24%,"$351,806,165,628"
2017ITA,2017,Italy,"$1,956,950,469,673",2.44%,1.23%,101.23%,"$1,933,238,656,375"
2017JAM,2017,Jamaica,"$14,808,989,993",0.02%,4.38%,104.38%,"$14,187,791,904"
2017JOR,2017,Jordan,"$41,408,960,845",0.05%,3.32%,103.32%,"$40,076,848,685"
2017JPN,2017,Japan,"$4,866,864,409,657",6.07%,0.48%,100.48%,"$4,843,412,615,653"
2017KAZ,2017,Kazakhstan,"$166,805,800,595",0.21%,7.44%,107.44%,"$155,254,834,145"
2017KEN,2017,Kenya,"$78,965,004,656",0.10%,8.01%,108.01%,"$73,111,870,941"
2017KGZ,2017,Kyrgyzstan,"$7,702,934,800",0.01%,3.18%,103.18%,"$7,465,870,284"
2017KHM,2017,Cambodia,"$22,177,200,511",0.03%,2.91%,102.91%,"$21,549,540,916"
2017KIR,2017,Kiribati,"$187,276,210",0.00%,0.36%,100.36%,"$186,612,763"
2017KNA,2017,Saint Kitts and Nevis,"$996,944,444",0.00%,0.69%,100.69%,"$990,064,322"
2017KOR,2017,South Korea,"$1,623,901,496,835",2.03%,1.94%,101.94%,"$1,592,929,650,987"
2017KWT,2017,Kuwait,"$120,707,435,412",0.15%,2.17%,102.17%,"$118,141,597,234"
2017LAO,2017,Laos,"$16,853,087,485",0.02%,0.83%,100.83%,"$16,715,107,845"
2017LBN,2017,Lebanon,"$53,140,638,269",0.07%,4.32%,104.32%,"$50,939,368,746"
2017LBR,2017,Liberia,"$3,285,455,000",0.00%,12.42%,112.42%,"$2,922,492,211"
2017LCA,2017,Saint Lucia,"$1,999,090,407",0.00%,0.10%,100.10%,"$1,997,008,285"
2017LKA,2017,Sri Lanka,"$87,421,762,728",0.11%,7.70%,107.70%,"$81,168,434,762"
2017LSO,2017,Lesotho,"$2,306,843,528",0.00%,4.45%,104.45%,"$2,208,611,144"
2017LTU,2017,Lithuania,"$47,640,770,634",0.06%,3.72%,103.72%,"$45,930,817,456"
2017LUX,2017,Luxembourg,"$64,023,412,339",0.08%,1.73%,101.73%,"$62,934,148,357"
2017LVA,2017,Latvia,"$30,383,528,686",0.04%,2.93%,102.93%,"$29,518,528,609"
2017MAC,2017,Macao,"$50,456,765,512",0.06%,1.23%,101.23%,"$49,844,611,851"
2017MDA,2017,Moldova,"$9,669,759,987",0.01%,6.57%,106.57%,"$9,073,603,378"
2017MDG,2017,Madagascar,"$13,176,313,233",0.02%,8.61%,108.61%,"$12,131,874,040"
2017MDV,2017,Maldives,"$4,754,352,303",0.01%,2.82%,102.82%,"$4,624,070,352"
2017MEX,2017,Mexico,"$1,158,913,035,796",1.45%,6.04%,106.04%,"$1,092,886,750,107"
2017MKD,2017,Macedonia,"$11,310,265,324",0.01%,1.35%,101.35%,"$11,159,432,328"
2017MLI,2017,Mali,"$15,365,714,371",0.02%,1.76%,101.76%,"$15,099,976,316"
2017MLT,2017,Malta,"$13,221,298,307",0.02%,1.36%,101.36%,"$13,043,340,901"
2017MMR,2017,Myanmar,"$67,144,725,830",0.08%,4.57%,104.57%,"$64,208,756,948"
2017MNE,2017,Montenegro,"$4,856,632,399",0.01%,2.38%,102.38%,"$4,743,720,653"
2017MNG,2017,Mongolia,"$11,425,755,279",0.01%,4.31%,104.31%,"$10,953,572,767"
2017MOZ,2017,Mozambique,"$13,219,084,261",0.02%,15.11%,115.11%,"$11,483,551,332"
2017MRT,2017,Mauritania,"$4,905,893,854",0.01%,2.28%,102.28%,"$4,796,765,774"
2017MUS,2017,Mauritius,"$13,259,348,213",0.02%,3.67%,103.67%,"$12,790,327,291"
2017MWI,2017,Malawi,"$6,303,292,264",0.01%,11.54%,111.54%,"$5,650,977,653"
2017MYS,2017,Malaysia,"$319,112,136,545",0.40%,3.87%,103.87%,"$307,219,068,411"
2017NAM,2017,Namibia,"$12,895,153,157",0.02%,6.15%,106.15%,"$12,148,528,891"
2017NER,2017,Niger,"$8,119,710,126",0.01%,2.80%,102.80%,"$7,898,829,379"
2017NGA,2017,Nigeria,"$375,746,469,538",0.47%,16.52%,116.52%,"$322,464,001,353"
2017NIC,2017,Nicaragua,"$13,785,909,906",0.02%,3.85%,103.85%,"$13,274,743,134"
2017NLD,2017,Netherlands,"$831,809,944,960",1.04%,1.38%,101.38%,"$820,475,415,832"
2017NOR,2017,Norway,"$398,393,955,268",0.50%,1.88%,101.88%,"$391,061,165,032"
2017NPL,2017,Nepal,"$28,971,589,213",0.04%,3.63%,103.63%,"$27,957,542,285"
2017NZL,2017,New Zealand,"$206,950,600,690",0.26%,1.85%,101.85%,"$203,189,985,482"
2017OMN,2017,Oman,"$70,585,606,843",0.09%,1.60%,101.60%,"$69,475,964,116"
2017PAK,2017,Pakistan,"$304,567,253,219",0.38%,4.09%,104.09%,"$292,612,921,922"
2017PAN,2017,Panama,"$62,202,700,000",0.08%,0.88%,100.88%,"$61,662,789,300"
2017PER,2017,Peru,"$211,007,207,483",0.26%,2.99%,102.99%,"$204,871,509,701"
2017PHL,2017,Philippines,"$328,480,867,142",0.41%,2.85%,102.85%,"$319,368,679,187"
2017PLW,2017,Palau,"$286,106,800",0.00%,1.42%,101.42%,"$282,106,562"
2017PNG,2017,Papua New Guinea,"$22,742,613,553",0.03%,5.42%,105.42%,"$21,572,919,977"
2017POL,2017,Poland,"$526,508,877,305",0.66%,2.08%,102.08%,"$515,801,177,364"
2017PRT,2017,Portugal,"$220,811,110,492",0.28%,1.37%,101.37%,"$217,829,860,275"
2017PRY,2017,Paraguay,"$38,997,129,473",0.05%,3.60%,103.60%,"$37,641,116,744"
2017QAT,2017,Qatar,"$161,099,122,215",0.20%,0.39%,100.39%,"$160,465,477,879"
2017ROU,2017,Romania,"$211,695,422,578",0.26%,1.34%,101.34%,"$208,898,230,956"
2017RUS,2017,Russia,"$1,574,199,387,070",1.96%,3.68%,103.68%,"$1,518,276,270,170"
2017RWA,2017,Rwanda,"$9,253,098,954",0.01%,8.28%,108.28%,"$8,545,565,703"
2017SAU,2017,Saudi Arabia,"$688,586,244,293",0.86%,-0.84%,99.16%,"$694,406,723,815"
2017SDN,2017,Sudan,"$123,053,386,001",0.15%,32.35%,132.35%,"$92,974,593,231"
2017SEN,2017,Senegal,"$20,996,564,751",0.03%,1.32%,101.32%,"$20,723,398,620"
2017SGP,2017,Singapore,"$343,337,750,742",0.43%,0.58%,100.58%,"$341,370,567,651"
2017SLB,2017,Solomon Islands,"$1,483,758,906",0.00%,0.49%,100.49%,"$1,476,543,235"
2017SLE,2017,Sierra Leone,"$3,739,577,973",0.00%,18.22%,118.22%,"$3,163,241,421"
2017SLV,2017,El Salvador,"$24,979,200,000",0.03%,1.01%,101.01%,"$24,728,856,425"
2017SMR,2017,San Marino,"$1,528,630,707",0.00%,1.05%,101.05%,"$1,512,807,095"
2017SRB,2017,Serbia,"$44,179,055,279",0.06%,3.13%,103.13%,"$42,837,777,692"
2017STP,2017,Sao Tome and Principe.,"$375,614,126",0.00%,5.70%,105.70%,"$355,375,193"
2017SUR,2017,Suriname,"$3,591,623,596",0.00%,22.00%,122.00%,"$2,944,027,536"
2017SVK,2017,Slovakia,"$95,209,466,459",0.12%,1.31%,101.31%,"$93,976,545,046"
2017SVN,2017,Slovenia,"$48,466,592,281",0.06%,1.43%,101.43%,"$47,783,711,705"
2017SWE,2017,Sweden,"$541,018,749,769",0.68%,1.79%,101.79%,"$531,481,322,502"
2017SWZ,2017,Eswatini,"$4,402,972,999",0.01%,6.22%,106.22%,"$4,145,091,312"
2017SXM,2017,Netherlands Saint Martin,"$1,191,620,111",0.00%,2.19%,102.19%,"$1,166,059,959"
2017SYC,2017,Seychelles,"$1,524,486,800",0.00%,2.86%,102.86%,"$1,482,144,946"
2017TCD,2017,Chad,"$10,000,395,242",0.01%,-1.54%,98.46%,"$10,156,510,934"
2017TGO,2017,Togo,"$4,819,949,975",0.01%,-0.98%,99.02%,"$4,867,667,205"
2017THA,2017,Thailand,"$456,356,961,443",0.57%,0.67%,100.67%,"$453,339,389,880"
2017TLS,2017,Timor Leste,"$2,487,269,400",0.00%,0.52%,100.52%,"$2,474,329,235"
2017TON,2017,Tonga,"$460,379,144",0.00%,7.52%,107.52%,"$428,191,705"
2017TTO,2017,Trinidad and Tobago,"$22,385,426,653",0.03%,1.88%,101.88%,"$21,972,263,635"
2017TUN,2017,Tunisia,"$39,802,554,352",0.05%,5.31%,105.31%,"$37,796,020,903"
2017TUR,2017,Turkey,"$858,996,263,095",1.07%,11.14%,111.14%,"$772,865,704,729"
2017TZA,2017,Tanzania,"$53,320,625,958",0.07%,5.32%,105.32%,"$50,627,873,142"
2017UGA,2017,Uganda,"$30,744,473,839",0.04%,5.64%,105.64%,"$29,102,804,452"
2017UKR,2017,Ukraine,"$112,190,355,158",0.14%,14.44%,114.44%,"$98,035,651,399"
2017URY,2017,Uruguay,"$64,233,966,861",0.08%,6.22%,106.22%,"$60,473,658,063"
2017USA,2017,the United States,"$19,542,979,183,000",24.39%,2.13%,102.13%,"$19,135,374,653,209"
2017VCT,2017,Saint Vincent and the Grenadines,"$792,177,777",0.00%,2.15%,102.15%,"$775,479,103"
2017VNM,2017,Vietnam,"$223,779,865,815",0.28%,3.52%,103.52%,"$216,170,122,199"
2017VUT,2017,Vanuatu,"$880,043,553",0.00%,3.08%,103.08%,"$853,710,625"
2017WSM,2017,Samoa,"$832,153,612",0.00%,1.75%,101.75%,"$817,842,217"
2017ZAF,2017,South Africa,"$349,554,116,683",0.44%,5.18%,105.18%,"$332,325,540,965"
2017ZMB,2017,Zambia,"$25,873,601,260",0.03%,6.58%,106.58%,"$24,276,837,993"
2017ZWE,2017,Zimbabwe,"$19,015,327,919",0.02%,0.89%,100.89%,"$18,846,844,234"
2018ABW,2018,Aruba,"$3,202,188,606",0.00%,3.63%,103.63%,"$3,090,138,890"
2018AFG,2018,Afghanistan,"$18,353,881,129",0.02%,0.63%,100.63%,"$18,239,673,568"
2018AGO,2018,Angola,"$101,353,230,784",0.12%,19.63%,119.63%,"$84,723,238,626"
2018ALB,2018,Albania,"$15,147,020,535",0.02%,2.03%,102.03%,"$14,845,936,098"
2018ARE,2018,United Arab Emirates,"$422,215,043,594",0.50%,3.07%,103.07%,"$409,644,552,427"
2018ARM,2018,Armenia,"$12,457,941,907",0.01%,2.52%,102.52%,"$12,151,690,884"
2018ATG,2018,Antigua and Barbuda,"$1,605,351,851",0.00%,1.21%,101.21%,"$1,586,203,865"
2018AUS,2018,Australia,"$1,432,881,172,002",1.68%,1.91%,101.91%,"$1,406,006,745,790"
2018AUT,2018,Austria,"$454,872,626,780",0.53%,2.00%,102.00%,"$445,960,639,384"
2018AZE,2018,Azerbaijan,"$47,112,941,176",0.06%,2.27%,102.27%,"$46,067,869,939"
2018BDI,2018,Burundi,"$3,036,937,141",0.00%,-2.81%,97.19%,"$3,124,893,457"
2018BEL,2018,Belgium,"$543,410,654,016",0.64%,2.05%,102.05%,"$532,478,002,051"
2018BEN,2018,Benin,"$10,354,274,634",0.01%,0.64%,100.64%,"$10,287,937,639"
2018BFA,2018,Burkina Faso,"$16,059,910,870",0.02%,1.96%,101.96%,"$15,751,814,355"
2018BGD,2018,Bangladesh,"$274,038,973,437",0.32%,5.54%,105.54%,"$259,645,225,183"
2018BGR,2018,Bulgaria,"$66,230,155,099",0.08%,2.81%,102.81%,"$64,417,106,809"
2018BHR,2018,Bahrain,"$37,652,500,000",0.04%,2.09%,102.09%,"$36,882,515,027"
2018BHS,2018,Bahamas,"$13,022,100,000",0.02%,2.27%,102.27%,"$12,733,574,585"
2018BIH,2018,Bosnia and Herzegovina,"$20,183,510,561",0.02%,1.42%,101.42%,"$19,901,484,997"
2018BLR,2018,Belarus,"$60,031,262,269",0.07%,4.87%,104.87%,"$57,242,247,005"
2018BOL,2018,Bolivia,"$40,287,647,930",0.05%,2.27%,102.27%,"$39,392,623,929"
2018BRA,2018,Brazil,"$1,916,947,014,067",2.25%,3.66%,103.66%,"$1,849,177,429,780"
2018BRB,2018,Barbados,"$5,086,500,000",0.01%,3.67%,103.67%,"$4,906,253,372"
2018BRN,2018,Brunei,"$13,567,351,175",0.02%,1.03%,101.03%,"$13,429,689,898"
2018BTN,2018,Bhutan,"$2,446,866,404",0.00%,2.72%,102.72%,"$2,381,982,073"
2018BWA,2018,Botswana,"$18,663,265,549",0.02%,3.24%,103.24%,"$18,077,900,319"
2018CAF,2018,Central Africa,"$2,220,979,144",0.00%,1.61%,101.61%,"$2,185,741,561"
2018CAN,2018,Canada,"$1,721,853,332,869",2.02%,2.27%,102.27%,"$1,683,664,033,041"
2018CHE,2018,Switzerland,"$735,889,205,256",0.86%,0.94%,100.94%,"$729,062,732,338"
2018CHL,2018,Chile,"$297,571,693,064",0.35%,2.43%,102.43%,"$290,498,377,657"
2018CHN,2018,China,"$13,894,817,549,380",16.31%,2.07%,102.07%,"$13,612,389,009,010"
2018CIV,2018,C ô te d'Ivoire,"$43,007,047,821",0.05%,0.36%,100.36%,"$42,853,030,161"
2018CMR,2018,Cameroon,"$38,694,156,862",0.05%,1.07%,101.07%,"$38,282,884,048"
2018COG,2018,Congo (Brazzaville),"$13,642,740,884",0.02%,1.15%,101.15%,"$13,487,262,558"
2018COL,2018,Columbia,"$334,198,214,706",0.39%,3.24%,103.24%,"$323,709,276,230"
2018CPV,2018,Cape Verde,"$1,966,983,316",0.00%,1.26%,101.26%,"$1,942,565,354"
2018CRI,2018,Costa Rica,"$62,335,931,464",0.07%,2.22%,102.22%,"$60,981,463,271"
2018CUW,2018,Cura ç Ao,"$3,127,908,044",0.00%,2.58%,102.58%,"$3,049,128,100"
2018CYP,2018,Cyprus,"$25,309,818,138",0.03%,1.44%,101.44%,"$24,951,639,549"
2018CZE,2018,Czech,"$248,950,103,352",0.29%,2.15%,102.15%,"$243,711,536,191"
2018DEU,2018,Germany,"$3,961,831,911,429",4.65%,1.73%,101.73%,"$3,894,374,810,366"
2018DJI,2018,Djibouti,"$1,965,982,321",0.00%,0.15%,100.15%,"$1,963,077,538"
2018DMA,2018,Dominica,"$85,555,378,042",0.10%,0.99%,100.99%,"$84,717,361,427"
2018DMA,2018,Dominica,"$551,074,074",0.00%,0.99%,100.99%,"$545,676,293"
2018DNK,2018,Denmark,"$356,879,499,797",0.42%,0.81%,100.81%,"$353,999,327,753"
2018DZA,2018,Algeria,"$175,414,987,760",0.21%,4.27%,104.27%,"$168,231,518,402"
2018ECU,2018,Ecuador,"$107,562,008,000",0.13%,-0.22%,99.78%,"$107,803,599,365"
2018EGY,2018,Egypt,"$249,712,999,437",0.29%,14.40%,114.40%,"$218,277,797,172"
2018ESP,2018,Spain,"$1,421,459,363,680",1.67%,1.67%,101.67%,"$1,398,042,413,719"
2018EST,2018,Estonia,"$30,616,184,212",0.04%,3.44%,103.44%,"$29,599,063,631"
2018ETH,2018,Ethiopia,"$84,269,348,327",0.10%,13.83%,113.83%,"$74,028,903,682"
2018FIN,2018,Finland,"$275,849,574,507",0.32%,1.08%,101.08%,"$272,891,914,672"
2018FJI,2018,Fiji Islands,"$5,581,393,120",0.01%,4.08%,104.08%,"$5,362,523,010"
2018FRA,2018,France,"$2,786,502,569,559",3.27%,1.85%,101.85%,"$2,735,866,735,370"
2018FSM,2018,Micronesia (Federated States of),"$401,932,300",0.00%,1.79%,101.79%,"$394,848,699"
2018GAB,2018,Gabon,"$16,862,282,413",0.02%,4.75%,104.75%,"$16,097,787,764"
2018GBR,2018,United Kingdom,"$2,857,316,524,862",3.35%,2.29%,102.29%,"$2,793,271,286,213"
2018GEO,2018,Georgia,"$17,599,700,090",0.02%,2.62%,102.62%,"$17,151,155,405"
2018GHA,2018,Garner,"$65,315,955,122",0.08%,7.81%,107.81%,"$60,585,013,678"
2018GIN,2018,Guinea,"$11,857,030,336",0.01%,9.83%,109.83%,"$10,796,195,929"
2018GMB,2018,Gambia,"$1,670,670,668",0.00%,6.52%,106.52%,"$1,568,396,059"
2018GNB,2018,Guinea Bissau,"$1,504,630,120",0.00%,0.38%,100.38%,"$1,498,914,389"
2018GNQ,2018,Equatorial Guinea,"$13,097,012,189",0.02%,1.35%,101.35%,"$12,922,572,402"
2018GRC,2018,Greece,"$212,146,107,548",0.25%,0.63%,100.63%,"$210,827,127,891"
2018GRD,2018,Grenada,"$1,168,696,296",0.00%,0.80%,100.80%,"$1,159,373,745"
2018GTM,2018,Guatemala,"$73,208,583,758",0.09%,3.75%,103.75%,"$70,561,224,098"
2018GUY,2018,Guyana,"$4,787,635,821",0.01%,1.28%,101.28%,"$4,726,995,891"
2018HKG,2018,Hong Kong,"$361,691,522,612",0.42%,2.41%,102.41%,"$353,193,219,345"
2018HND,2018,Honduras,"$24,067,778,953",0.03%,4.35%,104.35%,"$23,065,060,202"
2018HRV,2018,Croatia,"$61,375,222,347",0.07%,1.50%,101.50%,"$60,468,124,883"
2018HTI,2018,Haiti,"$9,658,721,169",0.01%,12.48%,112.48%,"$8,586,948,788"
2018HUN,2018,Hungary,"$160,431,092,908",0.19%,2.85%,102.85%,"$155,985,129,976"
2018IDN,2018,Indonesia,"$1,042,271,531,011",1.22%,3.20%,103.20%,"$1,009,969,216,764"
2018IND,2018,India,"$2,701,111,782,774",3.17%,3.94%,103.94%,"$2,598,751,471,984"
2018IRL,2018,Ireland,"$385,967,106,117",0.45%,0.49%,100.49%,"$384,091,318,699"
2018IRN,2018,Iran,"$453,996,479,250",0.53%,18.01%,118.01%,"$384,696,751,233"
2018IRQ,2018,Iraq,"$212,271,807,144",0.25%,0.37%,100.37%,"$211,494,687,914"
2018ISL,2018,Iceland,"$26,224,228,693",0.03%,2.68%,102.68%,"$25,539,037,344"
2018ISR,2018,Israel,"$370,455,651,179",0.43%,0.82%,100.82%,"$367,452,375,111"
2018ITA,2018,Italy,"$2,091,117,091,124",2.45%,1.14%,101.14%,"$2,067,598,414,794"
2018JAM,2018,Jamaica,"$15,730,793,852",0.02%,3.74%,103.74%,"$15,164,163,820"
2018JOR,2018,Jordan,"$42,932,112,676",0.05%,4.46%,104.46%,"$41,098,183,862"
2018JPN,2018,Japan,"$4,954,806,619,995",5.82%,0.99%,100.99%,"$4,906,278,880,624"
2018KAZ,2018,Kazakhstan,"$179,339,994,859",0.21%,6.02%,106.02%,"$169,158,144,596"
2018KEN,2018,Kenya,"$87,778,582,964",0.10%,4.69%,104.69%,"$83,846,340,709"
2018KGZ,2018,Kyrgyzstan,"$8,271,106,196",0.01%,1.54%,101.54%,"$8,145,449,487"
2018KHM,2018,Cambodia,"$24,571,753,583",0.03%,2.46%,102.46%,"$23,982,015,403"
2018KIR,2018,Kiribati,"$196,737,895",0.00%,0.56%,100.56%,"$195,634,457"
2018KNA,2018,Saint Kitts and Nevis,"$1,010,822,222",0.00%,-1.04%,98.96%,"$1,021,415,549"
2018KOR,2018,South Korea,"$1,724,845,615,629",2.02%,1.48%,101.48%,"$1,699,759,890,312"
2018KWT,2018,Kuwait,"$138,182,400,493",0.16%,0.54%,100.54%,"$137,435,940,344"
2018LAO,2018,Laos,"$17,953,786,416",0.02%,2.04%,102.04%,"$17,594,783,738"
2018LBN,2018,Lebanon,"$54,961,275,741",0.06%,6.08%,106.08%,"$51,812,627,996"
2018LBR,2018,Liberia,"$3,264,000,000",0.00%,23.56%,123.56%,"$2,641,556,452"
2018LCA,2018,Saint Lucia,"$2,065,875,074",0.00%,1.94%,101.94%,"$2,026,646,913"
2018LKA,2018,Sri Lanka,"$87,954,272,082",0.10%,2.14%,102.14%,"$86,115,670,029"
2018LSO,2018,Lesotho,"$2,514,146,887",0.00%,4.75%,104.75%,"$2,400,098,914"
2018LTU,2018,Lithuania,"$53,696,648,755",0.06%,2.70%,102.70%,"$52,286,009,961"
2018LUX,2018,Luxembourg,"$70,885,325,883",0.08%,1.53%,101.53%,"$69,818,364,951"
2018LVA,2018,Latvia,"$34,399,206,589",0.04%,2.53%,102.53%,"$33,548,924,450"
2018MAC,2018,Macao,"$55,302,446,577",0.06%,3.00%,103.00%,"$53,689,369,376"
2018MDA,2018,Moldova,"$11,456,728,401",0.01%,3.05%,103.05%,"$11,118,174,002"
2018MDG,2018,Madagascar,"$13,614,412,550",0.02%,8.59%,108.59%,"$12,536,957,628"
2018MDV,2018,Maldives,"$5,299,773,143",0.01%,-0.13%,99.87%,"$5,306,851,070"
2018MEX,2018,Mexico,"$1,222,348,807,283",1.44%,4.90%,104.90%,"$1,165,258,703,213"
2018MKD,2018,Macedonia,"$12,679,934,731",0.01%,1.46%,101.46%,"$12,497,679,449"
2018MLI,2018,Mali,"$17,070,866,299",0.02%,0.30%,100.30%,"$17,019,883,831"
2018MLT,2018,Malta,"$14,864,712,990",0.02%,1.16%,101.16%,"$14,694,575,721"
2018MMR,2018,Myanmar,"$68,697,759,361",0.08%,6.87%,106.87%,"$64,280,211,935"
2018MNE,2018,Montenegro,"$5,506,767,831",0.01%,2.61%,102.61%,"$5,366,633,033"
2018MNG,2018,Mongolia,"$13,108,769,495",0.02%,6.81%,106.81%,"$12,272,699,690"
2018MOZ,2018,Mozambique,"$14,845,870,050",0.02%,3.91%,103.91%,"$14,287,055,532"
2018MRT,2018,Mauritania,"$5,234,817,927",0.01%,3.05%,103.05%,"$5,079,935,034"
2018MUS,2018,Mauritius,"$14,181,930,162",0.02%,3.22%,103.22%,"$13,740,042,983"
2018MWI,2018,Malawi,"$6,917,301,908",0.01%,12.42%,112.42%,"$6,153,078,588"
2018MYS,2018,Malaysia,"$358,715,057,123",0.42%,0.88%,100.88%,"$355,569,302,926"
2018NAM,2018,Namibia,"$13,681,065,175",0.02%,4.29%,104.29%,"$13,118,090,382"
2018NER,2018,Niger,"$9,290,938,457",0.01%,2.97%,102.97%,"$9,023,166,634"
2018NGA,2018,Nigeria,"$397,190,484,464",0.47%,12.09%,112.09%,"$354,334,658,705"
2018NIC,2018,Nicaragua,"$13,025,208,219",0.02%,4.95%,104.95%,"$12,411,196,861"
2018NLD,2018,Netherlands,"$913,597,086,062",1.07%,1.70%,101.70%,"$898,294,655,055"
2018NOR,2018,Norway,"$436,999,692,591",0.51%,2.76%,102.76%,"$425,242,455,879"
2018NPL,2018,Nepal,"$33,111,525,182",0.04%,4.06%,104.06%,"$31,819,291,755"
2018NZL,2018,New Zealand,"$212,225,726,657",0.25%,1.60%,101.60%,"$208,887,090,477"
2018OMN,2018,Oman,"$79,788,768,968",0.09%,0.88%,100.88%,"$79,091,731,871"
2018PAK,2018,Pakistan,"$314,567,541,558",0.37%,5.08%,105.08%,"$299,365,585,702"
2018PAN,2018,Panama,"$64,928,300,000",0.08%,0.76%,100.76%,"$64,437,557,507"
2018PER,2018,Peru,"$222,574,697,255",0.26%,1.51%,101.51%,"$219,265,640,565"
2018PHL,2018,Philippines,"$346,842,094,174",0.41%,5.31%,105.31%,"$329,355,470,639"
2018PLW,2018,Palau,"$280,435,700",0.00%,2.11%,102.11%,"$274,641,574"
2018PNG,2018,Papua New Guinea,"$24,109,509,852",0.03%,4.37%,104.37%,"$23,099,044,636"
2018POL,2018,Poland,"$587,408,980,271",0.69%,1.81%,101.81%,"$576,949,171,242"
2018PRT,2018,Portugal,"$242,194,788,533",0.28%,0.99%,100.99%,"$239,811,741,647"
2018PRY,2018,Paraguay,"$40,225,448,340",0.05%,3.98%,103.98%,"$38,687,388,590"
2018QAT,2018,Qatar,"$183,334,953,813",0.22%,0.26%,100.26%,"$182,867,151,509"
2018ROU,2018,Romania,"$241,457,403,085",0.28%,4.63%,104.63%,"$230,782,590,301"
2018RUS,2018,Russia,"$1,657,328,865,709",1.95%,2.88%,102.88%,"$1,610,960,630,411"
2018RWA,2018,Rwanda,"$9,640,280,084",0.01%,-0.31%,99.69%,"$9,670,375,274"
2018SAU,2018,Saudi Arabia,"$786,521,831,573",0.92%,2.46%,102.46%,"$767,651,861,964"
2018SDN,2018,Sudan,"$34,522,586,970",0.04%,63.29%,163.29%,"$21,141,562,176"
2018SEN,2018,Senegal,"$23,116,699,808",0.03%,0.46%,100.46%,"$23,010,624,135"
2018SGP,2018,Singapore,"$375,981,539,145",0.44%,0.44%,100.44%,"$374,339,610,305"
2018SLB,2018,Solomon Islands,"$1,574,599,182",0.00%,3.46%,103.46%,"$1,521,918,361"
2018SLE,2018,Sierra Leone,"$4,085,114,794",0.00%,16.03%,116.03%,"$3,520,655,497"
2018SLV,2018,El Salvador,"$26,020,850,000",0.03%,1.09%,101.09%,"$25,740,196,909"
2018SRB,2018,Serbia,"$50,640,650,221",0.06%,1.96%,101.96%,"$49,667,251,186"
2018STP,2018,Sao Tome and Principe.,"$412,253,809",0.00%,7.86%,107.86%,"$382,222,353"
2018SVK,2018,Slovakia,"$105,474,651,206",0.12%,2.51%,102.51%,"$102,888,008,472"
2018SVN,2018,Slovenia,"$54,135,187,443",0.06%,1.74%,101.74%,"$53,210,072,535"
2018SWE,2018,Sweden,"$555,455,371,487",0.65%,1.95%,101.95%,"$544,812,271,440"
2018SWZ,2018,Eswatini,"$4,665,424,249",0.01%,4.82%,104.82%,"$4,451,100,991"
2018SYC,2018,Seychelles,"$1,586,008,999",0.00%,3.70%,103.70%,"$1,529,377,402"
2018TCD,2018,Chad,"$11,239,167,048",0.01%,4.27%,104.27%,"$10,778,429,913"
2018TGO,2018,Togo,"$5,364,369,025",0.01%,0.93%,100.93%,"$5,315,036,425"
2018THA,2018,Thailand,"$506,611,070,188",0.59%,1.06%,101.06%,"$501,277,986,016"
2018TLS,2018,Timor Leste,"$2,581,000,000",0.00%,2.29%,102.29%,"$2,523,113,640"
2018TON,2018,Tonga,"$489,235,527",0.00%,5.03%,105.03%,"$465,796,210"
2018TTO,2018,Trinidad and Tobago,"$23,679,919,654",0.03%,1.02%,101.02%,"$23,441,155,243"
2018TUN,2018,Tunisia,"$39,770,478,673",0.05%,7.31%,107.31%,"$37,062,129,548"
2018TUR,2018,Turkey,"$778,377,023,568",0.91%,16.33%,116.33%,"$669,096,997,926"
2018TZA,2018,Tanzania,"$57,003,713,748",0.07%,3.49%,103.49%,"$55,079,000,925"
2018UGA,2018,Uganda,"$32,912,338,571",0.04%,2.62%,102.62%,"$32,070,808,556"
2018UKR,2018,Ukraine,"$130,901,858,421",0.15%,10.95%,110.95%,"$117,980,774,014"
2018URY,2018,Uruguay,"$64,515,038,268",0.08%,7.61%,107.61%,"$59,954,573,488"
2018USA,2018,the United States,"$20,611,860,934,000",24.20%,2.44%,102.44%,"$20,120,403,323,140"
2018VCT,2018,Saint Vincent and the Grenadines,"$811,300,000",0.00%,2.32%,102.32%,"$792,872,495"
2018VNM,2018,Vietnam,"$245,213,686,369",0.29%,3.54%,103.54%,"$236,830,758,393"
2018VUT,2018,Vanuatu,"$914,727,908",0.00%,2.33%,102.33%,"$893,891,618"
2018WSM,2018,Samoa,"$821,496,064",0.00%,4.20%,104.20%,"$788,403,165"
2018ZAF,2018,South Africa,"$368,288,939,768",0.43%,4.52%,104.52%,"$352,371,726,658"
2018ZMB,2018,Zambia,"$26,311,637,646",0.03%,7.49%,107.49%,"$24,477,177,940"
2018ZWE,2018,Zimbabwe,"$19,523,622,341",0.02%,10.62%,110.62%,"$17,649,450,831"
2019AFG,2019,Afghanistan,"$19,291,104,007",0.02%,2.30%,102.30%,"$18,856,946,846"
2019AGO,2019,Angola,"$89,417,190,341",0.10%,17.08%,117.08%,"$76,371,935,652"
2019ALB,2019,Albania,"$15,286,612,572",0.02%,1.41%,101.41%,"$15,073,906,072"
2019ARE,2019,United Arab Emirates,"$421,142,267,937",0.49%,-1.93%,98.07%,"$429,435,006,388"
2019ARM,2019,Armenia,"$13,672,802,157",0.02%,1.44%,101.44%,"$13,478,250,803"
2019ATG,2019,Antigua and Barbuda,"$1,661,962,962",0.00%,1.43%,101.43%,"$1,638,510,050"
2019AUS,2019,Australia,"$1,396,567,014,733",1.62%,1.61%,101.61%,"$1,374,428,167,375"
2019AUT,2019,Austria,"$445,075,391,688",0.52%,1.53%,101.53%,"$438,364,488,832"
2019AZE,2019,Azerbaijan,"$48,174,235,294",0.06%,2.61%,102.61%,"$46,948,608,156"
2019BDI,2019,Burundi,"$3,012,308,945",0.00%,-0.69%,99.31%,"$3,033,139,704"
2019BEL,2019,Belgium,"$533,254,518,108",0.62%,1.44%,101.44%,"$525,701,141,231"
2019BEN,2019,Benin,"$14,391,686,309",0.02%,-0.71%,99.29%,"$14,493,871,967"
2019BFA,2019,Burkina Faso,"$15,990,803,569",0.02%,-3.23%,96.77%,"$16,525,125,206"
2019BGD,2019,Bangladesh,"$302,563,398,919",0.35%,5.59%,105.59%,"$286,540,087,542"
2019BGR,2019,Bulgaria,"$68,558,815,111",0.08%,3.10%,103.10%,"$66,494,990,509"
2019BHR,2019,Bahrain,"$38,474,521,276",0.04%,1.01%,101.01%,"$38,091,390,435"
2019BHS,2019,Bahamas,"$13,578,800,000",0.02%,2.49%,102.49%,"$13,248,742,650"
2019BIH,2019,Bosnia and Herzegovina,"$20,202,479,537",0.02%,0.56%,100.56%,"$20,089,419,867"
2019BLR,2019,Belarus,"$64,409,647,193",0.07%,5.60%,105.60%,"$60,995,049,216"
2019BOL,2019,Bolivia,"$40,895,322,850",0.05%,1.84%,101.84%,"$40,156,623,667"
2019BRA,2019,Brazil,"$1,877,810,514,260",2.18%,3.73%,103.73%,"$1,810,234,876,923"
2019BRB,2019,Barbados,"$5,209,000,000",0.01%,4.10%,104.10%,"$5,003,828,537"
2019BRN,2019,Brunei,"$13,469,422,941",0.02%,-0.39%,99.61%,"$13,522,230,234"
2019BTN,2019,Bhutan,"$2,530,547,157",0.00%,2.73%,102.73%,"$2,463,399,300"
2019BWA,2019,Botswana,"$18,362,348,887",0.02%,2.77%,102.77%,"$17,866,923,326"
2019CAF,2019,Central Africa,"$2,220,307,318",0.00%,2.69%,102.69%,"$2,162,243,016"
2019CAN,2019,Canada,"$1,741,576,393,905",2.02%,1.95%,101.95%,"$1,708,277,470,332"
2019CHE,2019,Switzerland,"$731,474,367,940",0.85%,0.36%,100.36%,"$728,829,546,241"
2019CHL,2019,Chile,"$279,385,487,344",0.32%,2.56%,102.56%,"$272,418,268,208"
2019CHN,2019,China,"$14,279,937,467,431",16.55%,2.90%,102.90%,"$13,877,593,534,537"
2019CIV,2019,C ô te d'Ivoire,"$58,539,424,929",0.07%,-1.11%,98.89%,"$59,194,628,632"
2019CMR,2019,Cameroon,"$39,007,354,359",0.05%,2.45%,102.45%,"$38,073,487,053"
2019COG,2019,Congo (Brazzaville),"$12,693,562,947",0.01%,2.21%,102.21%,"$12,419,577,983"
2019COL,2019,Columbia,"$323,429,888,934",0.37%,3.53%,103.53%,"$312,415,696,256"
2019CPV,2019,Cape Verde,"$1,981,845,740",0.00%,1.11%,101.11%,"$1,960,153,374"
2019CRI,2019,Costa Rica,"$63,951,114,302",0.07%,2.10%,102.10%,"$62,638,188,829"
2019CUW,2019,Cura ç Ao,"$3,101,787,709",0.00%,2.62%,102.62%,"$3,022,530,673"
2019CYP,2019,Cyprus,"$24,949,065,263",0.03%,0.25%,100.25%,"$24,886,756,044"
2019CZE,2019,Czech,"$250,686,478,649",0.29%,2.85%,102.85%,"$243,744,925,514"
2019DEU,2019,Germany,"$3,861,123,558,039",4.48%,1.45%,101.45%,"$3,806,100,025,414"
2019DJI,2019,Djibouti,"$3,324,634,256",0.00%,3.32%,103.32%,"$3,217,826,432"
2019DMA,2019,Dominica,"$88,941,299,733",0.10%,1.50%,101.50%,"$87,622,904,881"
2019DMA,2019,Dominica,"$574,607,407",0.00%,1.50%,101.50%,"$566,089,885"
2019DNK,2019,Denmark,"$350,104,327,658",0.41%,0.76%,100.76%,"$347,470,047,521"
2019DZA,2019,Algeria,"$171,157,803,367",0.20%,1.95%,101.95%,"$167,881,152,402"
2019ECU,2019,Ecuador,"$108,108,009,000",0.13%,0.27%,100.27%,"$107,821,191,138"
2019EGY,2019,Egypt,"$303,080,865,603",0.35%,9.15%,109.15%,"$277,666,598,322"
2019ESP,2019,Spain,"$1,393,490,524,517",1.62%,0.70%,100.70%,"$1,383,810,507,178"
2019EST,2019,Estonia,"$31,471,100,656",0.04%,2.28%,102.28%,"$30,770,379,327"
2019ETH,2019,Ethiopia,"$95,912,590,628",0.11%,15.81%,115.81%,"$82,819,182,507"
2019FIN,2019,Finland,"$268,966,065,200",0.31%,1.02%,101.02%,"$266,239,522,412"
2019FJI,2019,Fiji Islands,"$5,496,250,694",0.01%,1.77%,101.77%,"$5,400,494,429"
2019FRA,2019,France,"$2,715,518,274,227",3.15%,1.11%,101.11%,"$2,685,753,281,268"
2019FSM,2019,Micronesia (Federated States of),"$408,060,600",0.00%,1.54%,101.54%,"$401,875,450"
2019GAB,2019,Gabon,"$16,874,450,215",0.02%,2.46%,102.46%,"$16,468,571,152"
2019GBR,2019,United Kingdom,"$2,830,813,507,746",3.28%,1.74%,101.74%,"$2,782,451,588,663"
2019GEO,2019,Georgia,"$17,477,255,562",0.02%,4.85%,104.85%,"$16,668,357,155"
2019GHA,2019,Garner,"$67,234,292,582",0.08%,7.14%,107.14%,"$62,751,547,886"
2019GIN,2019,Guinea,"$13,513,809,258",0.02%,9.47%,109.47%,"$12,344,672,556"
2019GMB,2019,Gambia,"$1,826,073,739",0.00%,7.12%,107.12%,"$1,704,767,969"
2019GNB,2019,Guinea Bissau,"$1,439,638,443",0.00%,0.25%,100.25%,"$1,436,097,024"
2019GNQ,2019,Equatorial Guinea,"$11,417,278,044",0.01%,1.24%,101.24%,"$11,277,582,784"
2019GRC,2019,Greece,"$205,326,724,570",0.24%,0.25%,100.25%,"$204,808,543,549"
2019GRD,2019,Grenada,"$1,211,403,703",0.00%,0.60%,100.60%,"$1,204,200,779"
2019GTM,2019,Guatemala,"$77,020,015,201",0.09%,3.70%,103.70%,"$74,271,964,416"
2019GUY,2019,Guyana,"$5,173,759,527",0.01%,2.09%,102.09%,"$5,067,979,102"
2019HKG,2019,Hong Kong,"$363,016,373,358",0.42%,2.88%,102.88%,"$352,843,168,984"
2019HND,2019,Honduras,"$25,089,976,946",0.03%,4.37%,104.37%,"$24,040,403,785"
2019HRV,2019,Croatia,"$60,752,588,976",0.07%,0.77%,100.77%,"$60,287,279,487"
2019HTI,2019,Haiti,"$8,498,981,820",0.01%,18.70%,118.70%,"$7,159,823,921"
2019HUN,2019,Hungary,"$163,503,650,313",0.19%,3.34%,103.34%,"$158,221,295,725"
2019IDN,2019,Indonesia,"$1,119,091,259,074",1.30%,3.03%,103.03%,"$1,086,173,820,281"
2019IND,2019,India,"$2,870,504,096,717",3.33%,3.73%,103.73%,"$2,767,297,574,955"
2019IRL,2019,Ireland,"$398,590,210,120",0.46%,0.94%,100.94%,"$394,882,091,632"
2019IRN,2019,Iran,"$258,245,497,664",0.30%,39.91%,139.91%,"$184,583,230,146"
2019IRQ,2019,Iraq,"$222,434,137,055",0.26%,-0.20%,99.80%,"$222,877,586,292"
2019ISL,2019,Iceland,"$24,836,714,771",0.03%,3.01%,103.01%,"$24,110,044,821"
2019ISR,2019,Israel,"$394,652,208,893",0.46%,0.84%,100.84%,"$391,348,721,978"
2019ITA,2019,Italy,"$2,004,913,357,800",2.32%,0.61%,100.61%,"$1,992,732,839,218"
2019JAM,2019,Jamaica,"$15,830,768,549",0.02%,3.91%,103.91%,"$15,235,795,498"
2019JOR,2019,Jordan,"$44,502,895,915",0.05%,0.76%,100.76%,"$44,166,561,346"
2019JPN,2019,Japan,"$5,064,872,875,604",5.87%,0.47%,100.47%,"$5,041,240,740,893"
2019KAZ,2019,Kazakhstan,"$181,667,190,075",0.21%,5.25%,105.25%,"$172,612,824,423"
2019KEN,2019,Kenya,"$95,503,088,538",0.11%,5.24%,105.24%,"$90,751,468,695"
2019KGZ,2019,Kyrgyzstan,"$8,871,019,822",0.01%,1.13%,101.13%,"$8,771,583,175"
2019KHM,2019,Cambodia,"$27,089,389,786",0.03%,1.94%,101.94%,"$26,573,185,721"
2019KIR,2019,Kiribati,"$194,647,201",0.00%,-1.81%,98.19%,"$198,241,477"
2019KNA,2019,Saint Kitts and Nevis,"$1,044,711,111",0.00%,-0.33%,99.67%,"$1,048,165,467"
2019KOR,2019,South Korea,"$1,646,739,219,509",1.91%,0.38%,100.38%,"$1,640,456,267,019"
2019KWT,2019,Kuwait,"$136,196,760,180",0.16%,1.09%,101.09%,"$134,725,759,632"
2019LAO,2019,Laos,"$18,245,925,331",0.02%,3.32%,103.32%,"$17,659,188,410"
2019LBN,2019,Lebanon,"$51,991,634,491",0.06%,3.01%,103.01%,"$50,474,673,943"
2019LCA,2019,Saint Lucia,"$2,122,450,629",0.00%,0.54%,100.54%,"$2,111,070,113"
2019LKA,2019,Sri Lanka,"$83,975,584,254",0.10%,3.53%,103.53%,"$81,113,577,975"
2019LSO,2019,Lesotho,"$2,366,213,068",0.00%,5.19%,105.19%,"$2,249,528,162"
2019LTU,2019,Lithuania,"$54,639,938,780",0.06%,2.33%,102.33%,"$53,393,463,369"
2019LUX,2019,Luxembourg,"$71,104,919,108",0.08%,1.74%,101.74%,"$69,886,571,992"
2019LVA,2019,Latvia,"$34,055,464,655",0.04%,2.81%,102.81%,"$33,124,207,634"
2019MAC,2019,Macao,"$55,153,707,948",0.06%,2.75%,102.75%,"$53,676,565,990"
2019MDA,2019,Moldova,"$11,968,699,005",0.01%,4.84%,104.84%,"$11,416,398,367"
2019MDG,2019,Madagascar,"$14,191,911,512",0.02%,5.61%,105.61%,"$13,437,972,148"
2019MDV,2019,Maldives,"$5,642,179,170",0.01%,0.22%,100.22%,"$5,629,791,954"
2019MEX,2019,Mexico,"$1,268,870,527,160",1.47%,3.64%,103.64%,"$1,224,353,506,024"
2019MKD,2019,Macedonia,"$12,547,086,168",0.01%,0.77%,100.77%,"$12,451,651,781"
2019MLI,2019,Mali,"$17,281,815,733",0.02%,-1.66%,98.34%,"$17,573,226,744"
2019MLT,2019,Malta,"$15,215,714,309",0.02%,1.64%,101.64%,"$14,969,899,573"
2019MMR,2019,Myanmar,"$79,844,294,296",0.09%,8.83%,108.83%,"$73,369,395,968"
2019MNE,2019,Montenegro,"$5,542,674,764",0.01%,0.36%,100.36%,"$5,522,706,661"
2019MNG,2019,Mongolia,"$13,996,719,329",0.02%,7.30%,107.30%,"$13,043,887,361"
2019MOZ,2019,Mozambique,"$15,291,448,211",0.02%,2.78%,102.78%,"$14,877,684,002"
2019MRT,2019,Mauritania,"$7,600,650,037",0.01%,2.30%,102.30%,"$7,429,758,705"
2019MUS,2019,Mauritius,"$14,046,337,854",0.02%,0.41%,100.41%,"$13,989,588,363"
2019MWI,2019,Malawi,"$7,666,704,427",0.01%,9.37%,109.37%,"$7,009,825,200"
2019MYS,2019,Malaysia,"$364,681,367,531",0.42%,0.66%,100.66%,"$362,279,843,914"
2019NAM,2019,Namibia,"$12,565,772,084",0.01%,3.72%,103.72%,"$12,114,811,066"
2019NER,2019,Niger,"$12,911,689,659",0.01%,-2.49%,97.51%,"$13,241,372,375"
2019NGA,2019,Nigeria,"$448,120,428,858",0.52%,11.40%,111.40%,"$402,274,077,076"
2019NIC,2019,Nicaragua,"$12,611,218,627",0.01%,5.38%,105.38%,"$11,967,795,258"
2019NLD,2019,Netherlands,"$907,050,863,145",1.05%,2.63%,102.63%,"$883,774,891,757"
2019NOR,2019,Norway,"$405,510,000,000",0.47%,2.17%,102.17%,"$396,906,146,265"
2019NPL,2019,Nepal,"$34,186,180,694",0.04%,5.57%,105.57%,"$32,382,879,960"
2019NZL,2019,New Zealand,"$209,127,454,522",0.24%,1.62%,101.62%,"$205,794,343,679"
2019OMN,2019,Oman,"$76,331,518,668",0.09%,0.13%,100.13%,"$76,229,527,328"
2019PAK,2019,Pakistan,"$278,221,906,022",0.32%,10.58%,110.58%,"$251,606,102,218"
2019PAN,2019,Panama,"$66,787,900,000",0.08%,-0.36%,99.64%,"$67,025,898,120"
2019PER,2019,Peru,"$228,470,919,605",0.26%,2.25%,102.25%,"$223,438,805,306"
2019PHL,2019,Philippines,"$376,823,278,560",0.44%,2.39%,102.39%,"$368,019,999,688"
2019PLW,2019,Palau,"$268,354,900",0.00%,0.27%,100.27%,"$267,639,287"
2019PNG,2019,Papua New Guinea,"$24,829,107,011",0.03%,3.93%,103.93%,"$23,890,526,374"
2019POL,2019,Poland,"$595,862,086,928",0.69%,2.23%,102.23%,"$582,878,589,857"
2019PRT,2019,Portugal,"$239,510,770,948",0.28%,0.34%,100.34%,"$238,703,527,155"
2019PRY,2019,Paraguay,"$37,906,944,074",0.04%,2.76%,102.76%,"$36,889,854,890"
2019QAT,2019,Qatar,"$175,837,550,996",0.20%,-0.67%,99.33%,"$177,017,623,271"
2019ROU,2019,Romania,"$249,696,854,574",0.29%,3.83%,103.83%,"$240,491,201,706"
2019RUS,2019,Russia,"$1,687,448,525,466",1.96%,4.47%,104.47%,"$1,615,241,316,993"
2019RWA,2019,Rwanda,"$10,355,974,217",0.01%,3.35%,103.35%,"$10,020,500,239"
2019SAU,2019,Saudi Arabia,"$792,966,838,160",0.92%,-2.09%,97.91%,"$809,921,188,367"
2019SDN,2019,Sudan,"$18,902,284,475",0.02%,50.99%,150.99%,"$12,518,562,345"
2019SEN,2019,Senegal,"$23,306,213,742",0.03%,1.76%,101.76%,"$22,903,441,791"
2019SGP,2019,Singapore,"$374,386,306,993",0.43%,0.57%,100.57%,"$372,281,943,958"
2019SLB,2019,Solomon Islands,"$1,570,215,577",0.00%,1.63%,101.63%,"$1,544,957,751"
2019SLE,2019,Sierra Leone,"$4,121,733,705",0.00%,14.80%,114.80%,"$3,590,264,716"
2019SLV,2019,El Salvador,"$26,896,660,000",0.03%,0.08%,100.08%,"$26,876,415,572"
2019SRB,2019,Serbia,"$51,475,016,532",0.06%,1.85%,101.85%,"$50,540,408,219"
2019SVK,2019,Slovakia,"$105,119,160,234",0.12%,2.66%,102.66%,"$102,390,892,113"
2019SVN,2019,Slovenia,"$54,174,227,308",0.06%,1.63%,101.63%,"$53,305,075,993"
2019SWE,2019,Sweden,"$531,283,304,459",0.62%,1.78%,101.78%,"$521,970,561,600"
2019SWZ,2019,Eswatini,"$4,471,598,726",0.01%,2.60%,102.60%,"$4,358,367,629"
2019SYC,2019,Seychelles,"$1,581,380,268",0.00%,2.07%,102.07%,"$1,549,237,246"
2019TCD,2019,Chad,"$11,314,951,342",0.01%,-0.97%,99.03%,"$11,426,005,162"
2019TGO,2019,Togo,"$5,490,272,413",0.01%,0.69%,100.69%,"$5,452,871,300"
2019THA,2019,Thailand,"$544,263,968,873",0.63%,0.71%,100.71%,"$540,444,493,068"
2019TLS,2019,Timor Leste,"$2,017,924,900",0.00%,0.96%,100.96%,"$1,998,760,529"
2019TON,2019,Tonga,"$512,350,059",0.00%,1.18%,101.18%,"$506,377,121"
2019TTO,2019,Trinidad and Tobago,"$23,208,326,547",0.03%,1.00%,101.00%,"$22,978,417,614"
2019TUN,2019,Tunisia,"$39,195,716,330",0.05%,6.72%,106.72%,"$36,727,594,325"
2019TUR,2019,Turkey,"$761,428,183,369",0.88%,15.18%,115.18%,"$661,094,978,130"
2019TZA,2019,Tanzania,"$61,136,873,747",0.07%,3.46%,103.46%,"$59,089,836,033"
2019UGA,2019,Uganda,"$35,170,037,380",0.04%,2.87%,102.87%,"$34,189,119,323"
2019UKR,2019,Ukraine,"$153,929,501,862",0.18%,7.89%,107.89%,"$142,676,972,191"
2019URY,2019,Uruguay,"$61,231,149,880",0.07%,7.88%,107.88%,"$56,757,527,937"
2019USA,2019,the United States,"$21,433,224,697,000",24.85%,1.81%,101.81%,"$21,051,723,247,350"
2019VCT,2019,Saint Vincent and the Grenadines,"$824,718,518",0.00%,0.91%,100.91%,"$817,256,397"
2019VNM,2019,Vietnam,"$261,921,244,843",0.30%,2.80%,102.80%,"$254,797,554,491"
2019VUT,2019,Vanuatu,"$930,337,960",0.00%,2.76%,102.76%,"$905,328,089"
2019WSM,2019,Samoa,"$852,250,190",0.00%,0.98%,100.98%,"$843,959,749"
2019ZAF,2019,South Africa,"$351,431,649,241",0.41%,4.12%,104.12%,"$337,524,797,703"
2019ZMB,2019,Zambia,"$23,308,688,906",0.03%,9.15%,109.15%,"$21,354,669,107"
2019ZWE,2019,Zimbabwe,"$16,932,434,838",0.02%,255.30%,355.30%,"$4,765,605,684"
2020ALB,2020,Albania,"$14,799,615,097",0.02%,1.62%,101.62%,"$14,563,556,361"
2020ARM,2020,Armenia,"$12,645,459,213",0.02%,1.21%,101.21%,"$12,494,101,201"
2020ATG,2020,Antigua and Barbuda,"$1,415,059,259",0.00%,0.63%,100.63%,"$1,406,256,240"
2020AUS,2020,Australia,"$1,330,900,925,056",1.72%,0.85%,100.85%,"$1,319,724,108,508"
2020AUT,2020,Austria,"$428,965,397,959",0.55%,1.38%,101.38%,"$423,118,281,433"
2020AZE,2020,Azerbaijan,"$42,607,176,470",0.05%,2.76%,102.76%,"$41,462,879,982"
2020BDI,2020,Burundi,"$3,258,187,232",0.00%,7.32%,107.32%,"$3,035,924,004"
2020BEL,2020,Belgium,"$515,332,499,627",0.66%,0.74%,100.74%,"$511,543,030,740"
2020BEN,2020,Benin,"$15,651,545,208",0.02%,3.02%,103.02%,"$15,192,323,622"
2020BFA,2020,Burkina Faso,"$17,369,059,295",0.02%,1.88%,101.88%,"$17,047,760,048"
2020BGD,2020,Bangladesh,"$324,239,176,765",0.42%,5.69%,105.69%,"$306,780,092,398"
2020BGR,2020,Bulgaria,"$69,105,101,089",0.09%,1.67%,101.67%,"$67,968,370,219"
2020BHS,2020,Bahamas,"$11,250,000,000",0.01%,0.04%,100.04%,"$11,245,668,045"
2020BIH,2020,Bosnia and Herzegovina,"$19,788,422,248",0.03%,-1.05%,98.95%,"$19,998,667,440"
2020BLR,2020,Belarus,"$60,258,239,055",0.08%,5.55%,105.55%,"$57,090,761,632"
2020BOL,2020,Bolivia,"$36,688,861,202",0.05%,0.94%,100.94%,"$36,346,930,307"
2020BRA,2020,Brazil,"$1,444,733,258,971",1.86%,3.21%,103.21%,"$1,399,775,710,110"
2020BRN,2020,Brunei,"$12,016,056,665",0.02%,1.94%,101.94%,"$11,787,344,467"
2020BTN,2020,Bhutan,"$2,409,262,838",0.00%,5.63%,105.63%,"$2,280,851,108"
2020BWA,2020,Botswana,"$15,781,732,825",0.02%,1.89%,101.89%,"$15,488,936,298"
2020CAF,2020,Central Africa,"$2,303,078,337",0.00%,1.71%,101.71%,"$2,264,354,332"
2020CAN,2020,Canada,"$1,643,407,977,068",2.12%,0.72%,100.72%,"$1,631,708,632,180"
2020CHE,2020,Switzerland,"$747,968,636,174",0.96%,-0.73%,99.27%,"$753,437,651,220"
2020CHL,2020,Chile,"$252,940,023,046",0.33%,3.05%,103.05%,"$245,464,426,405"
2020CHN,2020,China,"$14,722,730,697,890",18.99%,2.42%,102.42%,"$14,374,940,246,181"
2020CIV,2020,C ô te d'Ivoire,"$61,348,579,465",0.08%,2.43%,102.43%,"$59,896,095,222"
2020CMR,2020,Cameroon,"$39,802,147,568",0.05%,2.44%,102.44%,"$38,855,014,311"
2020COG,2020,Congo (Brazzaville),"$10,884,686,142",0.01%,1.80%,101.80%,"$10,692,712,237"
2020COL,2020,Columbia,"$271,346,896,626",0.35%,2.52%,102.52%,"$264,665,106,986"
2020CPV,2020,Cape Verde,"$1,703,698,676",0.00%,0.61%,100.61%,"$1,693,439,888"
2020CRI,2020,Costa Rica,"$61,520,669,890",0.08%,0.72%,100.72%,"$61,077,909,116"
2020CYP,2020,Cyprus,"$23,804,340,376",0.03%,-0.64%,99.36%,"$23,957,289,172"
2020CZE,2020,Czech,"$243,530,379,896",0.31%,3.16%,103.16%,"$236,067,586,417"
2020DEU,2020,Germany,"$3,806,060,140,124",4.91%,0.51%,100.51%,"$3,786,872,440,322"
2020DJI,2020,Djibouti,"$3,384,404,260",0.00%,1.78%,101.78%,"$3,325,300,115"
2020DMA,2020,Dominica,"$78,844,702,329",0.10%,-0.73%,99.27%,"$79,422,194,138"
2020DMA,2020,Dominica,"$469,870,370",0.00%,-0.73%,99.27%,"$473,311,898"
2020DNK,2020,Denmark,"$355,184,024,841",0.46%,0.42%,100.42%,"$353,695,983,487"
2020DZA,2020,Algeria,"$145,163,902,228",0.19%,2.42%,102.42%,"$141,740,679,228"
2020ECU,2020,Ecuador,"$98,808,010,000",0.13%,-0.34%,99.66%,"$99,143,981,583"
2020EGY,2020,Egypt,"$363,069,245,165",0.47%,5.04%,105.04%,"$345,632,326,259"
2020ESP,2020,Spain,"$1,281,199,091,016",1.65%,-0.32%,99.68%,"$1,285,347,589,139"
2020EST,2020,Estonia,"$31,029,968,591",0.04%,-0.44%,99.56%,"$31,168,522,366"
2020ETH,2020,Ethiopia,"$107,645,054,311",0.14%,20.36%,120.36%,"$89,438,618,834"
2020FIN,2020,Finland,"$271,233,883,403",0.35%,0.29%,100.29%,"$270,448,084,173"
2020FJI,2020,Fiji Islands,"$4,376,014,755",0.01%,-2.60%,97.40%,"$4,492,608,884"
2020FRA,2020,France,"$2,603,004,395,901",3.36%,0.48%,100.48%,"$2,590,659,931,044"
2020GAB,2020,Gabon,"$15,593,181,270",0.02%,1.18%,101.18%,"$15,411,813,239"
2020GBR,2020,United Kingdom,"$2,707,743,777,173",3.49%,0.99%,100.99%,"$2,681,213,525,829"
2020GEO,2020,Georgia,"$15,891,688,903",0.02%,5.20%,105.20%,"$15,105,814,222"
2020GHA,2020,Garner,"$72,354,428,864",0.09%,9.89%,109.89%,"$65,844,220,157"
2020GIN,2020,Guinea,"$15,681,050,917",0.02%,10.60%,110.60%,"$14,177,926,951"
2020GMB,2020,Gambia,"$1,901,930,157",0.00%,5.93%,105.93%,"$1,795,437,780"
2020GNQ,2020,Equatorial Guinea,"$10,021,856,754",0.01%,4.77%,104.77%,"$9,565,605,588"
2020GRC,2020,Greece,"$189,410,106,620",0.24%,-1.25%,98.75%,"$191,803,786,333"
2020GRD,2020,Grenada,"$1,089,203,703",0.00%,-0.74%,99.26%,"$1,097,331,999"
2020GTM,2020,Guatemala,"$77,604,632,170",0.10%,3.21%,103.21%,"$75,187,766,075"
2020GUY,2020,Guyana,"$5,471,256,594",0.01%,0.99%,100.99%,"$5,417,443,126"
2020HKG,2020,Hong Kong,"$346,585,881,503",0.45%,0.25%,100.25%,"$345,718,259,971"
2020HND,2020,Honduras,"$23,827,840,809",0.03%,3.47%,103.47%,"$23,029,096,899"
2020HRV,2020,Croatia,"$55,966,581,780",0.07%,0.15%,100.15%,"$55,880,073,071"
2020HTI,2020,Haiti,"$13,417,997,065",0.02%,22.80%,122.80%,"$10,927,035,932"
2020HUN,2020,Hungary,"$155,012,927,629",0.20%,3.33%,103.33%,"$150,022,077,384"
2020IDN,2020,Indonesia,"$1,058,423,838,345",1.36%,1.92%,101.92%,"$1,038,475,064,604"
2020IND,2020,India,"$2,622,983,732,006",3.38%,6.62%,106.62%,"$2,460,044,256,045"
2020IRL,2020,Ireland,"$418,621,818,482",0.54%,-0.33%,99.67%,"$420,027,164,796"
2020IRN,2020,Iran,"$191,718,271,483",0.25%,30.59%,130.59%,"$146,804,652,102"
2020IRQ,2020,Iraq,"$167,224,432,560",0.22%,0.57%,100.57%,"$166,269,773,574"
2020ISL,2020,Iceland,"$21,714,670,569",0.03%,2.85%,102.85%,"$21,113,377,617"
2020ISR,2020,Israel,"$401,953,804,837",0.52%,-0.59%,99.41%,"$404,333,022,856"
2020ITA,2020,Italy,"$1,886,445,268,340",2.43%,-0.14%,99.86%,"$1,889,046,628,624"
2020JAM,2020,Jamaica,"$13,812,421,803",0.02%,5.23%,105.23%,"$13,126,337,319"
2020JOR,2020,Jordan,"$43,697,659,275",0.06%,0.33%,100.33%,"$43,552,501,249"
2020KAZ,2020,Kazakhstan,"$169,835,426,427",0.22%,6.75%,106.75%,"$159,097,905,838"
2020KEN,2020,Kenya,"$98,842,939,649",0.13%,5.40%,105.40%,"$93,774,596,499"
2020KGZ,2020,Kyrgyzstan,"$7,735,976,612",0.01%,6.33%,106.33%,"$7,275,754,374"
2020KHM,2020,Cambodia,"$25,291,251,427",0.03%,2.94%,102.94%,"$24,568,854,589"
2020KNA,2020,Saint Kitts and Nevis,"$927,451,851",0.00%,-1.17%,98.83%,"$938,405,341"
2020KOR,2020,South Korea,"$1,630,525,005,469",2.10%,0.54%,100.54%,"$1,621,811,208,092"
2020LAO,2020,Laos,"$19,136,194,848",0.02%,5.10%,105.10%,"$18,206,901,378"
2020LBN,2020,Lebanon,"$33,383,246,857",0.04%,84.86%,184.86%,"$18,058,241,039"
2020LCA,2020,Saint Lucia,"$1,703,364,240",0.00%,-1.76%,98.24%,"$1,733,806,560"
2020LKA,2020,Sri Lanka,"$80,706,600,228",0.10%,6.15%,106.15%,"$76,027,885,882"
2020LSO,2020,Lesotho,"$1,844,510,137",0.00%,4.98%,104.98%,"$1,757,042,844"
2020LTU,2020,Lithuania,"$55,887,271,833",0.07%,1.20%,101.20%,"$55,224,634,508"
2020LUX,2020,Luxembourg,"$73,263,982,103",0.09%,0.82%,100.82%,"$72,668,134,429"
2020LVA,2020,Latvia,"$33,505,185,228",0.04%,0.22%,100.22%,"$33,431,947,564"
2020MAR,2020,Morocco,"$112,870,591,694",0.15%,0.71%,100.71%,"$112,079,346,631"
2020MDA,2020,Moldova,"$11,914,040,905",0.02%,3.77%,103.77%,"$11,481,645,442"
2020MDG,2020,Madagascar,"$13,720,634,105",0.02%,4.20%,104.20%,"$13,167,368,520"
2020MDV,2020,Maldives,"$4,030,203,166",0.01%,-1.37%,98.63%,"$4,086,174,533"
2020MEX,2020,Mexico,"$1,076,163,316,174",1.39%,3.40%,103.40%,"$1,040,808,768,429"
2020MKD,2020,Macedonia,"$12,266,949,805",0.02%,1.20%,101.20%,"$12,121,483,100"
2020MLI,2020,Mali,"$17,393,761,397",0.02%,0.44%,100.44%,"$17,317,893,620"
2020MLT,2020,Malta,"$14,647,384,607",0.02%,0.64%,100.64%,"$14,554,447,914"
2020MNE,2020,Montenegro,"$4,778,582,336",0.01%,-0.26%,99.74%,"$4,790,830,367"
2020MNG,2020,Mongolia,"$13,137,128,659",0.02%,3.69%,103.69%,"$12,669,232,464"
2020MOZ,2020,Mozambique,"$14,021,421,105",0.02%,3.14%,103.14%,"$13,594,329,247"
2020MRT,2020,Mauritania,"$7,778,525,642",0.01%,2.39%,102.39%,"$7,597,277,775"
2020MUS,2020,Mauritius,"$10,914,065,306",0.01%,2.58%,102.58%,"$10,639,481,486"
2020MWI,2020,Malawi,"$11,961,848,552",0.02%,8.63%,108.63%,"$11,012,006,328"
2020MYS,2020,Malaysia,"$336,664,444,247",0.43%,-1.14%,98.86%,"$340,542,205,678"
2020NAM,2020,Namibia,"$10,699,926,682",0.01%,2.21%,102.21%,"$10,468,634,517"
2020NER,2020,Niger,"$13,678,234,008",0.02%,2.90%,102.90%,"$13,292,977,756"
2020NGA,2020,Nigeria,"$432,293,776,262",0.56%,13.25%,113.25%,"$381,729,762,484"
2020NIC,2020,Nicaragua,"$12,621,476,263",0.02%,3.68%,103.68%,"$12,173,278,849"
2020NLD,2020,Netherlands,"$912,242,335,119",1.18%,1.27%,101.27%,"$900,780,263,177"
2020NOR,2020,Norway,"$362,008,956,544",0.47%,1.29%,101.29%,"$357,410,566,144"
2020NPL,2020,Nepal,"$33,657,175,561",0.04%,5.05%,105.05%,"$32,038,474,396"
2020NZL,2020,New Zealand,"$212,482,013,605",0.27%,1.71%,101.71%,"$208,900,289,254"
2020PAK,2020,Pakistan,"$263,686,552,686",0.34%,9.74%,109.74%,"$240,283,004,531"
2020PAN,2020,Panama,"$52,938,100,000",0.07%,-1.55%,98.45%,"$53,771,709,590"
2020PER,2020,Peru,"$202,014,363,787",0.26%,2.00%,102.00%,"$198,048,614,451"
2020PHL,2020,Philippines,"$361,489,354,350",0.47%,2.39%,102.39%,"$353,040,521,361"
2020PNG,2020,Papua New Guinea,"$23,591,523,025",0.03%,4.87%,104.87%,"$22,495,610,233"
2020POL,2020,Poland,"$594,164,690,894",0.77%,3.37%,103.37%,"$574,769,275,691"
2020PRT,2020,Portugal,"$231,255,587,276",0.30%,-0.01%,99.99%,"$231,284,355,187"
2020PRY,2020,Paraguay,"$35,304,238,230",0.05%,1.77%,101.77%,"$34,691,068,078"
2020QAT,2020,Qatar,"$146,373,588,866",0.19%,-2.54%,97.46%,"$150,188,859,025"
2020ROU,2020,Romania,"$248,715,551,366",0.32%,2.63%,102.63%,"$242,339,423,943"
2020RUS,2020,Russia,"$1,483,497,784,867",1.91%,3.38%,103.38%,"$1,434,971,922,369"
2020RWA,2020,Rwanda,"$10,333,991,891",0.01%,9.85%,109.85%,"$9,407,332,138"
2020SAU,2020,Saudi Arabia,"$700,117,873,249",0.90%,3.45%,103.45%,"$676,799,044,661"
2020SDN,2020,Sudan,"$26,110,829,190",0.03%,150.32%,250.32%,"$10,430,866,516"
2020SEN,2020,Senegal,"$24,910,904,235",0.03%,2.55%,102.55%,"$24,292,079,388"
2020SGP,2020,Singapore,"$339,998,477,929",0.44%,-0.18%,99.82%,"$340,618,119,058"
2020SLB,2020,Solomon Islands,"$1,551,245,525",0.00%,2.96%,102.96%,"$1,506,596,777"
2020SLE,2020,Sierra Leone,"$3,865,018,882",0.00%,13.45%,113.45%,"$3,406,894,546"
2020SLV,2020,El Salvador,"$24,638,720,000",0.03%,-0.37%,99.63%,"$24,730,616,550"
2020SRB,2020,Serbia,"$52,960,134,078",0.07%,1.58%,101.58%,"$52,138,672,144"
2020SUR,2020,Suriname,"$3,807,922,874",0.00%,34.89%,134.89%,"$2,822,922,101"
2020SVK,2020,Slovakia,"$104,574,146,248",0.13%,1.94%,101.94%,"$102,587,094,480"
2020SVN,2020,Slovenia,"$52,880,473,699",0.07%,-0.05%,99.95%,"$52,909,498,165"
2020SWE,2020,Sweden,"$537,609,865,719",0.69%,0.50%,100.50%,"$534,949,203,209"
2020SYC,2020,Seychelles,"$1,124,937,500",0.00%,8.28%,108.28%,"$1,038,945,459"
2020TCD,2020,Chad,"$10,093,118,570",0.01%,4.46%,104.46%,"$9,661,801,789"
2020TGO,2020,Togo,"$7,574,635,241",0.01%,1.83%,101.83%,"$7,438,690,174"
2020THA,2020,Thailand,"$501,794,961,925",0.65%,-0.85%,99.15%,"$506,076,047,200"
2020TTO,2020,Trinidad and Tobago,"$21,529,824,769",0.03%,0.60%,100.60%,"$21,401,631,919"
2020TUN,2020,Tunisia,"$39,235,672,868",0.05%,5.63%,105.63%,"$37,142,981,164"
2020TUR,2020,Turkey,"$720,101,212,394",0.93%,12.28%,112.28%,"$641,350,105,798"
2020TZA,2020,Tanzania,"$62,409,748,426",0.08%,3.29%,103.29%,"$60,421,698,929"
2020UGA,2020,Uganda,"$37,372,032,557",0.05%,3.79%,103.79%,"$36,005,819,549"
2020UKR,2020,Ukraine,"$155,582,008,717",0.20%,2.73%,102.73%,"$151,443,818,354"
2020URY,2020,Uruguay,"$53,628,827,440",0.07%,9.76%,109.76%,"$48,861,683,084"
2020USA,2020,the United States,"$20,936,600,000,000",27.00%,1.23%,101.23%,"$20,681,476,532,631"
2020VCT,2020,Saint Vincent and the Grenadines,"$809,681,481",0.00%,-0.63%,99.37%,"$814,799,492"
2020VNM,2020,Vietnam,"$271,158,442,059",0.35%,3.22%,103.22%,"$262,697,139,608"
2020VUT,2020,Vanuatu,"$854,793,640",0.00%,5.33%,105.33%,"$811,543,633"
2020WSM,2020,Samoa,"$807,027,244",0.00%,-1.57%,98.43%,"$819,890,610"
2020ZAF,2020,South Africa,"$301,923,639,269",0.39%,3.21%,103.21%,"$292,533,217,741"
2020ZMB,2020,Zambia,"$19,320,053,859",0.02%,15.73%,115.73%,"$16,693,702,846"
2020ZWE,2020,Zimbabwe,"$16,768,513,442",0.02%,557.20%,657.20%,"$2,551,501,380"